agent_id,start_time,end_time,duration_min,distance_m,nodes_walked,edges_walked,vulnerable
227,Day1 00:00,Day1 00:40,40,1490.0,6092;6096;6278;6279;6280;6464;6465;6466;6467;6470;6472;6474;6650;6655;6654;6660,833;42776;42774;42772;42771;42769;42768;42766;31659;31660;1803;1801;300;43834;24972,false
16,Day1 00:00,Day1 01:00,60,1532.4,6005;5824;6000;5999;5998;7504;6174;6173;6176;6175;6172;6346;6344;6343;6342;6525;6523;6522;6520,36555;31723;31724;43790;43789;43785;43781;19365;20566;20565;20564;3269;25622;2163;42821;27881;27882;8294,false
192,Day1 00:00,Day1 01:00,60,1887.1,2070;1894;2073;2074;2075;2259;2260;2261;2262;2438;2440;2609;2610;2611;2795;2797;2798;2984;2807,35402;11725;41722;8356;16530;34781;26138;6769;24251;24253;24254;41724;41725;14753;38543;41728;1176;16169,false
197,Day1 00:00,Day1 01:00,60,2115.8,1145;1310;1135;1134;1131;1125;1616;1614;1758;7266;1755;1754,22474;21504;21502;21509;21508;41977;32451;32450;9274;28078;22204,false
44,Day1 00:00,Day1 01:00,60,3391.3,1235;1234;1057;546;547;362;361;212;210;207;43;38;34;31,2298;2802;4708;2686;26794;26800;2677;26815;26816;37630;10710;34167;7245,false
33,Day1 00:00,Day1 01:20,80,3029.7,3955;3957;3956;4167;4165;4331;4535;4536;4737;4736;4738;4740;4924;4926;4928;5089;5088;5234;5414;5412;5411;5415;5420;5418;5603;5604;5606;5607;5793,21656;2870;27158;2854;3723;42610;42611;29240;29239;36140;827;21863;21864;17494;32661;32662;230;9875;7788;7789;25533;25534;40255;3267;5795;32362;32363;32364,true
216,Day1 00:00,Day1 01:20,80,1747.0,6169;6168;6164;6341;6342;6526;6527;6700;6701;6706;6709;6711;6713;6715;6879;6880;6881;6882;6883;6887,25614;9892;27883;42341;36551;36549;36548;17;331;16341;2362;35332;35331;35328;31668;16027;16026;43375;41422,false
9,Day1 00:00,Day1 01:20,80,3400.2,5850;5849;5847;6013;5843;5840;5838;6009;6008;6006;6188;6187;6183;6182;6180;6350;6349;6534;6532;6531;6703;6700;6524;6695;6516;6510;6507;6505;6691;6690;6687;6683,1461;33893;9633;24308;41355;41354;21652;21653;21654;27096;27098;36659;36661;36662;36664;36665;13554;36669;42818;42819;14921;80;35312;35311;35309;35308;35307;6664;34805;34809;34810,false
258,Day1 00:00,Day1 01:20,80,3231.0,5983;5981;5980;5808;5807;5631;5630;5629;5445;5444;5442;5440;5439;5243;5244;5241;7485;5096;7476;4936;7470;7468;4756;4545;4542;4540;4538;4332;4334,20624;212;20890;20889;335;2835;31190;2103;27560;27559;27557;27556;21027;21026;41248;41251;18076;41916;33758;33757;15715;15537;1406;29705;113;17845;17544;17545,false
234,Day1 00:00,Day1 01:20,80,2727.1,4661;4459;4656;4654;4652;4650;4648;4643;4642;4641;4449;4446;4445;4443;4442;4441;4439;4438;4248;4436;4435;4246;4244;4243;4242;4241;4240;4239;4237;4072;4071;4070;4069;3869,4368;9451;5204;5831;41117;15450;31990;28419;28418;28417;4633;17408;17409;25664;25663;25662;25661;25660;17406;42260;2180;28775;28774;28773;28772;28770;17402;17403;28738;28749;28748;28747;28746,false
73,Day1 00:00,Day1 01:20,80,2936.7,6622;6441;6257;6258;6074;5879;5689;5690;5498;5495;5496;5494;5493;5499;5500,1239;13738;2396;1034;12121;22880;1029;22839;10052;566;565;24062;21302;21301,false
56,Day1 00:00,Day1 01:40,100,1220.7,4732;4919;4733;4917;4915;4912;4910;5065;5063;5062;5061,19070;21865;5097;9139;2161;20492;43563;43567;20250;17660,false
164,Day1 00:00,Day1 01:40,100,1876.8,2435;2433;7312;7310;2429;2428;2425;2247;2245;2050;2048;2046;2234;2233,25214;25215;26117;26116;2399;9491;36415;36414;35934;14510;25977;17917;14574,false
259,Day1 00:00,Day1 01:40,100,2508.8,7515;6301;6302;6305;6144;6311;6313;6314;6318;6320;6322;6502;6503;6504;6506;6509;6514;6330;6332;6334;6341;6343;6344;6346;6172;6175;6176;6178,38401;11648;20932;20931;38367;38372;38373;38384;11634;38382;22929;22930;4681;20485;20486;20408;20214;20215;20216;9896;13893;25622;3269;20564;20565;20566;43793,false
224,Day1 00:00,Day1 01:40,100,3290.7,608;611;614;613;612;778;947;946;948;1114;1115;7226;1293;1295;1463;1465;1466;1467;1618;1619;1621;1767;1946;1948;2130;2131;2132;2315,25526;1117;2107;25985;34182;35066;25539;25543;3110;18312;42995;42994;42993;33445;33448;33449;33450;35498;2350;29161;37957;37958;37779;25729;10226;36992;42945,false
108,Day1 00:00,Day1 01:40,100,1971.0,6761;6759;6756;6754;6750;6748;6746;6565;6566;6567;6568;6564;6563;6561;6560;6385;6384;6382,38047;38035;38036;38037;38045;11195;11058;18687;10066;10065;24123;24122;7258;2987;4154;31542;43899,false
64,Day1 00:00,Day1 01:40,100,2694.0,2231;2232;2413;2412;2588;2587;2589;2765;2767;2958;2957;3118;3119;7371;7388;3477;3478;3480;3481;3482;3678;3850;3849;3848;4040;4041,25371;31198;31200;31201;14567;14568;21603;21456;3560;21452;20043;23895;1191;28685;39514;28655;28672;28656;13130;17426;17429;23266;23267;23268;3446,false
281,Day1 00:00,Day1 01:40,100,4081.3,5155;5156;5159;4998;4997;4835;4838;4840;4843;4619;4620;4622;4623;4624;4435;4436;4248;4249;4083;4084;3891;3893;4086;4088;4089;3899;3898,6981;13233;28347;28346;37;720;35457;35458;27511;27510;27512;27513;1617;3591;42260;17406;35;24471;11921;9434;1072;22978;22980;6266;8110;11439,false
284,Day1 00:00,Day1 01:40,100,2385.3,245;243;242;241;402;401;400;399;614;613;612;778;944;942;940;939;7212;1452;1451,25504;39255;17315;40038;34160;34157;34155;25528;2107;25985;34182;36348;21783;21782;17204;23720;23722;3848,false
211,Day1 00:00,Day1 01:40,100,2683.7,1810;1997;7357;3089;3248;3247;7385;3431;3430;3624;3623;3622;3808;3809;4004;7450,16804;811;16784;16780;20562;20563;18203;28218;28219;28220;16771;4772;40545;40546;13626,false
10,Day1 00:00,Day1 01:40,100,3357.7,894;895;1070;1251;1252;1418;1570;1568;1723;1722;1881;1880;1879;2056;2055;2054;2053;2245;2244;2424;2423;2604;2605;2780;2784;2974;2975;2979;3132;3303;3302;3301,29791;29122;29123;25972;16525;21533;21535;32843;32844;32835;32836;32837;32838;32839;32840;32841;11753;22486;22487;17959;42690;21439;42692;17963;42698;42700;42694;42697;36583;36582;36581,false
297,Day1 00:00,Day1 01:40,100,3278.6,384;383;382;381;379;377;371;370;368;366;365;363;223;7178;219;218;215;58;57;61;59;67;70,8072;43112;43111;27471;27469;18450;9513;22420;22528;924;15297;3377;26789;16178;6315;5983;320;14123;886;2425;37265;28300,false
20,Day1 00:00,Day1 01:40,100,1461.5,4662;7463;4658;4659;4661;4464;4466;4275;4276;4110;4108;4106;7423;3909;3726;3727;3725,41319;19413;30109;407;21207;21208;4635;41968;9672;24258;15998;43861;43849;34636;7489;34640,true
242,Day1 00:00,Day1 02:00,120,3003.5,6878;7546;6861;6858;6855;7045;6842;6839,135;41311;41310;41309;134;30314;4166,false
142,Day1 00:00,Day1 02:00,120,2540.1,2996;2994;2993;2807;2984;2798;2797;2795;2611;2610;2609;2440;2438;2262;2261;2260;2259;2075;2074;2073;1894;1893;1891;1890;1888;1887;1885,36429;4770;34047;16169;1176;41728;38543;14753;41725;41724;24254;24253;24251;6769;26138;34781;16530;8356;41722;11725;35399;16528;11726;20784;20782;20780,true
52,Day1 00:00,Day1 02:00,120,2721.2,5029;5030;5189;5194;5197;5195;5196;5199;7490;5352;5355;5357;5360;5363;5365;5562;5566;5567;5377;5380;5382;5387;5392;5397;5401;5403;5590,32377;32375;37913;37912;9525;9528;7517;20241;10096;15862;36588;36589;36590;9716;1889;20;27393;27392;16995;43447;43450;41992;8616;35336;13871;20995,false
185,Day1 00:00,Day1 02:00,120,2710.4,3021;3024;3025;2851;2852;2853;2854;2661;2662;2493;2495;2496;2499;2500;2501;2502;2503;2321;2504;2507;2511;2512;2514;2679;2681;2683;2684;2520;2518,42013;26018;26017;26015;26014;26013;26012;26011;526;13416;43968;36906;28027;28028;28029;28030;16098;42942;42941;42938;42937;42936;26569;26567;18292;20136;621;1290,false
132,Day1 00:00,Day1 02:00,120,3758.8,7050;7040;7029;7047;7045;6855;6860;7545;7084;7082;7083;7085;7088;7090,10029;18818;25561;13430;134;16893;25586;2151;2852;1634;31514;41093;41094,false
5,Day1 00:00,Day1 02:20,140,2293.7,3370;3558;3557;3553;3734;3740;3922;3921;3923;4121;4289;4292;4296;4494;4493;4684;4685;4686;4687;4883;4884;4882;4881;5043;5042,42226;33664;15192;7591;30498;36416;191;41257;9492;3682;28275;16959;15491;15508;657;4061;12604;41130;15481;43553;2622;1948;416;35982,false
24,Day1 00:00,Day1 02:20,140,2694.8,77;69;62;59;61;57;58;215;214;357;356;213;543;542,3416;10468;10470;2425;886;14123;320;26021;16632;26903;26902;26895;26893,false
140,Day1 00:00,Day1 02:20,140,3448.4,4864;4866;4867;4868;4869;4871;7467;4670;4476;4678;4680;4682;4684;4493;4494;4498;4500;4504;4506;4507;4510;4514;4516;4517;4518;4520;4521;4523;4317;4318;4319;4320;4323;4324;4151;4152;4155;4154,21193;458;30134;4330;21109;20387;21206;21204;21417;414;25844;2560;657;15508;32894;32893;394;30201;30204;21396;27779;17654;38004;17007;19061;30009;12755;2825;3113;21214;21213;21200;9731;5111;5110;6525;4934,false
180,Day1 00:00,Day1 02:20,140,3000.3,747;748;917;918;919;921;922;930;1281;1446;1445;1448;1451;1453;1454;1456;1605;1608;1755;7266;7267,29125;3776;39444;39443;39437;39438;27958;21308;598;7356;267;14862;41486;41487;41489;42238;28076;28077;28078;28079,false
47,Day1 00:00,Day1 02:20,140,4051.1,7102;7095;7094;7091;7087;7085;7083;7082;7084;7545;6860;6855;6842;7020;7013;7002;7001,596;31370;25588;24002;24504;31514;1634;2852;2151;25586;16893;15805;41905;24138;34858;24579,false
163,Day1 00:00,Day1 02:20,140,2536.2,3049;3052;3055;3057;3059;3210;3401;3402;3403;7397;3592;3593;3594;3792;3790;3791;3985;3986;4200;4201;4380,17143;19151;27181;27178;1160;17185;17184;42133;42131;16901;7756;3352;21776;21775;21774;975;22684;2378;17598;969,false
155,Day1 00:00,Day1 02:20,140,3071.5,1448;1595;1746;1747;1908;1907;1906;1909;2089;2284;2285;2463;2464;2467;2469;2640;2641;2831;2833;3011;3171;3174;3175;3547;3549;3548;3546;3543,17675;31463;31465;23099;23100;33824;24671;1701;23097;2967;4197;29929;29926;29924;29922;29921;23104;23106;7364;17040;24059;24057;11027;13256;3466;4137;21662,false
212,Day1 00:00,Day1 02:20,140,3689.9,2705;2704;2522;2523;2342;2164;2165;2163;1986;7280;1798;1797;1796;1657;1495;1494;1332;7234;7232;7230;7228;837;836;832;830;829;828;823;821;820;819,22918;1503;41685;21367;21368;21369;16437;27197;27196;27195;24052;24051;18278;38681;38682;38685;16255;11890;787;16251;786;16248;12292;34585;16244;41562;12351;22108;41555;13974,false
39,Day1 00:00,Day1 03:00,180,3729.2,1902;1903;1904;2271;2270;2269;2448;2447;2613;2612;2795;2794;2793;3135;3137;3319;3318;3316;3314;3313;3495;3494;3492;4066;4067;3866;3867;3869;3870,25760;25761;27887;11742;34473;34474;34475;34476;3972;26728;39995;8391;16577;24901;3683;1988;1074;31301;31300;11376;41996;8239;1023;23356;23358;28742;28743;29539,false
30,Day1 00:00,Day1 03:20,200,3030.7,2369;2367;1821;1363;1364;1192;1029;1030;1031;686;863;689;688;519;520;521;338;341;342,4059;1217;32587;26214;26215;26216;26219;26220;26222;39744;13470;41708;36835;36836;36837;36840;36841;34399,false
189,Day1 00:00,Day1 03:40,220,2368.8,177;176;179;184;185;189;192;194;190;188;348;346;530;529;531;533;696;697;1046;1047,28999;26308;26310;26312;27992;37651;14135;40174;28463;28460;27982;18404;23634;23636;23635;24604;1317;24608;43069,false
252,Day1 00:00,Day1 03:40,220,1157.9,272;267;259;255;248;249;250;240;238,4366;30141;908;6861;41534;41533;3808;12784,false
139,Day1 00:00,Day1 03:40,220,1578.9,22;20;18;17;16;13;7;6;5;175;174;172;171;168;167;333;334,34151;34080;34078;29335;29338;3882;26315;43050;43052;26260;26262;28995;28994;28993;43041;32043,false
84,Day1 00:00,Day1 04:00,240,2950.1,5218;5217;5375;5373;5370;5562;5563;5744;5939;5940;5941;6118;6113;6112;6110;6106;6102;6096;6092;6091;6089;5918,32;13393;39326;39325;34665;28333;28334;28335;32603;163;43823;43822;43821;19446;19448;20761;20760;833;832;16513;43431,false
12,Day1 00:00,Day1 04:00,240,3638.8,6974;6983;6990;6998;6999;6996;7004;6988;6984;6975;6994;7006;7030;7035,739;36791;10055;4801;4800;21952;33809;33810;1024;1284;33033;36799;13214,false
292,Day1 00:00,Day1 04:00,240,1484.2,5175;5176;5178;5179;5183;5186;5340;5190;5193;5196;5199;7490;5352;5355;5357;5360;5363;5365,36170;9147;3650;36167;36168;40877;41408;20310;32369;7517;20241;10096;15862;36588;36589;36590;9716,false
112,Day1 00:00,Day1 04:20,260,2724.0,2537;2539;2719;2720;2721;2926;2928;3085;3244;7382;7403;3613;3612;3805;4001;4000;4206;4204;4203;4201;4380;4381;4578;4579,32333;32332;32331;7050;5761;28166;1040;22916;4691;7755;3359;22889;22886;30676;30675;42391;42388;42385;42383;969;42379;42403;21086,false
213,Day1 00:00,Day1 04:20,260,2860.8,3050;3048;3040;3196;3195;3384;3383;3382;3380;3379;3184;3183;3182;3180;3020;3019;3363;3175;3174;3171,27084;27082;27080;32695;32694;326;41454;9365;35431;35430;171;20516;20517;37962;6747;1148;2159;24057;24059,true
177,Day1 00:00,Day1 04:20,260,2825.7,2580;2582;2763;2586;2587;2589;2591;2769;2771;2774;2775;2776;2777;2970;2972;3127;3129;3130;3133;7376;3310;3311;3312;3315;3316;3318;3320;3321;3506,23545;23546;40489;40488;14568;42707;40491;40492;21413;21412;20149;5733;32288;32289;34543;34544;26513;26518;26520;26522;34049;17984;21743;7134;1074;8256;38695;11918,false
48,Day1 00:00,Day1 04:40,280,3235.4,5012;5009;5008;4846;4623;4622;4620;4617;4612;4614;4424;4425;4426;4234;4233;4062;4065;4061;4060;4059;4058;4056;4054;3863;3860;3862;3861;3682;3679,35149;35147;12633;22061;27513;27512;27509;27508;8854;17103;28756;17102;42057;42269;19817;2352;2901;14742;42258;42257;27239;27240;27241;27244;6037;28730;25004;23282,false
191,Day1 00:00,Day1 04:40,280,3310.2,5605;5418;5420;5415;5411;5412;5414;5234;5088;5089;4928;4929;4746;4748;4747;4749;4542;4540;4538;4332;4156;4158;4159;4154;4149;3948;3944;3943;7417;3942,43462;40255;25534;25533;7789;7788;9875;230;32662;32661;14973;28920;4473;42361;20894;20895;113;17845;17544;23478;4951;13240;32058;32057;2142;24468;24469;329;42084,false
206,Day1 00:00,Day1 04:40,280,1353.4,2312;2311;2307;2486;2482;2480;2477;2475;2640,42524;706;22144;22146;21829;27310;27490;27491,false
244,Day1 00:00,Day1 04:40,280,2399.6,5361;5360;5363;5365;5562;5566;5569;5570;5572;5574;5576;5578;5579;5580;5581;5771;5772;5589;5778;5779;5955;5958,30820;36590;9716;1889;20;151;3035;3036;18012;18028;2104;33655;33654;24726;24725;42737;44021;31146;5022;20329;20327,false
76,Day1 00:00,Day1 05:00,300,3882.7,2441;2439;2437;2262;2436;2435;2434;2608;2432;2429;2426;2251;2425;2247;2245;2244;2424;2423;2603;2601;2600;2771;2769;2768;2767;2958;2957;3118;3119;7371;3288;7370,26739;26741;26743;2404;1529;34201;34204;34463;34464;21585;21587;14538;36415;36414;22486;22487;17959;21427;4923;32597;32595;40492;31481;31480;3560;21452;20043;23895;1191;28723;3537,false
80,Day1 00:00,Day1 05:00,300,2338.0,2734;2556;2739;2740;2741;2742;2944;2945;2946;2947;2948;2750;2571;2394;2572;2576;2400;2401;2402,27355;26241;23760;23759;23758;22589;22588;22587;6618;22583;24219;24222;22722;31029;1697;28373;40360;31047,false
101,Day1 00:00,Day1 05:00,300,2768.6,5913;6089;6090;6091;6092;6096;6102;6106;6110;6112;6288;6289;6292;6294;6295;6296;6487;7537;6672;6675,1566;7552;3224;832;833;20760;20761;19448;19446;637;10035;298;294;3432;3490;27403;27405;27406;22093,false
59,Day1 00:00,Day1 05:00,300,2923.3,3931;3928;3748;7415;3751;3933;3752;3567;3756;3762;3764;3949;3768;3951;3953;3954;3956;4167;4168;4172;7442;7446;4182;4355;4354,26777;5876;26764;26748;30064;24749;24748;15316;4248;327;29613;27075;310;27595;27594;2853;27158;27159;23168;23169;2690;23198;23992;23993,false
299,Day1 00:00,Day1 05:20,320,3002.1,2353;2354;2538;2537;2535;2534;2532;2714;2713;2923;2922;3238;3600;3982;4197;4196;4370;4369;4368;4565;4563,16282;17635;18208;3361;42451;17641;28153;1093;23058;22682;26345;26346;26347;26350;26351;17570;591;18156;18154;21151,false
53,Day1 00:00,Day1 05:20,320,2454.4,3606;3605;3603;3415;3412;7364;3223;7350;7348;2909;2904;2900;2899;2897;2894;2682;2680;2513;2510,42128;42127;42126;22698;22695;7703;43818;19445;30376;1125;25918;25917;25916;635;27161;27160;570;41484,false
77,Day1 00:00,Day1 05:40,340,2203.3,560;715;718;714;888;889;890;1068;1069;1250;1251;1252;1418;1572;1573;1726;1727;1890;1891;1889;2066;2068;2069;2067,25756;25785;25784;3302;31177;14116;16183;40161;40158;25973;25972;16525;22653;23557;41720;33121;33122;11726;27957;27955;2089;32243;32247,false
43,Day1 00:00,Day1 05:40,340,4450.5,217;226;228;65;82;89;230;229;227;225;223;363;364;549;550;552;555;557;558;707;709;711;714;888;889;890;1068;1069;1250;1251;1252;1418;1570;1568;1571;1724;1885,8337;892;18448;887;1525;17387;42250;25875;17393;17392;3377;12897;39489;39665;39487;39485;39484;39483;39478;39480;2229;2228;3302;31177;14116;16183;40161;40158;25973;25972;16525;21533;21535;23329;1210;20779,false
161,Day1 00:00,Day1 06:00,360,1786.5,2280;2281;2283;2635;2817;2999;3339;3338;3337;3522;3524;3525;3707,9560;1104;35276;27886;21793;5;36407;11806;38524;226;6881;25147,true
46,Day1 00:00,Day1 06:00,360,1662.2,2360;2361;2362;2364;2186;2187;2005;2007;1819;1685;1524;1189;1188;1187,20641;29440;18575;18528;43202;43201;43195;43226;43212;43209;18570;3482;14792,false
21,Day1 00:00,Day1 06:40,400,2589.1,6295;6125;6124;6123;6121;5944;5943;5942;5746;5745;5743;5565;5564;5566;5562;5365;5363;5360;5361;5358;5359;5210;5211;5213;5051,28502;25031;25030;25029;25028;1831;39142;39141;27399;27398;27397;27396;27395;20;1889;9716;36590;30820;6992;61;1330;23678;20302;20303,false
165,Day1 00:00,Day1 06:40,400,2651.8,3839;3840;3843;3673;3849;3850;3852;3853;3855;3860;3863;4054;4056;4058;4059;4060;4061;4063;3492;3490;3488,25658;35465;6795;1266;23266;17400;32927;32924;32923;27244;27241;27240;27239;42257;42258;14742;2354;40;26130;26131,false
183,Day1 00:00,Day1 07:00,420,2592.3,5938;5742;5740;5561;5562;5370;5373;5375;5216;5058;5059;5060;5057;4904;4905;4906;4715;4713;4710;4712;4714;4511,7559;34608;34688;34674;34665;39325;39326;16998;17663;8934;86;27520;27519;39236;21101;42587;42589;42590;24756;24757;24758,true
270,Day1 00:00,Day1 07:00,420,2436.6,5603;5601;5598;5595;5593;5591;5588;5774;5772;5764;7500;5758;6145;6143;6141;7516;6300;6298;6483;6485,3273;41070;41071;41072;41073;41080;41081;43609;16924;27067;18025;22935;20928;20927;38402;38462;20934;38441;38442,false
170,Day1 00:00,Day1 07:00,420,2777.4,61;57;58;215;214;357;355;354;544;699;874;1052;1051,886;14123;320;26021;16632;16637;41745;41747;16650;16655;26928;26886,false
58,Day1 00:00,Day1 07:00,420,2250.5,2225;2403;2226;2227;2036;2037;2039;2040;2041;2042;2044;2046;2048;2049;1874;1876;1716;1719;1722;1723,24645;28378;28379;28380;28381;32591;39912;18344;9839;22534;25525;25977;597;16572;38141;14216;17333;20776;32844,false
167,Day1 00:00,Day1 07:20,440,2093.0,7427;7440;4133;4134;4138;4313;4312;4314;4515;4514;4516;4517;4518;4723;4722;4720;4911;4913;4912;5070;5069;5071;5074;5076;5228,42064;17115;15560;7767;28826;1898;30502;30503;87;17654;38004;17007;3344;12287;20366;25566;4529;2160;31296;31298;43571;25715;25723;9438,false
199,Day1 00:00,Day1 07:20,440,2349.1,5862;5855;5856;5679;5470;5474;5271;5129;7479;4803;4805;4592,201;15891;44006;19734;19733;19726;19724;43990;19721;19716;43980,false
203,Day1 00:00,Day1 07:20,440,2288.6,2928;2926;2717;2716;2715;2714;2532;2530;2348;2168;1989;1798;1797;1796;1657;1495;1494;1332;7234;7232;7230,28166;28167;28168;5552;28154;28153;42891;42889;21357;21355;18235;24052;24051;18278;38681;38682;38685;16255;11890;787,false
173,Day1 00:00,Day1 07:20,440,3135.8,1204;1040;1041;866;867;693;694;695;523;524;525;521;333;167;168;171;172;174;166;163;2;1,14616;34321;26258;26243;26244;26305;26304;15622;43607;1302;23656;1308;43041;28993;28994;28995;26262;40774;14884;24614;24613,false
97,Day1 00:00,Day1 07:40,460,2129.4,5312;5309;5307;5305;5160;5159;4998;4997;4835;4838;4840;4843;4619;4620;4621;4430;4431,28067;28066;28065;28062;28348;28347;28346;37;720;35457;35458;27511;27510;9582;3580;28761,true
87,Day1 00:00,Day1 07:40,460,1657.2,140;136;126;128;94;79;73;63,37887;28087;14411;22429;22428;22427;3413,false
232,Day1 00:00,Day1 07:40,460,2890.3,1199;1203;1202;1206;1376;1375;1532;1531;1533;1688;1689;1839;2020;2021;2024;2212;7288;2215;2218;2220;2223;2225;2403;2402;2404;2405;2407;2579;2581,25192;34329;32551;31062;22569;22568;41315;2014;29378;18393;43057;43055;31475;18350;13109;22563;937;24665;1694;24643;24644;24645;28377;31046;31045;21436;21438;40087,false
219,Day1 00:00,Day1 07:40,460,2477.5,618;780;782;778;944;942;940;941;1096;1095;7211;1452;1446;1441;1275,26179;27532;27523;36348;21783;21782;23692;23693;23694;23697;35770;1337;22655;22662,false
153,Day1 00:00,Day1 07:40,460,3533.8,7001;6992;6978;6972;6824;6820;7542;6822;6818;6817;6816;6654;6655;6653;6479;6480;6289;6290;5941;5940;5939;5744;5742;5740;5738;5735;5737;5739,5745;34856;32233;15581;5198;41169;41168;41165;41167;34272;31432;43834;43832;43831;28338;28337;44017;44016;163;32603;28335;7566;34608;34687;34686;37742;40950,false
27,Day1 00:00,Day1 07:40,460,1541.3,4605;4606;4411;4414;4420;4421;4614;4615;4618;4621;4430;4431;4244,175;108;25629;6701;42636;42632;17876;16120;42630;3580;28761;28760,false
54,Day1 00:00,Day1 07:40,460,1905.8,210;212;213;357;214;216;7177;222;223;363;365;366;368;561;563,26815;2719;2714;16632;2358;1173;16175;2671;3377;15297;924;22528;36487;9509,false
285,Day1 00:00,Day1 07:40,460,3013.3,1095;7211;1452;1451;1595;1744;1905;2085;2272;2450;2618;2805;2984;2983;2982;3143;3142;3141;3326;3323;3322;3321;3320,23697;35770;3848;17078;17086;35408;17090;35404;3845;11732;34591;4187;1177;3802;1169;28938;28939;38628;38696;34626;6207;38695,false
283,Day1 00:00,Day1 07:40,460,1572.6,4304;4306;4308;4514;4516;4517;4518;4723;4725;4724;4911;4913;4912;5070;5069;5071;5073;5074,32816;33038;3212;17654;38004;17007;3344;158;155;19649;4529;2160;31296;31298;43571;25720;25721,true
94,Day1 00:00,Day1 07:40,460,3684.5,4080;4082;4084;4083;4249;4248;4438;4439;4628;4629;4630;4851;5015;5016;5017;5018;5019;5166;5171;5174;7480;5321;5320;5317;5316;5314;5508;5506;5503;5693,36340;36338;11921;24471;35;25660;25661;131;24484;5281;39982;14527;20239;20238;20237;20236;20235;20234;20233;14529;32080;93;3016;16508;28072;211;208;21419;3375,false
274,Day1 00:00,Day1 07:40,460,2060.5,5982;5978;5801;5797;5794;5793;5607;5606;5604;5603;5418;5416;5413;5408;5404;5230;5229;5082,20569;5804;18057;31385;3265;32364;32363;32362;5795;3267;43467;27069;27070;27071;2822;41377;23927,false
60,Day1 00:00,Day1 07:40,460,2068.4,1877;1878;1881;1722;1724;1885;1887;1888;1890;1891;1893;1894;2073;2076;2078;2080;2082;2267;2270,22490;1390;32835;20777;20779;20780;20782;20784;11726;16528;35399;11725;44144;44143;23142;9601;6126;21622,false
143,Day1 00:00,Day1 08:00,480,1910.9,2209;2208;2207;2210;2211;7307;2570;2571;2574;2573;2753;2752;2751;2951;2950;3111;3284;3466,2038;6002;25120;25118;1882;2268;6440;17461;28458;28457;28456;28455;28454;28452;852;25474;25476,false
238,Day1 00:00,Day1 08:00,480,2768.2,7250;1673;1672;1671;1807;1804;1802;1799;1989;1798;1797;1796;1795;1653;1651;1650;1980;1979;1978;1976;1974;2156;1970;1969,36436;36437;26543;26545;22868;18510;22272;22275;18235;24052;24051;6098;18911;21321;10175;36947;10186;21543;21541;21540;523;38576;14710,false
202,Day1 00:00,Day1 08:00,480,2906.5,3610;7403;3613;3612;3805;4001;4000;4206;4204;4203;4201;4380;4381;4578;4577;4576;4785;4784;4956;5108;5107;5106;5259;5257;5451;5454;5453;5452,18199;3359;22889;22886;30676;30675;42391;42388;42385;42383;969;42379;42403;42402;42401;42400;42399;42398;18719;30472;30471;370;17522;17501;21876;21032;21033,false
166,Day1 00:00,Day1 08:00,480,3437.3,6714;6712;6709;6706;6524;6695;6516;6510;6507;6505;6504;6503;6502;6322;6315;6494;6493;6489;6487;6484;6665;6664;6663;6662;6661;6660;6657;6816;6817;6818;6819;6822,180;41416;16341;16021;35312;35311;35309;35308;35307;35303;4681;22930;22929;38389;20937;20938;38422;38423;27409;27408;27407;29824;29825;29826;7292;10610;34274;34272;41167;36612;36613,false
162,Day1 00:00,Day1 08:00,480,1414.0,517;518;334;333;167;168;171;172;174;175;176;179;180;19,40366;32044;32043;43041;28993;28994;28995;26262;26260;26306;26308;34098;34099,false
291,Day1 00:00,Day1 08:00,480,3263.7,6271;6273;6276;6091;6092;6096;6102;6106;6110;6112;6113;6118;5941;5940;5939;5744;5563;5561;5562;5365;5363;5360;5357;5355;5352;5354;5203;5200,23940;23938;594;832;833;20760;20761;19448;19446;43821;43822;43823;163;32603;28335;28334;30322;34674;1889;9716;36590;36589;36588;15862;8884;76;32303,true
86,Day1 00:00,Day1 08:00,480,2070.6,3881;3883;3885;4082;4084;4083;4249;4248;4436;4435;4624;4623;4846;4845;4844;5000;5001,30520;4689;1994;36338;11921;24471;35;17406;42260;3591;1617;22061;36257;31643;12641;31627,false
218,Day1 00:00,Day1 08:00,480,2976.0,1174;1175;1353;1352;1514;7250;1673;1672;1807;1992;7284;2349;2348;2347;7315;2528;2711;2712;2921;2922;3428;7382;7403;7401,24895;24894;24892;24890;9393;36436;36437;22402;28222;42087;42099;18207;42101;42102;17153;42459;42462;42108;42109;28162;28163;7755;13631,false
134,Day1 00:00,Day1 08:00,480,2649.2,2951;2751;2750;2571;2570;2388;2387;2385;2384;2021;2020;1839;1689;1688;1536;1537;1538;1381;1216;1213;1212;1208;7218,28454;2044;24222;6440;2483;6438;6439;33147;2584;31475;43055;43057;18393;3898;43061;43060;43059;6446;34343;34338;34337;34408,false
190,Day1 00:00,Day1 08:00,480,1211.3,1450;1452;1451;1448;1445;1444;1443;1593;1739;1903;1902,23710;3848;14862;267;42490;23911;23912;23913;23592;25760,false
207,Day1 00:00,Day1 08:20,500,2776.7,1983;2341;2161;2163;1986;1988;7279;1798;1660;1661;1499;1500;1168;1169;1005;1006;838;839;841;680;682;681;501,860;6193;32847;27197;41683;41684;16428;20437;41679;41675;16415;27190;27191;25879;25878;16868;25846;16407;6919;16395;16396;22388,false
181,Day1 00:00,Day1 08:20,500,2531.4,1058;1059;1062;1063;1064;1065;886;887;888;892;894;895;896;897;731;7197;735;739;582;7184;586;589;591;7185,40373;31235;25107;26201;26199;26198;26197;18317;14114;29789;29791;39466;39461;27460;27466;27454;11522;29050;29051;35090;35089;35088;1059,false
74,Day1 00:00,Day1 08:20,500,1366.0,7341;2773;2774;2771;2595;2592;2590;2414;2235;2233;2230;2041,1188;23241;21413;32601;32602;42708;40494;17955;14649;7455;40961,false
6,Day1 00:00,Day1 08:20,500,3310.8,6304;7516;6297;6296;6295;6482;6481;6661;6660;6657;6816;6817;6818;6819;6822;7542;6820;6824;6972;6978;6992;7002;7013;7020;6842;6855;6860,38412;38406;38449;3490;3033;20746;20745;7292;10610;34274;34272;41167;36612;36613;41168;41169;5198;15581;32233;34856;34857;34858;24138;41905;15805;16893,false
197,Day1 00:00,Day1 08:20,500,2115.8,1754;1755;7266;1758;1614;1616;1125;1131;1134;1135;1310;1145,22204;28078;9274;32450;32451;41977;21508;21509;21502;21504;22474,false
282,Day1 00:00,Day1 08:20,500,1188.5,1821;2367;2368;2552;2555;2558;2557,1217;17445;5931;5504;5502;27352,false
279,Day1 00:00,Day1 08:20,500,2781.7,5762;5759;5755;5753;5574;5377;5378;5376;5372;5370;5367;5366;5208;5207;5044;5045;5047;4885;4884;4883;4687;4686;4685;4684;4682;4680;4487;4484;4481,6357;31426;31427;20464;681;680;27400;27401;8117;9718;2088;2083;32108;2767;28351;2761;12886;43552;43553;15481;41130;12604;4061;2560;25844;25843;25841;2569,false
157,Day1 00:00,Day1 08:20,500,2087.2,2321;2319;2317;2315;2132;2131;2130;1948;1946;1767;1621;1619;1618;1467;1468;1303;1131;1129;1128;1127;1126;1124;1123,21385;21386;21387;42945;36992;10226;25729;37779;37958;37957;29161;2350;35498;18304;20421;20423;1672;24591;24583;8410;42970;653,true
293,Day1 00:00,Day1 08:20,500,2630.0,1767;1946;1948;2130;2131;2132;2315;2317;2319;2321;2504;2507;2511;2512;2514;2679;2681;2683;2898;2901;2902;2905;2906;2907;2692;2908;2696;2697,37958;37779;25729;10226;36992;42945;21387;21386;21385;42942;42941;42938;42937;42936;26569;26567;18292;636;23166;23165;18255;24285;24283;24280;29491;24278;24279,false
136,Day1 00:00,Day1 08:20,500,2211.6,59;61;57;58;215;218;219;7178;223;363;365;366;368,2425;886;14123;320;5983;6315;16178;26789;3377;15297;924;22528,false
13,Day1 00:00,Day1 08:20,500,2526.8,5977;5806;5807;5631;5630;5446;5445;5248;5101;5100;4941;4765;4767;4768;4769;4558;4560;4559;4360;4357,20280;31394;335;2835;31187;31188;21336;21335;34771;33344;42812;42811;26638;26637;1690;6939;963;33279;3673,false
26,Day1 00:00,Day1 08:20,500,2011.1,604;605;606;609;777;612;778;944;945;1105;1106;1455;1456;1454;1603;1750,23851;23850;23849;23848;20111;34182;36348;28150;28149;39708;39705;36629;41489;22199;22196,false
100,Day1 00:00,Day1 08:20,500,2766.9,3216;3217;3218;3219;3404;7397;7396;7394;3775;3961;7430;4168;4538;4537;4742;4739;4736;4738;4740;4923;4922;4921;5084,31210;31208;30384;30386;30387;1129;1128;1608;22356;22353;22352;7007;36147;36144;36142;42614;36140;827;15386;32832;28407;17550,false
298,Day1 00:00,Day1 08:40,520,1868.2,4286;4288;4289;4292;4296;4494;4498;4701;4705;4707;4710;4713;4715;4719;4907;4908;4909;4910;4912;4914;5075;4916,28277;28276;28275;16959;15491;32894;21097;5432;6241;5436;42590;42589;7;7077;36345;43565;43564;20492;20496;25786;7125,true
237,Day1 00:00,Day1 08:40,520,3299.3,360;358;359;223;363;365;366;368;561;563;568;569;571;730;732;7197;735;739;582;7184;586;589;591;7185;596;597;598;600,26791;2683;26799;3377;15297;924;22528;36487;9509;4517;28605;26066;26060;26061;26062;27454;11522;29050;29051;35090;35089;35088;1059;35082;38559;38561;5360,false
66,Day1 00:00,Day1 08:40,520,2853.2,1465;1764;1761;1617;1614;1758;7268;1936;1935;2117;2115;2114;2111;2109;2107;2105;2295;2292;2289;2288;7291;2285;2282;2278;2277;2276;2274;2272;2454,2349;20417;28114;4432;32450;21843;21842;21841;21840;13269;42984;42985;17701;11035;40979;25549;42168;42515;20575;20574;20573;27853;22182;34576;9501;34568;34569;22168,false
240,Day1 00:00,Day1 08:40,520,1787.7,2364;2363;2731;2732;3096;7368;3095;7369;3258;3256;3438;3437;3630,6817;26375;26379;38127;1088;16308;41625;20559;20558;20556;20555;23046,false
227,Day1 00:00,Day1 08:40,520,1473.3,6660;6654;6655;6650;6474;6472;6471;6281;6104;6278;6096;6092,24972;43834;300;1801;1803;1078;286;42779;6781;42776;833,false
289,Day1 00:00,Day1 08:40,520,3178.8,7390;3478;3477;7371;3119;3118;2957;2958;2764;2762;2765;2589;2587;2588;7322;2407;2406;2224;2030;2031;7275;1855;1854,951;28655;28652;1191;23895;20043;21452;40236;17467;21601;21603;14568;14567;32119;32118;32117;31025;22544;16588;2282;11878;38672,false
204,Day1 00:00,Day1 08:40,520,2209.2,3545;3548;3553;7392;7409;3561;3376;3377;3382;3381;3384;3385;3387;3578;3580,9241;6218;17294;27302;20130;23401;1244;16054;42562;21857;6069;20868;20869;41467,false
20,Day1 00:00,Day1 08:40,520,1460.7,3725;3727;3726;3909;7423;4106;4108;4107;4276;4275;4466;4464;4661;4659;4658;7463;4662,34640;7489;34636;43849;43861;15998;16954;21904;41968;4635;21208;21207;407;30109;19413;41319,true
156,Day1 00:00,Day1 08:40,520,1710.0,6724;6542;6543;6544;6547;7527;6358;6199;6200;6368;6370;6372;6373,10595;37038;37039;37031;10272;35114;16872;30304;2515;14550;34071;30993,false
4,Day1 00:00,Day1 08:40,520,2738.2,7532;7523;6307;6303;6483;6299;6297;6296;6124;6123;6121;5944;5943;5941;5940;6114;6111;6109;6107;6103;6101;6099;6098;6095;6094;6093,20919;38424;38425;38395;38471;38452;38449;38313;25030;25029;25028;1831;1054;163;21736;21740;36617;3099;595;15973;14899;24460;9645;43522;19053,false
262,Day1 00:00,Day1 08:40,520,2174.7,5488;5490;5489;5487;5295;5294;4824;4823,563;1166;21288;21306;21305;6993;28180,false
149,Day1 00:00,Day1 08:40,520,3011.4,5522;5521;5519;5515;5319;5320;5321;5322;7481;5174;5175;5332;5179;5183;5186;5188;5191;5195;5197;5034;5037;5039;4878;4879;4882;4884;4883,44081;44078;44077;44076;11196;93;22296;92;6418;33828;33827;28880;36167;36168;7256;9515;2067;9525;19995;9014;35980;25670;25671;3278;2622;43553,false
34,Day1 00:00,Day1 08:40,520,1273.3,4160;3954;3953;3584;3582;3581;3580;3390;3388;3389;3200,37712;27594;5701;21648;21649;622;41465;12913;17764;614,false
121,Day1 00:00,Day1 09:00,540,2499.9,7401;3423;3606;3796;3987;3985;3983;3980;3978;3977;7436;3972;3970;4180;7447;4177;7393;3777,1484;35344;22731;22730;22729;22685;22728;7705;33405;7786;33395;33394;7678;34894;8885;33177;33381,false
268,Day1 00:00,Day1 09:00,540,2701.9,2846;2842;2841;2840;3014;3013;3174;3175;3363;3547;3549;3548;3545;3729;3728;3910;4109;4106;4104;4103;4102;4099;4265;4264;4263;4262,4668;41015;41016;6538;9706;9707;24057;2159;5183;13256;3466;9241;7491;3465;14821;21447;21446;19459;16460;42577;42576;248;11969;6263;13414,false
55,Day1 00:00,Day1 09:00,540,3811.4,7035;7034;7031;7560;7029;7047;7045;6855;6858;6861;7546;6878;6882;6881;6880;6879;6715,18816;18812;2133;3401;25561;13430;134;41309;41310;41311;135;2152;16026;16027;31668;35328,false
174,Day1 00:00,Day1 09:00,540,1874.6,5535;5533;5531;5337;5338;5186;5188;5189;5030;5029;4871;7467;4670;4476;4474;4471,8182;7361;66;30509;15113;7256;34697;32375;32377;20388;20387;21206;21204;21106;21107,true
95,Day1 00:00,Day1 09:00,540,3526.2,3946;3764;3762;3756;3567;3752;3562;3749;7413;7409;7392;3549;3547;3363;3175;3174;3171;3011;2833;2831;2641;2640;2469;2467;2468;7291,22140;327;4248;15316;24748;165;44162;44163;27301;27302;2954;13256;5183;2159;24057;24059;17040;7364;23106;23104;29921;29922;29924;10227;1105,false
15,Day1 00:00,Day1 09:00,540,2019.5,6024;6023;6021;5852;5853;5854;5855;5856;5679;5470;5473;5472;5469;5464;5270;5125;4972,35051;30642;30645;18674;43317;43315;15891;44006;19734;44000;44001;26990;2786;25710;34349;24044,false
160,Day1 00:00,Day1 09:00,540,1700.8,5067;5221;5219;5218;5217;5379;5378;5377;5573;5572;5751;5748;5750;5946,20499;24333;39146;32;24338;27750;680;19672;18013;18016;6339;18018;6072,false
255,Day1 00:00,Day1 09:00,540,3147.6,5240;5237;7484;5096;7476;4936;4753;4752;4749;4542;4540;4538;4332;4156;4153;4151;4150;4148;4147;4149;3948;3949;3764;3762;3756;3571,44100;15710;3122;41916;33758;233;4030;4031;20895;113;17845;17544;23478;5113;5109;17075;17073;13429;40522;2142;27076;29613;327;4248;41003,false
45,Day1 00:00,Day1 09:00,540,3401.0,6252;6253;6255;6256;6258;6074;5879;5689;5690;5498;5495;5496;5494;5493;5491;5298;5297;5150;5153,30616;4749;13207;32054;1034;12121;22880;1029;22839;10052;566;565;24062;10051;10049;22331;996;27379,false
185,Day1 00:00,Day1 09:00,540,2721.2,2518;2520;2684;2683;2681;2680;2513;2510;2506;2503;2502;2501;2500;2499;2496;2495;2493;2662;2661;2854;2853;2852;2851;3025;3024;3021,1290;621;20136;18292;1234;570;41484;41483;41481;28030;28029;28028;28027;36906;43968;13416;526;26011;26012;26013;26014;26015;26017;26018;42013,false
179,Day1 00:00,Day1 09:00,540,2117.6,2576;2572;2394;2571;2570;2388;2387;2385;2384;2383;7306;7304;7301;2376;2195;2374;2372;2371;2370;2191;2190,1697;31029;22722;6440;2483;6438;6439;33147;533;27344;2574;27347;32919;32920;42291;42292;24948;24949;24913;24928,false
64,Day1 00:00,Day1 09:00,540,2696.2,4041;4040;3848;3849;3850;3678;3482;3481;3480;3478;3477;7371;3119;3118;2957;2958;2764;2762;2765;2589;2590;2588;2412;2413;2232;2231,3446;23268;23267;23266;17429;17426;13130;28656;28672;28655;28652;1191;23895;20043;21452;40236;17467;21601;21603;14569;14566;31201;31200;31198;25371,false
277,Day1 00:00,Day1 09:00,540,2601.9,6001;6179;6178;6181;6177;6180;6354;7526;6355;6539;7533;6538;6717;6719;6716;6718;6879;6880;6881;6882;6883;6885;6886;7105,43801;43802;19360;31407;14840;5304;31701;5301;41797;41791;4884;25595;25596;30914;30915;25602;31668;16027;16026;43375;20898;27122;27121,false
211,Day1 00:00,Day1 09:00,540,2661.1,7450;4004;3809;3808;3622;3623;3624;3430;3431;7386;3248;3089;7356;7285;1810,13626;40546;40545;4772;16771;28220;28219;28218;15349;818;16780;3383;807;806,false
110,Day1 00:00,Day1 09:00,540,3251.8,6206;6205;6204;6201;6200;6199;6358;6542;6722;6721;7548;6882;6881;6880;6879;6718;6716;6714,26718;30479;41212;3057;30304;16872;16873;16876;3124;16881;15;16026;16027;31668;25602;30915;4882,false
96,Day1 00:00,Day1 09:00,540,2927.9,5464;5462;5269;5119;5118;5116;5115;5112;5110;5109;5106;4951;4944;4773;4767;4760;4756;4541,26978;26995;24489;9748;34962;29576;40218;14494;4641;1456;39648;39646;34347;7438;16140;11133;6222,false
128,Day1 00:00,Day1 09:00,540,3739.0,6966;6965;6969;6979;6977;6989;7003;7019;7015;7009;6997;6982;6968;6972;6824;6820;7541,691;3751;3755;1138;5725;36807;29024;28251;28250;692;6390;15811;24976;15581;5198;31430,false
70,Day1 00:00,Day1 09:00,540,2493.3,4908;4907;4905;4903;4704;4899;4898;4895;4892;4890;4889;4887;4886;4885;4882;4879;4877;4674;4672;4671;4670;4664;7463;7460;4649;4647;4859;4640;4639,36345;36346;31923;31922;5431;28268;3820;5462;5461;30193;30119;5664;25983;32693;3278;14888;3439;34653;17768;412;1893;21194;26288;4297;15986;1614;90;36499,false
273,Day1 00:00,Day1 09:00,540,2504.6,1074;1073;1254;1257;1256;1573;1726;1727;1890;1891;1893;1894;2073;2074;2075;2259;2260;2261;2262;2438;2440;2609;2610;2611;2795;2794,14401;1422;43009;16110;959;41720;33121;33122;11726;16528;35399;11725;41722;8356;16530;34781;26138;6769;24251;24253;24254;41724;41725;14753;39995,false
119,Day1 00:00,Day1 09:00,540,2077.3,7491;5207;5208;5366;5367;5370;5372;5376;5378;5377;5380;5382;5387;5392;5397;5396,2749;32108;2083;2088;9718;8117;27401;27400;680;16995;43447;43450;41992;8616;10106,false
82,Day1 00:00,Day1 09:20,560,1857.4,6364;6362;6361;7527;6547;6544;6542;6724;6924;6927;6928,37050;37423;37424;10272;37031;35113;10595;37357;37458;37457,false
247,Day1 00:00,Day1 09:20,560,3020.5,3220;3222;7348;2909;2905;2902;2901;2898;2683;2684;2517;2333;2334;2152;1638;1156;1155;992;991,30971;7686;30376;1127;18255;23165;23166;636;20136;14947;42068;42069;17133;17135;13418;22309;31227;10161,false
253,Day1 00:00,Day1 09:20,560,2425.4,4749;4542;4545;4756;4549;4550;4553;4554;4556;4360;4361;4362;4186;4192;4367;4196;4199;3988;3989;3990;7438;3993;3995;3996;3998;3804;3805,20895;29705;1406;28342;4328;28921;23996;23995;28901;33280;18168;24490;42374;3289;24498;26053;26052;2503;26360;26359;26711;35071;28245;28243;28242;28241,true
40,Day1 00:00,Day1 09:20,560,2678.8,4448;4449;4641;4642;4643;4644;4646;4649;4861;4865;4863;4866;5028;5031;5030;5189;5194;5197;5200;5203;5354;5356;5359;5210;5211;5213;5051;5214,28416;28417;28418;28419;28420;28421;7524;97;4323;100;26628;5935;32100;2912;32375;37913;37912;32304;32303;76;78;32060;1330;23678;20302;20303;36055,false
125,Day1 00:00,Day1 09:20,560,2800.7,874;1053;1227;1389;1391;1547;7254;1695;1696;1861;1864;1865;2040;2041;2230;2233;2235;2414;2590;2592;2591;2766;2768;2767,16660;16662;1009;1519;26001;9944;40418;17914;23221;23223;22422;9840;18344;40961;7455;14649;17955;40494;42708;17966;42704;551;31480,false
294,Day1 00:00,Day1 09:20,560,3680.3,6981;6974;6971;6967;6966;6965;6961;6959,576;23207;1476;1466;691;762;1609,false
89,Day1 00:00,Day1 09:20,560,2313.8,540;538;871;1049;1048;1046;870;1210;1209;1042;1040;1039;1038;1201;1199;1196;1194,26830;26881;26882;26905;43076;39313;22598;26235;26234;26233;32538;32539;7369;32563;7393;19058,false
41,Day1 00:00,Day1 09:20,560,3222.5,1160;1331;1329;7232;7230;7228;837;997;996;995;993;991;990;987;1154;1319;1317;1315;1313;1311;1310;1135;1134;1306;1307;7246;1471,790;789;793;787;16251;786;30365;30366;30367;5067;5066;27002;43867;3319;28510;22468;22470;1562;23766;21507;21504;21502;42952;42951;42950;42949,false
129,Day1 00:00,Day1 09:20,560,2156.7,4111;4110;4108;4106;4104;4101;3904;3902;3716;3715;3714;3533;3531;3529;3528;3526;3522;3337;3335;3152;3150;3151;2994,24257;24258;15998;19459;43859;38746;21798;27015;1281;24739;20695;20694;686;11716;38522;38523;38524;20591;3633;21808;3679;4155,false
18,Day1 00:00,Day1 09:20,560,1695.4,5271;5129;7479;4803;4805;4592;4593;4394;4395;4215;4014,19724;43990;19721;19716;43980;43981;43982;19711;19709;19706,false
158,Day1 00:00,Day1 09:20,560,2871.9,1543;1544;1548;1550;1390;1227;1223;1221;1048;1046;870;693;688;514;510;327;7182,36749;9947;26327;9099;36073;6425;20831;16488;43076;39313;39314;2459;23190;16473;40903;1919,false
259,Day1 00:00,Day1 09:20,560,2650.2,6178;6174;5991;5986;6167;6166;6164;6337;6334;6332;6330;6514;6509;6506;6504;6503;6502;6322;6315;6144;6143;6141;7515,43798;30212;30211;42334;42333;20219;20218;20217;20216;20215;20214;20408;20486;20485;4681;22930;22929;38389;11654;11624;20927;20925,false
236,Day1 00:00,Day1 09:20,560,3593.0,12;177;180;19;21;31;34;38;7171;7174;50;53;54;55;56;58;215;218;219;7178;223;363;364;549;550;552;555;557;558;707;709;711;710;708;882;881,29001;7162;34099;34085;34150;7245;34167;22621;20085;39922;39921;18403;3343;3600;14122;320;5983;6315;16178;26789;3377;12897;39489;39665;39487;39485;39484;39483;39478;39480;2229;40379;40378;40377;40376,false
275,Day1 00:00,Day1 09:20,560,3239.7,1865;2040;2039;2037;2036;2227;2226;2403;2402;2401;2400;2576;2575;2574;2573;2753;2752;2751;2951;2950;3111;3284;3285;3467;3468;3470;3471;3669;3670;3672;3674;3675;3676,9840;39912;32591;28381;28380;28379;28378;28377;31047;40360;28373;28372;28371;28458;28457;28456;28455;28454;28452;852;25474;1976;41037;15360;17399;23470;23467;23466;39284;39282;39280;42289,false
261,Day1 00:00,Day1 09:20,560,3696.5,7063;7069;7071;7073;7077;7546;6878;6882;6881;6880;6712;6709;6706;6701;6700;6527;6526;6342;6341,4615;25573;25571;25570;2149;135;2152;16026;16027;41417;41416;16341;331;17;36548;36549;36551;42341,false
102,Day1 00:00,Day1 09:20,560,2054.0,3765;3575;3576;3577;3771;3578;3580;3393;3395;3396;3206;3207;3059;3061;2892;2895;2896;2897;2898;2901;2689;2691,21693;40040;40179;16065;41468;41467;41464;41463;41462;27166;27165;27164;18261;41228;41229;27167;27168;27169;23166;24267;39200,false
195,Day1 00:00,Day1 09:20,560,2019.0,1147;1149;1150;1153;1154;1155;1156;994;998;999;7227;7229;7231;7233;1332;1333,21458;3955;21514;555;17200;22309;4557;17126;1286;1119;16252;784;785;2867;24552,false
67,Day1 00:00,Day1 09:20,560,1882.6,6130;6131;5951;5949;5948;5950;5750;5748;5747;5571;5569;5566;5562;5560;5559;5556;5555;5554,11682;11588;38301;11605;27385;152;18018;33006;33007;33008;151;20;17865;22;19;13355;20207,false
133,Day1 00:00,Day1 09:20,560,3419.1,1604;1456;1455;1106;1105;945;944;778;781;791;793;625;796;629;632;801;809;812;645;814;816;817;818;822;660;823;828,17677;36629;39705;39708;28149;28150;36348;7479;26663;26646;26647;26651;26652;34836;34835;2633;22320;896;26414;6351;22325;22324;22323;41552;34579;12351,false
7,Day1 00:00,Day1 09:20,560,5880.8,5684;5291;5290;5292;5141;4984;4986;4988;4818;4819;4820;4601;4821;4822;4603;4604;4605;4606;4411;4407;4406;4403;4030;4026;4024;4023;3836;3665;3664;3662;3661;3660,1251;4746;1515;12486;36743;23376;33277;33273;30629;30628;260;18860;27721;176;3200;27737;175;108;29911;22372;34554;34553;28364;30995;25293;30817;22326;850;8639;35728;8640,false
131,Day1 00:00,Day1 09:20,560,1529.1,760;759;929;930;922;919;7209;1087;7223;1271;1431;1430;1584;1583,18461;28146;28145;27958;13002;16367;38550;38548;38547;11728;34467;34468;34470,false
152,Day1 00:00,Day1 09:40,580,1984.3,2835;2834;2644;2479;2480;2477;2478;2294;2293;2292;2102;2103;2104;1927;1928;1929;1752;1605;1606;1457;1289;1288;1109,34293;25511;25510;21276;27310;38218;38217;38214;38212;42166;42165;42163;28003;28002;28000;27999;27997;38220;2117;2119;21917;751,false
122,Day1 00:00,Day1 09:40,580,3265.9,5513;5515;5319;5320;5321;7480;5174;5021;5022;5023;4630;4629;4628;4439;4438;4248;4249;4083;4084;4082;3885;3886;3702;3520,202;44076;11196;93;32080;14529;39967;15991;41414;28368;5281;24484;131;25661;25660;35;24471;11921;36338;1994;1993;6259;11434,true
168,Day1 00:00,Day1 09:40,580,2651.9,2092;2284;2282;2278;2277;2458;2456;2455;7313;2450;2620;2619;2617;2613;2446;2444;2443;2441;2439;2437;2262;2436;2258;2256;7290;7311;7309;2427,20440;27996;22182;34576;2982;20581;34572;20577;11737;11733;22243;25411;25410;26733;26735;26736;26737;26739;26741;26743;2404;6770;33644;27941;27942;27943;3705,false
196,Day1 00:00,Day1 09:40,580,2314.5,5225;5391;5227;5398;5400;5402;5404;5408;5413;5416;5418;5615;5620;5624;5628;5631;5811;5812;5814;5816;5818;5819,111;20503;33284;33283;27074;27072;27071;27070;27069;43467;5546;7773;5906;14684;2844;20603;20602;20601;20600;198;2322,false
154,Day1 00:00,Day1 09:40,580,1890.8,1028;1027;1191;1188;1187;1186;1678;1815;1810;2184;1998,43214;1450;2874;14792;33647;7432;43205;43208;41854;29651,false
85,Day1 00:00,Day1 09:40,580,1720.7,7539;6740;6556;6555;6371;6370;6366;6211;6212;6057;6056;6054;6053;6051;6049,40591;40592;14103;40152;19418;40458;20978;20979;20981;5235;6271;669;21900;665,false
81,Day1 00:00,Day1 09:40,580,3618.6,7393;7432;3964;3776;7394;7396;7397;3404;3219;3218;3068;2909;2911;2913;2700;2701;2702;2522;2523;2342;2164;2165;2163;1986;1988;7279;1798;1660;1661;1499;1498;1497,6595;6599;28978;25059;1128;1129;30387;30386;30384;30382;30381;16449;41698;41699;41693;41690;41691;41685;21367;21368;21369;16437;27197;41683;41684;16428;20437;41679;41675;27198;27203,false
297,Day1 00:00,Day1 09:40,580,3281.6,70;67;59;61;57;58;215;218;219;7177;222;223;363;365;366;368;370;371;377;379;381;382;383;384,28300;37265;2425;886;14123;320;5983;6315;14119;16175;2671;3377;15297;924;22528;22420;9513;18450;27469;27471;43111;43112;8072,false
56,Day1 00:00,Day1 09:40,580,1184.8,5061;5062;5063;5065;4910;4912;4914;4915;4726;4727;4919;4732,17660;20250;43567;43563;20492;20496;17854;11102;20667;21866;19070,false
234,Day1 00:00,Day1 09:40,580,2727.4,3869;4069;4070;4071;4072;4237;4239;4240;4241;4242;4243;4244;4246;4435;4436;4248;4438;4439;4441;4442;4443;4445;4446;4449;4641;4642;4643;4648;4650;4652;4654;4656;4659;4661,28746;28747;28748;28749;28738;17403;17402;28770;28772;28773;28774;28775;2180;42260;17406;25660;25661;25662;25663;25664;17409;17408;4633;28417;28418;28419;31990;15450;41117;5831;5204;4374;407,false
257,Day1 00:00,Day1 09:40,580,2959.0,4094;4095;3903;3902;3716;3715;3714;3533;3531;3529;3528;3344;3343;3345;3342;3339;2999;2995;7329;2809;2808;2626;2456;2085;2086,38725;38726;11440;27015;1281;24739;20695;20694;686;11716;25143;25142;30225;24411;24412;5;1840;36425;23085;23086;34565;1849;748;1467,false
93,Day1 00:00,Day1 09:40,580,3079.5,6469;6471;6477;6480;6289;6290;5941;5943;5942;5746;5745;5743;5565;5564;5566;5562;5365;5363;5360;5357;5355;5352;5354;5206;5204;5202;5201,36606;36605;287;28337;44017;44016;1054;39142;39141;27399;27398;27397;27396;27395;20;1889;9716;36590;36589;36588;15862;8884;13923;77;4384;8280,false
113,Day1 00:00,Day1 09:40,580,2692.6,1617;1614;1758;7265;1934;1933;2115;2114;2111;2109;2107;2105;2295;2292;2289;7292;2286;2285;2282;2278;2277;2458;2457;2626;2808;2807;2991;2990,4432;32450;42979;42980;42981;42982;42984;42985;17701;11035;40979;25549;42168;42515;27305;27306;27307;27853;22182;34576;2982;34562;34563;34565;28928;11800;17807,false
192,Day1 00:00,Day1 09:40,580,1887.1,2807;2984;2798;2797;2795;2611;2610;2609;2440;2438;2262;2261;2260;2259;2075;2074;2073;1894;2070,16169;1176;41728;38543;14753;41725;41724;24254;24253;24251;6769;26138;34781;16530;8356;41722;11725;35402,false
194,Day1 00:00,Day1 09:40,580,2039.7,4321;4322;4323;4324;4146;4148;4147;4149;3948;3949;3764;3762;3756;3567;3569;3568;3380;3379;3184;3183;3182,43578;19066;9731;5112;244;13429;40522;2142;27076;29613;327;4248;15316;35435;35434;35433;35431;35430;171;20516,false
146,Day1 00:00,Day1 09:40,580,3532.1,3962;7429;4168;4538;4537;4742;4739;4736;4733;4917;4915;4912;4910;5065;5063;5218;5058;5374;5367;5363;5360;5361;5358;5356,38074;38072;7007;36147;36144;36142;42614;36138;5097;9139;2161;20492;43563;43567;19063;39385;8932;858;14138;36590;30820;6992;32061,false
115,Day1 00:00,Day1 09:40,580,3030.0,872;1052;1053;1227;1389;1391;7254;1695;1696;1861;1864;1865;2042;2044;2046;2047;2243;2244;2245;2053;2246;2248;2249;2251,26929;26920;16662;1009;1519;1162;40418;17914;23221;23223;22422;20072;22534;25525;14572;30899;30900;22486;11753;21594;21593;21591;21588,false
137,Day1 00:00,Day1 10:00,600,2516.9,3550;3551;3554;3558;3370;3371;3561;3376;3377;3382;3381;3384;3195;3196;3040;3048;3050;3054;3056;3059;3210,34028;34027;7101;42226;17290;20509;23401;1244;16054;42562;21857;32694;32695;27080;27082;27084;2592;25837;25839;1160,false
228,Day1 00:00,Day1 10:00,600,1768.2,3810;3808;3807;3806;3805;3804;3998;3803;7419;3994;3991;3796;3987;3985;3983;3980;3978;3789;3788,30674;39572;39574;39575;28241;28242;6526;6349;26356;18198;22726;22730;22729;22685;22728;7705;33404;7707,false
214,Day1 00:00,Day1 10:00,600,2298.8,383;382;381;570;569;727;726;725;724;892;890;1068;1069;1250;1251;1252;1418;1572;1573;1726;1727;1890;1888,43112;43111;22946;22947;5743;26083;26085;26086;26087;1842;16183;40161;40158;25973;25972;16525;22653;23557;41720;33121;33122;20784,false
212,Day1 00:00,Day1 10:00,600,3676.3,819;820;821;823;825;828;830;832;836;837;999;7227;7229;7231;7233;1332;1494;1495;1657;1796;1797;1798;7280;1986;2163;2165;2342;2523;2522;2704;2705,13974;41555;22108;34582;12254;16241;34585;12292;16248;41568;1119;16252;784;785;2867;38685;38682;38681;18278;24051;24052;27195;27196;27197;16437;22994;21367;41685;1503;22918,false
9,Day1 00:00,Day1 10:00,600,3440.6,6683;6687;6690;6691;6505;6507;6510;6516;6695;6520;6522;6523;6525;6342;6343;6344;6346;6172;6175;6176;6178;6184;6187;6188;6006;6008;6009;5838;5840;5843;6013;5847;5849;5850,34810;34809;34805;6664;35307;35308;35309;35311;8293;8294;27882;27881;42821;2163;25622;3269;20564;20565;20566;43793;9887;31425;27098;27096;21654;21653;21652;41354;41355;24308;9633;33893;1461,false
258,Day1 00:00,Day1 10:00,600,3078.2,4334;4332;4538;4756;4760;4767;4765;4941;5100;5101;5248;5445;5446;5630;5631;5807;5808;5980;5981;5983,17545;17544;6219;11133;16140;42811;42812;33344;34771;21335;21336;31188;31187;2835;335;20889;20890;212;20624,false
10,Day1 00:00,Day1 10:00,600,3370.1,3301;3302;3303;3132;2979;2975;2977;2787;2785;2607;2606;2424;2244;2245;2053;2054;2055;2056;1879;1880;1881;1722;1723;1568;1570;1418;1252;1251;1070;895;894,36581;36582;36583;42697;42694;13787;39935;39936;39937;1917;42653;22487;22486;11753;32841;32840;32839;32838;32837;32836;32835;32844;32843;21535;21533;16525;25972;29123;29122;29791,false
37,Day1 00:00,Day1 10:00,600,5968.7,3439;3635;3633;3634;3813;3812;3811;4010;4009;4212;4211;4391;4589;4798;4969;5124;5125;5270;5464;5462;5463;5465;5680;5679;5856;5858;5860;5865;5867;5869;5872;5874;5477;5479;5478;5481;5274;5275;5276;5280,1094;27439;29812;29810;29808;29807;29806;29805;29804;29803;25959;28897;28898;25987;29232;34994;34349;25710;26978;30358;35826;35827;19738;44006;17267;17268;17265;42202;17261;17255;6289;349;18658;37243;10462;10460;37247;33744;29595,false
138,Day1 00:00,Day1 10:00,600,2593.7,6027;6023;6022;6020;6017;6016;6013;5843;5840;5838;6009;6008;6005;5824;5999;7505;5990;5986;5985;5982;5978;5971;5968;5967;5966;5965,30640;8098;15903;15904;54;18761;24308;41355;41354;21652;21653;36554;36555;3271;27877;218;42335;4458;20570;20569;20427;7027;42792;42791;42790,false
52,Day1 00:00,Day1 10:20,620,2744.8,5590;5403;5401;5397;5392;5387;5575;5570;5569;5566;5562;5365;5363;5360;5357;5355;5352;7490;5199;5196;5195;5197;5194;5189;5030;5029,20995;13871;35336;8616;41992;31895;9157;3035;151;20;1889;9716;36590;36589;36588;15862;10096;20241;7517;9528;9525;37912;37913;32375;32377,false
215,Day1 00:00,Day1 10:20,620,3694.1,4398;5132;5276;5275;5274;5481;5478;5479;5477;5874;5873;5872;5869;5867;5865;5860,24068;33743;33744;37247;10460;10462;37243;18658;349;3849;19495;17255;17261;42202;17265,false
216,Day1 00:00,Day1 10:20,620,1775.5,6887;6883;6882;6881;6880;6712;6709;6706;6701;6700;6527;6526;6342;6343;6168;6169,41422;43375;16026;16027;41417;41416;16341;331;17;36548;36549;36551;2163;438;25614,false
180,Day1 00:00,Day1 10:20,620,3017.9,7267;1758;1756;1611;1609;1607;1606;1455;1452;1446;1281;930;922;919;918;917;748;747,9273;40564;40565;40566;40567;40568;42495;32453;1337;598;21308;27958;13002;39443;39444;3776;29125,false
241,Day1 00:00,Day1 10:20,620,3874.1,1974;2156;2155;2157;2158;2338;2337;2518;2520;2684;2685;2686;2898;2901;2902;2905;2909;7348;7350;3223;7364;3412;3415;7399;3599;3600;3982;4197;4196;4370;4366;4562,523;21723;14703;21668;21669;14715;21675;1290;621;20135;9269;27170;23166;23165;18255;1127;30376;19445;43818;7703;22695;22698;33723;2195;5240;26347;26350;26351;17570;17571;28249,false
24,Day1 00:00,Day1 10:40,640,2699.5,542;543;355;357;214;215;56;57;61;59;62;69;77,26893;37636;16637;16632;26021;4804;40164;886;2425;10470;10468;3416,false
108,Day1 00:00,Day1 10:40,640,1969.6,6382;7530;6385;6560;6561;6563;6564;6568;6567;6566;6565;6746;6748;6750;6754;6756;6759;6761,6160;31543;4154;2987;7258;24122;24123;10065;10066;18687;11058;11195;38045;38037;38036;38035;38047,false
221,Day1 00:00,Day1 10:40,640,9340.5,3644;3643;3642;3819;4977;5136;5282;5283;5683;5682;5681;5477;5874;5873;5872;5869;5867;5865;5861;5860;5856;5679;5680;5470;5474;5475;5271;5129;7479;4803;4805;4394;4395;4215;4014;3818;3639;3638;3640;3446,27715;27714;27712;23807;3154;23339;23337;3146;33740;20993;20992;349;3849;19495;17255;17261;42202;17264;27570;664;44006;19738;19732;19733;43994;19727;19724;43990;19721;19716;19714;19711;19709;19706;14677;30331;30333;35260;16312,false
164,Day1 00:00,Day1 10:40,640,1873.3,2233;2234;2236;2237;2047;2243;2244;2245;2247;2425;2428;2429;2432;2433;2435,14574;14650;31191;31193;30899;30900;22486;36414;36415;9491;2399;34464;11721;25214,false
16,Day1 00:00,Day1 10:40,640,1532.2,6520;6522;6523;6525;6342;6343;6344;6346;6172;6175;6176;6173;6174;7504;5998;5999;5824;6005,8294;27882;27881;42821;2163;25622;3269;20564;20565;20566;19365;43781;43785;43789;43790;3271;36555,false
142,Day1 00:00,Day1 10:40,640,2601.5,1885;1887;1888;1890;1891;1893;1894;2073;2074;2075;2259;2260;2261;2262;2437;2439;2438;2440;2609;2610;2611;2795;2797;2798;2984;2807;2993;2994;2996,20780;20782;20784;11726;16528;35399;11725;41722;8356;16530;34781;26138;6769;26743;26741;11722;24253;24254;41724;41725;14753;38543;41728;1176;16169;34047;4770;36429,true
252,Day1 00:00,Day1 10:40,640,1157.9,238;240;250;249;248;255;259;267;272,12784;3808;41533;41534;6861;908;30141;4366,false
33,Day1 00:00,Day1 10:40,640,2981.7,5793;5607;5606;5604;5603;5418;5426;5430;5237;7484;5096;7476;4936;7470;7468;4756;4538;4168;7430;3957;3955,32364;32363;32362;5795;3267;6188;15626;15711;15710;3122;41916;33758;33757;15715;15537;6219;7007;22352;32256;21656,true
140,Day1 00:00,Day1 11:00,660,3471.0,4154;4155;4152;4151;4324;4323;4320;4319;4318;4317;4523;4521;4520;4518;4723;4722;4720;4908;4907;4905;4904;4902;4901;4900;5053;5052;5045;5044;5042;5041;5037;5034;5033;4866;4864,4934;6525;5110;5111;9731;21200;21213;21214;3113;2825;12755;30009;19061;3344;12287;20366;20365;36345;36346;39236;3098;8016;29234;29235;4383;2747;28351;2763;35998;14384;9014;52;26626;21193,false
39,Day1 00:00,Day1 11:00,660,3745.3,3870;3868;3683;4064;4063;3492;3494;3495;3313;3314;3316;3318;3319;3137;3135;2793;2794;2795;2612;2614;2613;2447;2448;2269;2270;2271;1904;1903;1902,29538;7012;1231;12729;40;8239;41996;11376;31300;31301;1074;1988;3683;24901;16577;8391;39995;26728;26730;3837;34476;34475;34474;34473;11742;27887;25761;25760,false
189,Day1 00:00,Day1 11:00,660,2419.7,1047;1046;870;693;692;694;695;526;346;348;187;188;190;192;189;185;184;179;180;177,43069;39313;39314;43081;15620;26304;26303;22616;27982;26253;26252;28463;35555;37651;27992;26312;26310;34098;7162,false
242,Day1 00:00,Day1 11:00,660,2990.2,6839;6842;6855;6858;6861;7546;6878,4166;15805;41309;41310;41311;135,false
5,Day1 00:00,Day1 11:00,660,2296.1,5042;5043;4881;4882;4884;4883;4687;4686;4685;4684;4493;4494;4296;4298;4299;4300;4125;4122;4123;4121;3923;3924;3926;3740;3734;3553;3557;3558;3370,35982;416;1948;2622;43553;15481;41130;12604;4061;657;15508;15491;314;20088;15506;33042;20698;687;34648;9492;5222;1578;24429;30498;7591;15192;33664;42226,false
44,Day1 00:00,Day1 11:00,660,3608.6,31;34;38;7172;7174;50;53;54;55;56;58;215;216;7177;222;223;359;558;707;709;880;1060;1233;1234;1235,7245;34167;26298;26301;39922;39921;18403;3343;3600;14122;320;1174;1173;16175;2671;26799;22415;39478;39480;24247;24248;24249;9903;2298,false
73,Day1 00:00,Day1 11:20,680,2936.7,5500;5499;5493;5494;5496;5495;5498;5690;5689;5879;6074;6258;6257;6441;6622,21301;21302;24062;565;566;10052;22839;1029;22880;12121;1034;2396;13738;1239,false
284,Day1 00:00,Day1 11:20,680,2277.8,1451;1452;7211;1095;1096;941;940;942;944;778;612;613;614;399;400;401;402;241;242;243;245,3848;35770;23697;23694;23693;23692;21782;21783;36348;34182;25985;2107;25528;34155;34157;34160;40038;17315;39255;25504,false
163,Day1 00:00,Day1 11:20,680,2571.8,4380;4201;4200;3986;3985;3791;3790;3594;3593;3592;7397;3586;3401;3210;3059;3057;3055;3052;3049,969;17598;2378;22684;975;21774;21777;3352;7756;16901;17182;17829;17185;1160;27178;27181;19151;17143,false
132,Day1 00:00,Day1 11:20,680,3758.8,7090;7088;7085;7083;7082;7084;7545;6860;6855;7045;7047;7029;7040;7050,41094;41093;31514;1634;2852;2151;25586;16893;134;13430;25561;18818;10029,false
281,Day1 00:00,Day1 11:40,700,4113.2,3898;3899;3900;3903;4097;4096;4265;4264;4263;4262;4454;4453;4455;4652;4651;4653;4649;4860;4857;5023;5022;5021;5174;7480;5321;5320;5317;5316;5314;5313;5312;5309;5307;5305;5160;5159;5156;5155,11439;41952;41953;41954;26033;17809;11969;6263;13414;3648;5826;38728;5471;32519;5778;2415;2413;15983;15981;41414;15991;39967;14529;32080;93;3016;16508;28072;28071;28069;28067;28066;28065;28062;28348;13233;6981,false
30,Day1 00:00,Day1 11:40,700,3054.0,342;341;338;521;520;519;688;689;863;862;1037;1199;1196;1197;1369;1195;1367;1366;1365;1363;1821;2367;2369,34399;36841;36840;36837;36836;36835;41708;13470;2013;30002;30000;7393;34379;34378;34324;25177;25176;25173;26527;32587;1217;4059,false
224,Day1 00:00,Day1 11:40,700,3286.0,2315;2132;2131;2130;1948;1946;1767;1621;1619;1618;1467;1466;1465;1463;1295;1293;7225;1115;1114;948;946;947;778;612;613;610;611;608,42945;36992;10226;25729;37779;37958;37957;29161;2350;35498;33450;33449;33448;33445;42993;42232;42231;18312;3110;25543;25539;35066;34182;25985;1084;2100;25526,false
48,Day1 00:00,Day1 12:00,720,3368.1,3679;3682;4407;4411;7454;4607;4833;4834;4835;4836;4837;4845;4846;5008;5009;5012,23282;1242;29911;31089;31090;31091;42719;42720;6516;31077;20416;36257;12633;35147;35149,false
47,Day1 00:00,Day1 12:00,720,4051.1,7001;7002;7013;7020;6842;6855;6860;7545;7084;7082;7083;7085;7087;7091;7094;7095;7102,24579;34858;24138;41905;15805;16893;25586;2151;2852;1634;31514;24504;24002;25588;31370;596,false
80,Day1 00:00,Day1 12:20,740,2334.8,2402;2401;2400;2576;2572;2394;2571;2750;2948;2947;2946;2945;2944;2742;2741;2740;2739;2738;2736;2735;2939;2734,31047;40360;28373;1697;31029;22722;24222;24219;22583;6618;22587;22588;22589;23758;23759;23760;29823;27372;3008;27350;6631,false
155,Day1 00:00,Day1 12:20,740,3071.5,3543;3546;3548;3549;3547;3175;3174;3171;3011;2833;2831;2641;2640;2469;2467;2464;2463;2285;2284;2089;1909;1906;1907;1908;1747;1746;1595;1448,21662;4137;3466;13256;11027;24057;24059;17040;7364;23106;23104;29921;29922;29924;29926;29929;4197;2967;23097;1701;24671;33824;23100;23099;31465;31463;17675,false
292,Day1 00:00,Day1 12:20,740,1420.2,5365;5552;5551;5353;5351;7489;5345;5338;5332;5175,14667;15946;1730;1728;26;14763;67;89;33827,false
84,Day1 00:00,Day1 12:40,760,2970.8,5918;6089;6090;6091;6092;6096;6102;6106;6110;6112;6113;6118;5941;5940;5939;5744;5563;5561;5562;5370;5373;5375;5217;5218,43431;7552;3224;832;833;20760;20761;19448;19446;43821;43822;43823;163;32603;28335;28334;30322;34674;34665;39325;39326;13393;32,false
76,Day1 00:00,Day1 12:40,760,3885.6,7370;3288;7371;3119;3118;2957;2958;2767;2768;2769;2771;2600;2602;2603;2423;2424;2244;2245;2053;2246;2248;2249;2251;2426;2429;2432;2608;2434;2435;2436;2262;2437;2439;2441,3537;28723;1191;23895;20043;21452;3560;31480;31481;40492;32595;17968;21429;21427;17959;22487;22486;11753;21594;21593;21591;21588;21587;21585;34464;34463;34204;34201;1529;2404;26743;26741;26739,false
191,Day1 00:00,Day1 12:40,760,3297.2,3942;7417;3943;3945;3948;4149;4154;4159;4158;4156;4332;4538;4756;7468;7470;4936;7476;5096;5095;5094;7484;5237;5426;5427;5425;5423;5605,42084;329;22142;744;2142;32057;32058;13240;4951;23478;17544;6219;15537;15715;33757;33758;41916;27573;27574;27575;15710;40260;30312;30311;30310;5917,false
139,Day1 00:00,Day1 12:40,760,1554.4,334;333;167;168;171;172;175;5;6;8;11;13;16;17;18;20;22,32043;43041;28993;28994;28995;28997;43052;43050;29359;7201;29341;29338;29335;34078;34080;34151,false
244,Day1 00:00,Day1 13:20,800,2401.6,5958;5955;5953;5776;5775;5773;5772;5770;5767;7501;5758;5574;5572;5570;5569;5566;5562;5365;5363;5360;5361,20327;5028;44169;1052;16354;19794;21047;21044;21043;21042;3889;18012;3036;3035;151;20;1889;9716;36590;30820,false
112,Day1 00:00,Day1 13:20,800,2729.6,4579;4578;4381;4380;4201;4203;4204;4206;4000;3804;3805;3612;3613;7403;7382;3244;3085;2928;2926;2721;2720;2719;2537,21086;42403;42379;969;42383;42385;42388;42391;5187;28241;22886;22889;3359;7755;4691;22916;1040;28166;5761;7050;32331;25688,false
299,Day1 00:00,Day1 13:40,820,2991.6,4563;4565;4368;4369;4370;4196;4197;3982;3600;3238;2922;2923;2713;2714;2532;2534;2537;2540;2354;2353,21151;18154;18156;591;17570;26351;26350;26347;26346;26345;22682;23058;1093;28153;17641;1225;18211;17632;16282,false
101,Day1 00:00,Day1 13:40,820,2740.7,6675;6672;7537;6668;6667;6666;6665;6664;6482;6294;6292;6289;6288;6112;6110;6106;6102;6096;6092;6091;6090;6089;5913,22093;27406;34795;34798;34797;7617;27407;3034;293;294;298;10035;637;19446;19448;20761;20760;833;832;3224;7552;1566,false
59,Day1 00:00,Day1 14:00,840,2916.5,4354;4351;4181;7446;7442;4168;4167;3956;3954;3953;3951;3768;3949;3764;3762;3756;3567;3752;3933;3751;7415;3748;3928;3931,1426;42874;18178;2690;1161;27159;27158;2853;27594;27595;310;27075;29613;327;4248;15316;24748;24749;30064;26748;26764;5876;26777,false
46,Day1 00:00,Day1 14:00,840,1696.3,1187;1188;1190;1524;1685;1819;2007;2005;2187;2186;2364;2362;2361;2360,14792;2871;18556;43209;43212;43226;43195;43201;43202;18528;18575;29440;20641,false
213,Day1 00:00,Day1 14:00,840,2880.1,3171;3174;3175;3176;3015;3019;3020;3180;3182;3183;3184;3379;3380;3382;3381;3384;3385;3386;3197;3198;3040;3048;3050,24059;24057;34633;23181;5367;6747;37962;20517;20516;171;35430;35431;9365;42562;21857;6069;6064;28395;28394;28393;27082;27084,true
177,Day1 00:00,Day1 14:00,840,2824.6,3506;3321;3502;3500;3498;3313;3312;3311;3310;7376;3133;3130;3129;3127;2972;2970;2777;2776;2775;2771;2769;2591;2589;2587;2586;2763;2582;2580,11918;35470;40656;40657;17907;11957;17984;34049;26522;26520;26518;26513;34544;34543;32289;32288;5733;20149;557;40492;40491;42707;14568;40488;40489;23546;23545,false
53,Day1 00:00,Day1 14:00,840,2492.5,2510;2513;2680;2682;2894;2897;2899;2900;2904;2909;7347;3222;3223;7364;3412;3415;3603;3605;3606,41484;570;27160;27161;635;25916;25917;25918;1125;30043;30045;34898;7703;22695;22698;42126;42127;42128,false
77,Day1 00:00,Day1 14:20,860,2215.3,2067;2069;2068;2070;1894;1893;1891;1890;1727;1726;1573;1572;1418;1252;1251;1250;1069;1068;890;888;714;718;715;560,32247;32243;32242;35402;35399;16528;11726;33122;33121;41720;23557;22653;16525;25972;25973;40158;40161;16183;2391;3302;25784;25785;25756,false
12,Day1 00:00,Day1 14:20,860,3638.8,7035;7030;7006;6994;6975;6984;6988;7004;6996;6999;6998;6990;6983;6974,13214;36799;33033;1284;1024;33810;33809;21952;4800;4801;10055;36791;739,false
170,Day1 00:00,Day1 14:20,860,2802.0,1051;1052;872;874;699;544;354;355;357;214;215;58;57;61,26886;26929;26930;16655;16650;41747;41745;16637;16632;26021;320;14123;886,false
206,Day1 00:00,Day1 14:20,860,1472.6,2640;2475;2477;2480;2482;2483;2299;7295;2303;2305;2306;2308;2309;2310;2311;2312,27491;27490;27310;21829;21830;21831;22028;22027;22026;709;22031;22032;22033;42525;42524,false
283,Day1 00:00,Day1 14:40,880,1502.7,5074;5071;5069;5070;4912;4913;4911;4720;4722;4723;4518;4517;4516;4514;4308;4306;4304,25715;43571;31298;31296;2160;4529;25566;20366;12287;3344;17007;38004;17654;3212;33038;32816,true
54,Day1 00:00,Day1 15:00,900,1912.3,563;561;554;550;549;364;363;223;222;7177;216;214;357;356;213;212;210,9509;922;22532;39665;39489;12897;3377;2671;16175;1173;2358;16632;26903;26902;2719;26815,false
285,Day1 00:00,Day1 15:00,900,2990.4,3320;3321;3322;3323;3326;3141;3142;3143;2982;2983;2984;2803;2804;2805;2618;2450;2451;2454;2272;2085;1905;1744;1595;1451;1452;7211;1095,38695;6207;34626;38696;38628;28939;28938;1169;3802;1177;22250;22249;22248;34591;11732;11739;22167;22168;35404;17090;35408;17086;17078;3848;35770;23697,false
274,Day1 00:00,Day1 15:00,900,2064.1,5082;5229;5230;5404;5408;5413;5416;5601;5603;5604;5606;5607;5793;5794;5797;5801;5978;5982,23927;41377;2822;27071;27070;27069;43468;3273;5795;32362;32363;32364;3265;31385;18057;5804;20569,false
43,Day1 00:00,Day1 15:00,900,4482.2,1885;1724;1722;1723;1568;1570;1418;1252;1251;1250;1069;1068;890;889;888;714;718;715;712;558;359;223;225;227;229;230;89;82;65;60;217,20779;20777;32844;32843;21535;21533;16525;25972;25973;40158;40161;16183;14116;31177;3302;25784;25785;2237;36495;22415;26799;17392;17393;25875;42250;17387;1525;887;35356;891,false
270,Day1 00:00,Day1 15:00,900,2398.2,6485;6483;6299;6297;7516;6141;6143;6145;5758;7501;5767;5770;5772;5589;5591;5593;5595;5598;5601;5603,38442;38471;38452;38406;38402;20927;20928;22935;21042;21043;21044;21047;44021;40796;41073;41072;41071;41070;3273,false
173,Day1 00:00,Day1 15:20,920,3095.2,1;2;163;166;174;172;171;168;167;333;516;514;688;693;867;866;865;1039;1038;1201;1204,24613;24614;14884;40774;26262;28995;28994;28993;43041;18376;18374;23190;2459;26244;26243;25183;11263;32539;7369;32562,false
218,Day1 00:00,Day1 15:20,920,2967.6,7401;7403;7382;3427;3243;3081;3080;2712;2711;2528;2349;7284;1992;1807;1672;1673;7250;1514;1352;1353;1175;1174,13631;7755;42888;22908;22909;22911;22912;42462;42459;17152;42099;42087;28222;22402;36437;36436;9393;24890;24892;24894;24895,false
21,Day1 00:00,Day1 15:20,920,2589.1,5051;5213;5211;5210;5359;5358;5361;5360;5363;5365;5562;5566;5564;5565;5743;5745;5746;5942;5943;5944;6121;6123;6124;6125;6295,20303;20302;23678;1330;61;6992;30820;36590;9716;1889;20;27395;27396;27397;27398;27399;39141;39142;1831;25028;25029;25030;25031;28502,false
291,Day1 00:00,Day1 15:40,940,3284.1,5200;5203;5354;5352;5351;5353;5551;5552;5554;5555;5558;5559;5560;5561;5563;5744;5939;5940;5941;6118;6113;6112;6110;6106;6102;6096;6092;6091;6274;7521;7520;6270;6271,32303;76;8884;2764;1728;1730;15946;20206;20207;13354;13356;22;7502;30322;28334;28335;32603;163;43823;43822;43821;19446;19448;20761;20760;833;832;43405;20374;20373;22865;22866,true
162,Day1 00:00,Day1 15:40,940,1421.2,19;180;177;176;175;174;172;171;168;167;333;518;517,34099;7162;28999;26306;26260;26262;28995;28994;28993;43041;40367;40366,false
26,Day1 00:00,Day1 15:40,940,2048.7,1750;1749;1598;1596;1597;1453;1451;1452;7212;939;937;938;771;770;769;604,43631;43629;43628;25433;13073;41486;3848;23722;23720;13624;7242;842;23019;23017;23016,false
203,Day1 00:00,Day1 15:40,940,2241.6,7230;7232;7234;1332;1494;1495;1657;1796;1797;1798;1989;2349;2531;2533;2534;2716;2717;2926;2928,787;11890;16255;38685;38682;38681;18278;24051;24052;18235;3360;42097;42096;42095;28171;28168;28167;28166,false
143,Day1 00:00,Day1 15:40,940,1937.5,3466;3284;3111;2950;2951;2751;2752;2753;2573;2574;2571;2570;2388;2387;2210;2207;2208;2209,25476;25474;852;28452;28454;28455;28456;28457;28458;17461;6440;2483;6438;946;25120;6002;2038,false
13,Day1 00:00,Day1 16:00,960,2526.8,4357;4360;4559;4560;4558;4769;4768;4767;4765;4941;5100;5101;5248;5445;5446;5630;5631;5807;5806;5977,3673;33279;963;6939;1690;26637;26638;42811;42812;33344;34771;21335;21336;31188;31187;2835;335;31394;20280,false
298,Day1 00:00,Day1 16:00,960,1868.2,4916;5075;4914;4912;4910;4909;4908;4907;4719;4715;4713;4710;4707;4705;4701;4498;4494;4296;4292;4289;4288;4286,7125;25786;20496;20492;43564;43565;36345;7077;7;42589;42590;5436;6241;5432;21097;32894;15491;16959;28275;28276;28277,true
94,Day1 00:00,Day1 16:00,960,3726.1,5693;5503;5506;5316;5317;5320;5321;7480;5174;5021;4851;4630;4631;4627;4248;4249;4083;4084;4082;4080,3375;21419;210;16508;3016;93;32080;14529;39967;7365;39982;20398;831;11235;35;24471;11921;36338;36340,false
161,Day1 00:00,Day1 16:00,960,1786.5,3707;3525;3524;3522;3337;3338;3339;2999;2817;2635;2283;2281;2280,25147;6881;226;38524;11806;36407;5;21793;27886;35276;1104;9560,true
293,Day1 00:00,Day1 16:00,960,2685.5,2697;2696;2694;2692;2907;2906;2905;2902;2901;2898;2683;2681;2679;2514;2512;2511;2507;2504;2321;2319;2317;2315;2316;2135;1953;1954;1948;1946;1767,24279;24276;36183;24280;24283;24285;18255;23165;23166;636;18292;26567;26569;42936;42937;42938;42941;42942;21385;21386;21387;39349;39347;21401;21398;26597;37779;37958,false
86,Day1 00:00,Day1 16:00,960,2136.5,5001;5000;4844;4845;4846;4623;4848;4625;4436;4248;4249;4083;4084;4082;3885;3883;3881,31627;12641;31643;36257;22061;33281;17875;133;17406;35;24471;11921;36338;1994;4689;30520,false
207,Day1 00:00,Day1 16:00,960,2770.3,501;681;682;841;839;838;1006;1005;1169;1168;1500;1499;1661;1660;1798;7279;1988;1986;2163;2161;2341;1983,22388;16396;4942;16407;25846;16868;25878;25879;27191;27190;16415;41675;41679;20437;16428;41684;41683;27197;32847;6193;860,false
183,Day1 00:00,Day1 16:00,960,2732.1,4511;4714;4712;4710;4713;4715;4906;4905;4904;5057;5060;5059;5058;5374;5367;5368;5558;5559;5560;5561;5740;5742;5938,24758;24757;24756;42590;42589;42587;21101;39236;27519;27520;86;8934;8932;858;15937;20333;13356;22;7502;34688;34608;7559,true
131,Day1 00:00,Day1 16:20,980,1459.5,1583;1584;1430;1431;1271;1273;1276;1278;1279;1091;930;929;759;760,34470;34468;34467;11728;23314;23313;25225;25234;1951;23143;28145;28146;18461,false
134,Day1 00:00,Day1 16:20,980,2600.9,7218;1208;1212;1213;1216;1381;1538;1537;1536;1688;1689;1839;2020;2021;2024;2025;2212;7287;2215;2218;2220;2397;2572;2575;2574;2573;2753;2752;2751;2951,34408;34337;34338;34343;6446;43059;43060;43061;3898;18393;43057;43055;31475;18350;22566;22565;39534;22558;24665;1694;24656;31453;19103;28371;28458;28457;28456;28455;28454,false
58,Day1 00:00,Day1 16:20,980,2279.6,1723;1722;1719;1716;1876;1874;2049;2048;1870;2045;2044;2042;2041;2040;2039;2037;2036;2227;2226;2403;2225,32844;20776;17333;14216;38141;16572;597;38574;23892;23891;22534;9839;18344;39912;32591;28381;28380;28379;28378;24645,false
74,Day1 00:00,Day1 16:20,980,1386.8,2041;2230;2233;2232;2413;2414;2415;2596;2594;2593;2592;2595;2771;2774;2773;7341,40961;7455;31196;31198;14647;541;21423;21424;21425;21426;32602;32601;21413;23241;1188,false
6,Day1 00:00,Day1 16:20,980,3310.8,6860;6855;6842;7020;7013;7002;6992;6978;6972;6824;6820;7542;6822;6818;6817;6816;6657;6660;6661;6481;6482;6295;6296;6297;7516;6304,16893;15805;41905;24138;34858;34857;34856;32233;15581;5198;41169;41168;41165;41167;34272;34274;10610;7292;20745;20746;3033;3490;38449;38406;38412,false
156,Day1 00:00,Day1 16:20,980,1618.5,6373;6372;6370;6368;6367;6553;6552;6734;6733;6729;6728;6725;6724,30993;34071;14550;18728;15700;25831;25825;10586;37422;37431;37433;10591,false
279,Day1 00:00,Day1 16:20,980,2658.8,4481;4484;4487;4680;4678;4683;4685;4686;4691;4693;4890;4892;4895;4894;5053;5054;5055;5059;5058;5216;5375;5378;5377;5380;5382;5575;5760;5761;5762,2569;25841;25843;414;21416;415;12604;3613;4443;33417;5461;5462;6867;1100;3744;5965;8933;8934;17663;16998;21949;680;16995;43447;21164;21165;33657;6356,false
268,Day1 00:00,Day1 16:20,980,2701.9,4262;4263;4264;4265;4099;4102;4103;4104;4106;4109;3910;3728;3729;3545;3548;3549;3547;3363;3175;3174;3013;3014;2840;2841;2842;2846,13414;6263;11969;248;42576;42577;16460;19459;21446;21447;14821;3465;7491;9241;3466;13256;5183;2159;24057;9707;9706;6538;41016;41015;4668,false
60,Day1 00:00,Day1 16:20,980,2059.4,2270;2267;2082;2080;2078;2076;2073;1894;1893;1891;1890;1888;1887;1885;1724;1722;1719;1878;1877,21622;6126;9601;23142;44143;44144;11725;35399;16528;11726;20784;20782;20780;20779;20777;20776;22491;22490,false
121,Day1 00:00,Day1 16:20,980,2500.4,3777;7393;7432;7442;7446;4182;4186;4192;4367;4196;7437;7420;3612;3613;7403;7401,33381;6595;33378;2690;23198;17577;42374;3289;24498;6557;26708;26707;22889;3359;13631,false
277,Day1 00:00,Day1 16:20,980,2579.6,7105;6886;6885;6884;6883;6882;6881;6880;6879;6715;6716;6719;6717;6538;7533;6539;6355;7526;6354;6185;6182;6183;6181;6178;6179;6001,27121;27122;27123;43373;43375;16026;16027;31668;35328;30917;30914;25596;25595;4884;41791;41797;5301;31701;5305;5309;36661;18101;19360;43802;43801,false
87,Day1 00:00,Day1 16:40,1000,1657.2,63;73;79;94;128;126;136;140,3413;22427;22428;22429;14411;28087;37887,false
165,Day1 00:00,Day1 16:40,1000,2711.1,3488;3490;3492;4066;4065;4061;4060;4059;4058;4056;4054;3863;3860;3855;3853;3852;3850;3847;3674;3673;3671;3840;3839,26131;26130;1023;2353;2901;14742;42258;42257;27239;27240;27241;27244;32923;32924;32927;17400;20104;7643;3543;6794;23465;25658,false
257,Day1 00:00,Day1 16:40,1000,2923.6,2086;2085;2456;2626;2629;2634;2631;2633;2817;2999;3339;3345;3343;3344;3528;3529;3531;3533;3714;3715;3716;3902;3903;4095;4094,1467;748;1849;23103;23102;3623;27907;17710;21793;5;14820;30225;25142;25143;11716;686;20694;20695;24739;1281;27015;11440;38726;38725,false
219,Day1 00:00,Day1 16:40,1000,2477.5,1275;1441;1446;1452;7211;1095;1096;941;940;942;944;778;782;780;618,22662;22655;1337;35770;23697;23694;23693;23692;21782;21783;36348;27523;27532;26179,false
199,Day1 00:00,Day1 16:40,1000,2359.8,4592;4805;4803;5131;7478;5129;5271;5474;5470;5679;5856;5855;5862,43980;19716;43985;43987;19723;19724;19726;19733;19734;44006;15891;201,false
18,Day1 00:00,Day1 16:40,1000,1711.8,4014;4215;4395;4394;4593;4592;4805;4803;5131;7478;5129;5272;5271,19706;19709;19711;43982;43981;43980;19716;43985;43987;19723;43992;19725,false
181,Day1 00:00,Day1 16:40,1000,2486.1,7185;591;589;586;7184;582;739;738;736;7198;731;898;897;895;894;893;892;888;887;886;1065;1064;1063;1240;1059;1058,1059;35088;35089;35090;29051;29050;29049;11567;25171;40001;27464;27463;13009;29791;27479;13010;14114;18317;26197;26198;26199;26201;26202;4961;40373,false
167,Day1 00:00,Day1 16:40,1000,2079.9,5228;5076;5074;5073;5071;5072;5070;4912;4913;4911;4720;4722;4723;4518;4517;4519;4316;4515;4314;4312;4139;4138;4136;4134;4133;7440;7427,9438;25723;25721;25720;37950;4006;31296;2160;4529;25566;20366;12287;3344;17007;17005;28821;12898;30503;30502;30501;2809;25836;25835;15560;17115;42064,false
95,Day1 00:00,Day1 16:40,1000,3422.6,7291;2468;2467;2469;2640;2641;2831;2833;3011;3012;3014;3015;3019;3020;3180;3182;3183;3184;3379;3380;3568;3569;3567;3756;3762;3764;3946,1105;10227;29924;29922;29921;23104;23106;7364;22127;22126;40799;5367;6747;37962;20517;20516;171;35430;35431;35433;35434;35435;15316;4248;327;22140,false
153,Day1 00:00,Day1 16:40,1000,3531.6,5739;5737;5735;5738;5740;5742;5744;5939;5940;5941;6290;6289;6480;6479;6655;6654;6816;6817;6818;6819;6822;7542;6820;6824;6972;6978;6992;7001,40950;37742;34686;34687;34608;7566;28335;32603;163;44016;44017;28337;28338;31437;43834;31432;34272;41167;36612;36613;41168;41169;5198;15581;32233;34856;5745,false
113,Day1 00:00,Day1 17:00,1020,2679.4,2990;2991;2807;2808;2626;2457;2458;2277;2278;2282;2285;7291;2288;2289;2292;2295;2105;2107;2109;2111;2114;2115;1933;1934;7265;1758;1614;1617,17807;11800;28928;34565;34563;34562;2982;34576;22182;27853;20573;20574;20575;42515;42168;25549;40979;11035;17701;42985;42984;42982;42981;42980;42979;32450;4432,false
27,Day1 00:00,Day1 17:00,1020,1541.3,4244;4431;4430;4621;4618;4615;4614;4421;4420;4414;4411;4606;4605,28760;28761;3580;42630;16120;17876;42632;42636;6701;25629;108;175,false
179,Day1 00:00,Day1 17:00,1020,2117.6,2190;2191;2370;2371;2372;2374;2195;2376;7301;7304;7306;2383;2384;2385;2387;2388;2570;2571;2394;2572;2576,24928;24913;24949;24948;42292;42291;32920;32919;27347;2574;27344;533;33147;6439;6438;2483;6440;22722;31029;1697,false
55,Day1 00:00,Day1 17:00,1020,3818.1,6715;6879;6880;6881;6882;6878;7086;7084;7545;6860;6855;7045;7047;7029;7560;7031;7034;7035,35328;31668;16027;16026;2152;2153;16890;2151;25586;16893;134;13430;25561;3401;2133;18812;18816,false
96,Day1 00:00,Day1 17:00,1020,2903.6,4541;4756;4760;4767;4773;4951;5106;5109;5110;5112;5115;5116;5118;5119;5269;5462;5464,6222;11133;16140;7438;7382;39648;1456;4641;14494;40218;29576;34962;9748;24489;26995;26978,false
238,Day1 00:00,Day1 17:00,1020,2796.6,1969;1970;2156;1974;1976;1978;1979;1980;1650;1651;1653;1795;1796;1797;1798;1989;1799;1802;1803;1806;1807;1672;1673;7250,14710;38576;523;21540;21541;21543;10186;36947;10175;21321;18911;6098;24051;24052;18235;22275;22272;16275;16274;25307;22402;36437;36436,false
204,Day1 00:00,Day1 17:00,1020,2286.6,3580;3390;3388;3386;3195;3384;3383;3382;3377;3376;3561;3371;3370;3558;3557;3553;3548;3545,41465;12913;330;6063;32694;326;41454;16054;1244;23401;20509;17290;42226;33664;15192;6218;9241,false
128,Day1 00:00,Day1 17:00,1020,3744.3,7541;6820;6824;6972;6978;6992;7002;7001;7000;7009;7015;7019;7003;6989;6977;6979;6969;6965;6966,31430;5198;15581;32233;34856;34857;24579;24580;3248;28250;28251;29024;36807;5725;1138;3755;3751;691,false
232,Day1 00:00,Day1 17:20,1040,2889.8,2581;2579;2407;2405;2404;2402;2401;2399;2398;2220;2218;2215;7288;2212;2024;2021;2020;1839;1689;1688;1533;1531;1532;1375;1376;1206;1202;1203;1199,40087;21438;21436;31045;31046;31047;1698;32612;13344;1694;24665;937;22563;13109;18350;31475;43055;43057;18393;29378;2014;41315;22568;22569;31062;32551;34329;25192,false
152,Day1 00:00,Day1 17:20,1040,1986.9,1109;1288;1289;1457;1606;1605;1752;1929;1928;1927;2104;2103;2102;2292;2293;2294;2478;2477;2476;2479;2644;2834;2835,751;21917;2119;2117;38220;27997;27999;28000;28002;28003;42163;42165;42166;38212;38214;38217;38218;27313;17786;25510;25511;34293,false
4,Day1 00:00,Day1 17:20,1040,2648.6,6093;6094;6095;6098;6099;6101;6103;6107;6109;6111;6114;5940;5941;5943;5944;6121;6123;6124;6296;6298;6299;6488;6490;6495;7532,19053;43522;9645;24460;14899;15973;595;3099;36617;21740;21736;163;1054;1831;25028;25029;25030;38313;38440;38469;38454;11670;38461;22095,false
196,Day1 00:00,Day1 17:20,1040,2534.2,5819;5818;5816;5814;5812;5811;5631;5630;5629;5626;5438;7493;5434;5432;5426;5421;5414;5410;5231;5230;5229;5228;5076;5226;5225,2322;198;20600;20601;20602;20603;2835;31190;20024;24344;24347;24348;35919;41659;40243;40244;40247;40248;41378;41377;16389;9438;41336;20500,false
157,Day1 00:00,Day1 17:20,1040,2250.1,1123;1122;1296;1295;1463;1464;1467;1618;1619;1621;1767;1946;1948;1954;1953;2135;2316;2315;2317;2319;2321,35478;35479;35481;33445;41974;41973;35498;2350;29161;37957;37958;37779;26597;21398;21401;39347;39349;21387;21386;21385,true
136,Day1 00:00,Day1 17:20,1040,2214.6,368;366;365;363;223;222;7177;219;218;215;58;57;61;59,22528;924;15297;3377;2671;16175;14119;6315;5983;320;14123;886;2425,false
34,Day1 00:00,Day1 17:20,1040,1288.9,3200;3389;3388;3387;3578;3771;3772;3770;3951;3953;3954;4160,614;17764;12914;20869;41468;624;17827;40726;27595;27594;37712,false
261,Day1 00:00,Day1 17:20,1040,3695.7,6341;6342;6526;6527;6700;6701;6706;6709;6711;6713;6715;6879;6880;6881;6882;6878;7546;7077;7073;7071;7069;7063,42341;36551;36549;36548;17;331;16341;2362;35332;35331;35328;31668;16027;16026;2152;135;2149;25570;25571;25573;4615,false
289,Day1 00:00,Day1 17:20,1040,3152.8,1854;1855;7275;2031;2030;2214;2217;2215;2218;2220;2397;2572;2575;2574;2757;2759;2760;2761;2762;2764;2958;2957;3118;3119;7371;3477;3478;7390,38672;11878;2282;16588;16590;4948;22555;24665;1694;24656;31453;19103;28371;2486;2492;17465;8794;17466;17467;40236;21452;20043;23895;1191;28652;28655;951,false
190,Day1 00:00,Day1 17:20,1040,1211.3,1902;1903;1739;1593;1443;1444;1445;1448;1451;1452;1450,25760;23592;23913;23912;23911;42490;267;14862;3848;23710,false
67,Day1 00:00,Day1 17:20,1040,1881.4,5554;5555;5558;5559;5560;5562;5566;5569;5571;5747;5748;5750;5950;5948;5949;5951;6131;6130,20207;13354;13356;22;17865;20;151;33008;33007;33006;18018;152;27385;11605;38301;11588;11682,false
255,Day1 00:00,Day1 17:20,1040,3171.8,3571;3756;3762;3764;3949;3948;4149;4147;4148;4150;4151;4153;4156;4332;4538;4540;4542;4545;4756;7468;7470;4936;7476;5096;7484;5237;5240,41003;4248;327;29613;27076;2142;40522;13429;17073;17075;5109;5113;23478;17544;17845;113;29705;1406;15537;15715;33757;33758;41916;3122;15710;44100,false
282,Day1 00:00,Day1 17:40,1060,1200.7,2557;2558;2555;2554;2551;2552;2368;2367;1821,27352;5502;32522;23765;32542;5931;17445;1217,false
100,Day1 00:00,Day1 17:40,1060,2831.7,5084;4921;4925;4926;4929;4750;4751;4752;4754;7469;4756;4548;4346;7446;7435;7398;3405;3404;3219;3218;3217;3216,17550;17549;25991;17555;17554;17557;42363;2379;15539;26056;6568;42870;9107;3922;27017;4898;30935;30386;30384;31208;31210,false
122,Day1 00:00,Day1 17:40,1060,3265.9,3520;3702;3886;3885;4082;4084;4083;4249;4248;4438;4439;4628;4629;4630;5023;5022;5021;5174;7480;5321;5320;5319;5515;5513,11434;6259;1993;1994;36338;11921;24471;35;25660;25661;131;24484;5281;28368;41414;15991;39967;14529;32080;93;11196;44076;202,true
202,Day1 00:00,Day1 17:40,1060,2920.2,5452;5453;5454;5451;5257;5259;5106;5108;4956;4784;4785;4576;4577;4578;4381;4380;4201;4203;4204;4206;4000;4001;3805;3612;3613;7403;3610,21033;21032;21876;17501;17522;370;13466;18719;42398;42399;42400;42401;42402;42403;42379;969;42383;42385;42388;42391;30675;30676;22886;22889;3359;18199,false
97,Day1 00:00,Day1 17:40,1060,2129.4,4431;4430;4621;4620;4619;4843;4840;4838;4835;4997;4998;5159;5160;5305;5307;5309;5312,28761;3580;9582;27510;27511;35458;35457;720;37;28346;28347;28348;28062;28065;28066;28067,true
102,Day1 00:00,Day1 17:40,1060,2094.8,2691;2690;2689;2901;2898;2897;2896;2895;2893;2891;3060;3059;3056;3054;3202;7363;3392;7381;3390;3574;3575;3765,29488;24269;24267;23166;27169;27168;27167;16059;21906;17744;18267;25839;25837;22043;22045;22046;22047;22048;22050;40041;21693,false
15,Day1 00:00,Day1 17:40,1060,2007.3,4972;5125;5270;5464;5467;5469;5472;5473;5470;5679;5856;5855;5854;5853;5852;6021;6023;6024,24044;34349;25710;26984;26986;26990;44001;44000;19734;44006;15891;43315;43317;18674;30645;30642;35051,false
260,Day1 00:00,Day1 18:00,1080,1279.6,2997;2999;3339;3338;3337;3521;3520;3702;3886;3888;3887,22970;5;36407;11806;29265;11435;11434;6259;36379;11905,false
160,Day1 00:00,Day1 18:00,1080,1716.6,5946;5750;5748;5751;5574;5573;5377;5378;5379;5217;5218;5219;5221;5067,6072;18018;6339;18014;29238;19672;680;27750;24338;32;39146;24333;20499,false
149,Day1 00:00,Day1 18:00,1080,2968.3,4883;4884;4882;4881;5043;5042;5040;5202;5201;5199;5196;5193;5342;5340;5186;5338;5332;5175;5174;7480;5321;5320;5319;5515;5519;5521;5522,43553;2622;1948;416;35982;30127;101;8280;7516;7517;32369;9517;40878;40877;15113;89;33827;33828;14529;32080;93;11196;44076;44077;44078;44081,false
247,Day1 00:00,Day1 18:00,1080,3017.1,991;992;1155;1156;1638;2152;2334;2333;2517;2684;2685;2686;2898;2901;2902;2905;2909;7348;3222;3220,10161;31227;22309;13418;17135;17133;42069;42068;14947;20135;9269;27170;23166;23165;18255;1127;30376;7686;30971,false
45,Day1 00:00,Day1 18:00,1080,3401.0,5153;5150;5297;5298;5491;5493;5494;5496;5495;5498;5690;5689;5879;6074;6258;6256;6255;6253;6252,27379;996;22331;10049;10051;24062;565;566;10052;22839;1029;22880;12121;1034;32054;13207;4749;30616,false
119,Day1 00:00,Day1 18:00,1080,2110.4,5396;5397;5392;5387;5382;5380;5377;5378;5375;5374;5366;5208;5207;5204;7491,10106;8616;41992;43450;43447;16995;680;21949;5564;2086;2083;32108;40651;8364,false
85,Day1 00:00,Day1 18:00,1080,1720.7,6049;6051;6053;6054;6056;6057;6212;6211;6366;6370;6371;6555;6556;6740;7539,665;21900;669;6271;5235;20981;20979;20978;40458;19418;40152;14103;40592;40591,false
294,Day1 00:00,Day1 18:00,1080,3680.3,6959;6961;6965;6966;6967;6971;6974;6981,1609;762;691;1466;1476;23207;576,false
82,Day1 00:00,Day1 18:00,1080,2023.8,6928;6931;6930;6929;6926;6726;6725;6728;6729;6365;6364,37459;37464;37370;37371;37368;37367;37433;37431;37429;37428,false
89,Day1 00:00,Day1 18:00,1080,2256.5,1194;1196;1199;1201;1038;1039;1040;1042;1209;1210;1217;1045;1046;1048;1049;871;538;540,19058;7393;32563;7369;32539;32538;26233;26234;26235;22600;26323;43068;43076;26905;26882;26881;26830,false
154,Day1 00:00,Day1 18:00,1080,1986.7,1998;2000;1999;1810;1677;1521;7238;1184;1186;1187;1188;1191;1027;1028,4066;29640;4073;16834;16839;41852;16854;14796;33647;14792;2874;1450;43214,false
275,Day1 00:00,Day1 18:00,1080,3269.9,3676;3677;3847;3850;3678;3482;3481;3480;3478;3477;7371;3119;3118;2957;2958;2767;2768;2766;2591;2589;2590;2414;2235;2233;2230;2041;2042;1865,20106;20105;20104;17429;17426;13130;28656;28672;28655;28652;1191;23895;20043;21452;3560;31480;551;42704;42707;14569;40494;17955;14649;7455;40961;9839;20072,false
241,Day1 00:00,Day1 18:00,1080,3808.6,4562;4366;4370;4196;4197;4194;3981;3979;3791;3790;3594;3593;3592;3410;3411;7364;3223;7350;7348;2909;2905;2902;2901;2898;2686;2685;2684;2520;2339;2338;2158;2157;2155;2156;1974,28249;17571;17570;26351;8347;32472;2499;21773;21774;21777;3352;7756;3869;3868;29322;7703;43818;19445;30376;1127;18255;23165;23166;27170;9269;20135;621;620;21670;21669;21668;14703;21723;523,false
40,Day1 00:00,Day1 18:00,1080,2707.9,5214;5051;5213;5211;5210;5359;5356;5354;5206;5204;5202;5201;5032;5031;5028;4866;4863;4865;4861;4649;4646;4644;4643;4642;4641;4449;4448,36055;20303;20302;23678;1330;32060;78;13923;77;4384;8280;4675;4211;32100;5935;26628;100;4323;97;7524;28421;28420;28419;28418;28417;28416,false
66,Day1 00:00,Day1 18:00,1080,2900.8,2454;2455;2456;2458;2277;2278;2280;2282;2285;2286;7292;2289;2292;2295;2105;2107;2109;2111;2114;2115;1933;1934;7265;1758;1614;1617;1761;1764;1465,1955;34572;20581;2982;34576;34577;34578;27853;27307;27306;27305;42515;42168;25549;40979;11035;17701;42985;42984;42982;42981;42980;42979;32450;4432;28114;20417;2349,false
166,Day1 00:00,Day1 18:20,1100,3431.9,6822;6819;6818;6817;6816;6657;6660;6661;6662;6663;6664;6665;6484;6487;6489;6493;6494;6315;6320;6322;6502;6503;6504;6505;6507;6510;6516;6695;6524;6706;6709;6712;6714,36613;36612;41167;34272;34274;10610;7292;29826;29825;29824;27407;27408;27409;38423;38422;20938;20937;38381;38382;22929;22930;4681;35303;35307;35308;35309;35311;35312;16021;16341;41416;180,false
129,Day1 00:00,Day1 18:20,1100,2188.7,2994;2996;3153;3336;3338;3337;3522;3526;3528;3529;3531;3533;3714;3715;3716;3902;3904;4101;4104;4106;4108;4110;4111,36429;3608;5380;21811;11806;38524;38523;38522;11716;686;20694;20695;24739;1281;27015;21798;38746;43859;19459;15998;24258;24257,false
185,Day1 00:00,Day1 18:20,1100,2724.2,3021;3024;3025;2851;2852;2853;2854;2661;2662;2493;2495;2496;2499;2500;2501;2502;2503;2506;2510;2513;2514;2679;2681;2683;2684;2520;2518,42013;26018;26017;26015;26014;26013;26012;26011;526;13416;43968;36906;28027;28028;28029;28030;41481;41483;41484;9690;26569;26567;18292;20136;621;1290,false
115,Day1 00:00,Day1 18:20,1100,3077.0,2251;2249;2248;2246;2053;2245;2244;2243;2047;2046;2234;2043;2042;1865;1864;1861;1696;1695;7253;1542;1541;1388;1389;1227;1053;1052;872,21588;21591;21593;21594;11753;22486;30900;30899;14572;17917;14651;23218;20072;22422;23223;23221;17914;18346;41712;41714;41758;2351;1009;16662;26920;26929,false
228,Day1 00:00,Day1 18:20,1100,1748.5,3788;3789;3978;3980;3983;3984;3986;3988;3989;3990;7438;3993;3995;3996;3998;3804;3805;3806;3807;3808;3810,7707;33404;7705;22728;22686;22687;2380;2503;26360;26359;26711;35071;28245;28243;28242;28241;39575;39574;39572;30674,false
240,Day1 00:00,Day1 18:20,1100,1787.7,3630;3437;3438;3256;3258;7369;3095;7368;3096;2732;2731;2363;2364,23046;20555;20556;20558;20559;41625;16308;1088;38127;26379;26375;6817,false
146,Day1 00:00,Day1 18:20,1100,3547.4,5356;5358;5361;5360;5363;5367;5374;5058;5061;5062;5063;5065;4910;4912;4914;4915;4726;4727;4730;4731;4331;4165;4167;4168;7429;3962,32061;6992;30820;36590;14138;858;8932;17662;17660;20250;43567;43563;20492;20496;17854;11102;20667;239;25568;25569;3723;2854;27159;38072;38074,false
110,Day1 00:00,Day1 18:20,1100,3223.3,6714;6712;6880;6881;6882;7548;6721;6722;6542;6358;6199;6200;6201;6204;6208;6207;6206,180;41417;16027;16026;15;16881;3124;16876;16873;16872;30304;3057;41212;29285;2645;26719,false
237,Day1 00:00,Day1 18:20,1100,3306.2,600;598;597;596;7185;591;589;586;7184;582;739;735;7197;732;730;571;569;568;563;561;554;550;549;364;363;223;359;358;360,5360;38561;38559;35082;1059;35088;35089;35090;29051;29050;11522;27454;26062;26061;26060;26066;28605;4517;9509;922;22532;39665;39489;12897;3377;26799;2683;26791,false
262,Day1 00:00,Day1 18:20,1100,2174.7,4823;4824;5294;5295;5487;5489;5490;5488,28180;6993;21305;21306;21288;1166;563,false
183,Day1 00:00,Day1 18:20,1100,2594.6,5938;5742;5740;5561;5562;5370;5373;5375;5216;5058;5059;5060;5057;4904;4905;4903;4711;4708;4710;4712;4714;4511,7559;34608;34688;34674;34665;39325;39326;16998;17663;8934;86;27520;27519;39236;31923;4407;5428;5427;24756;24757;24758,true
194,Day1 00:00,Day1 18:20,1100,2100.8,3182;3183;3184;3379;3380;3568;3569;3567;3756;3757;3759;3761;7417;3943;3945;3948;4149;4147;4148;4146;4324;4323;4322;4321,20516;171;35430;35431;35433;35434;35435;15316;21714;20856;20855;42083;329;22142;744;2142;40522;13429;244;5112;9731;19066;43578,false
195,Day1 00:00,Day1 18:20,1100,2013.1,1333;1332;7233;7231;7229;7227;999;998;996;995;993;991;990;987;1154;1153;1150;1149;1147,24552;2867;785;784;16252;1119;1286;1214;30367;5067;5066;27002;43867;3319;555;21514;3955;21458,false
236,Day1 00:00,Day1 18:40,1120,3627.3,881;880;709;707;558;359;223;222;7177;219;218;215;211;55;54;53;50;48;45;7172;38;34;31;21;19;180;177;12,1872;24247;39480;39478;22415;26799;2671;16175;14119;6315;5983;28791;28794;3343;18403;39921;40614;40615;14736;26298;34167;7245;34150;34085;34099;7162;29001,false
138,Day1 00:00,Day1 18:40,1120,2582.4,5965;5966;5967;5968;5971;5978;5982;5985;5986;5991;6174;7504;6188;6006;6008;6009;5838;5840;5843;6013;6016;6017;6020;6022;6023;6027,42790;42791;42792;7027;20427;20569;20570;4458;30211;30212;43785;5182;27096;21654;21653;21652;41354;41355;24308;18761;54;15904;15903;8098;30640,false
125,Day1 00:00,Day1 18:40,1120,2780.6,2767;2765;2589;2590;2414;2235;2233;2234;2043;2042;1865;1864;1861;1696;1695;7253;1542;1541;1388;1389;1227;1053;874,21456;21603;14569;40494;17955;14649;14574;14651;23218;20072;22422;23223;23221;17914;18346;41712;41714;41758;2351;1009;16662;16660,false
256,Day1 00:00,Day1 18:40,1120,2034.3,6779;6781;6631;6630;6629;6627;6455;6454;6265;6263;6083;6082;5898;5896;5892;5895;5897;5899,27221;27220;24632;24633;24634;24635;24625;24626;18847;27798;27799;37930;37929;37928;2976;27250;27249,false
70,Day1 00:00,Day1 18:40,1120,2494.0,4639;4640;4859;4647;4649;7460;7463;4664;4670;4671;4672;4674;4877;4879;4880;4883;4887;4889;4890;4892;4895;4898;4899;4902;4904;4905;4907;4908,36499;90;1614;15986;4297;26288;21194;1893;412;17768;34653;3439;14888;3357;51;6600;30119;30193;5461;5462;3820;28268;24312;3098;39236;36346;36345,false
42,Day1 00:00,Day1 18:40,1120,3840.9,739;735;7197;732;730;571;569;568;563;561;554;550;549;364;363;223;7178;219;218;215;58;57;61;59;62;69,11522;27454;26062;26061;26060;26066;28605;4517;9509;922;22532;39665;39489;12897;3377;26789;16178;6315;5983;320;14123;886;2425;10470;10468,false
253,Day1 00:00,Day1 18:40,1120,2274.0,3805;3804;3998;3996;3995;7420;7437;4196;4367;4365;4364;4559;4556;4554;4553;4550;4549;4756;4545;4542;4749,28241;28242;28243;28245;4624;26708;6557;24498;24499;24500;24502;24503;23995;23996;28921;4328;28342;1406;29705;20895,true
137,Day1 00:00,Day1 18:40,1120,2546.7,3210;3062;3059;3056;3054;3050;3048;3040;3196;3195;3384;3381;3382;3377;3376;3561;3371;7379;3550,1133;4048;25839;25837;2592;27084;27082;27080;32695;32694;21857;42562;16054;1244;23401;20509;33659;16001,false
7,Day1 00:00,Day1 18:40,1120,5906.7,3660;3661;3662;3664;3665;3836;4023;4024;4026;4030;4403;4406;4407;4411;4606;4605;4604;4603;4822;4821;4601;4820;4819;4818;4988;4986;4984;5141;5140;5289;5290;5291;5684,8640;35728;8639;850;22326;30817;25293;30995;28364;34553;34554;22372;29911;108;175;27737;3200;176;27721;18860;260;30628;30629;33273;33277;23376;36743;12471;33804;993;4746;1251,false
279,Day1 00:00,Day1 18:40,1120,2723.9,5762;5759;5755;5753;5574;5573;5377;5378;5375;5216;5058;5059;5055;5056;4900;4901;4898;4896;4897;4702;4699;4697;4692;4690;4688;4684;4682;4680;4487;4484;4481,6357;31426;31427;20464;29238;19672;680;21949;16998;17663;8934;8933;15780;1101;29234;2803;3404;33754;47;2313;4456;4455;403;30209;15518;2560;25844;25843;25841;2569,false
168,Day1 00:00,Day1 18:40,1120,2641.1,2427;2253;2254;7290;2256;2258;2436;2262;2437;2439;2441;2443;2444;2446;2613;2617;2619;2620;2450;7313;2455;2456;2458;2277;2278;2282;2284;2092,33296;33295;1199;27941;33644;6770;2404;26743;26741;26739;26737;26736;26735;26733;25410;25411;22243;11733;11737;20577;34572;20581;2982;34576;22182;27996;20440,false
123,Day1 00:00,Day1 18:40,1120,2701.4,485;487;488;489;7194;669;831;830;832;836;837;999;7227;7229;7231;7233;1332;1333;1334;1335;1163;1164;1165,39009;12419;29769;28058;28061;26656;26654;34585;12292;16248;41568;1119;16252;784;785;2867;24552;24551;24869;24868;24867;1771,false
192,Day1 00:00,Day1 18:40,1120,1887.1,2070;1894;2073;2074;2075;2259;2260;2261;2262;2438;2440;2609;2610;2611;2795;2797;2798;2984;2807,35402;11725;41722;8356;16530;34781;26138;6769;24251;24253;24254;41724;41725;14753;38543;41728;1176;16169,false
174,Day1 00:00,Day1 19:00,1140,1891.1,4471;4474;4476;4670;7467;4871;4872;4875;5033;5032;5189;5188;5186;5338;5337;5531;5533;5535,21107;21106;21204;21206;20387;4326;30131;34700;34699;34698;34697;7256;15113;30509;66;7361;8182,true
263,Day1 00:00,Day1 19:00,1140,3305.1,5954;5953;5777;5776;5775;5773;5772;5770;5769;5764;7500;5758;5754;5950;5948;5946;5943;5941;6290;6289;6480;6477;6478;6476;6650;6648;6645;6647;6646;6802;6803,14931;20095;20094;1052;16354;19794;21047;14976;27066;27067;18025;42742;16929;27385;16932;28108;1054;44016;44017;28337;287;31440;23920;23921;20723;23923;20739;20737;18047;42760,false
298,Day1 00:00,Day1 19:00,1140,1868.2,4286;4288;4289;4292;4296;4494;4498;4701;4705;4707;4710;4713;4715;4719;4907;4908;4909;4910;4912;4914;5075;4916,28277;28276;28275;16959;15491;32894;21097;5432;6241;5436;42590;42589;7;7077;36345;43565;43564;20492;20496;25786;7125,true
41,Day1 00:00,Day1 19:00,1140,3303.8,1471;7246;1307;1306;1134;967;969;971;1147;1149;1150;1153;1154;1155;1156;994;998;997;837;7228;7230;7232;1329;1331;1160,42949;42950;42951;42952;42954;41445;21463;21459;21458;3955;21514;555;17200;22309;4557;17126;21298;30365;786;16251;787;793;789;790,false
46,Day1 00:00,Day1 19:00,1140,1658.3,2360;2361;2362;2364;2186;2007;1819;1684;1685;1524;1189;1188;1187,20641;29440;18575;18528;18534;43226;29443;29442;43209;18570;3482;14792,false
273,Day1 00:00,Day1 19:00,1140,2485.7,2794;2795;2611;2610;2609;2440;2438;2262;2261;2260;2259;2075;2074;2073;1894;1893;1891;1890;1727;1726;1573;1572;1418;1252;1253;1073;1074,39995;14753;41725;41724;24254;24253;24251;6769;26138;34781;16530;8356;41722;11725;35399;16528;11726;33122;33121;41720;23557;22653;16525;43011;1844;14401,false
81,Day1 00:00,Day1 19:00,1140,3618.6,1497;1498;1499;1661;1660;1798;7279;1988;1986;2163;2165;2164;2342;2523;2522;2702;2701;2700;2913;2911;2909;3068;3218;3219;3404;7397;7396;7394;3776;3964;7432;7393,27203;27198;41675;41679;20437;16428;41684;41683;27197;16437;21369;21368;21367;41685;41691;41690;41693;41699;41698;16449;30381;30382;30384;30386;30387;1129;1128;25059;28978;6599;6595,false
289,Day1 00:00,Day1 19:20,1160,3151.7,7390;3476;3473;3472;7371;3119;3118;2957;2958;2764;2762;2761;2760;2759;2757;2574;2575;2572;2397;2220;2218;2215;2217;2214;2030;2031;7275;1855;1854,28716;28717;13156;28684;1191;23895;20043;21452;40236;17467;17466;8794;17465;2492;2486;28371;19103;31453;24656;1694;24665;22555;4948;16590;16588;2282;11878;38672,false
230,Day1 00:00,Day1 19:20,1160,1514.7,7448;4346;4548;4756;7469;4754;4752;4753;4930;4928;5089;5088;5234;5233,39406;42870;6568;26056;15539;2379;4030;28912;28913;32661;32662;230;36176,false
36,Day1 00:00,Day1 19:20,1160,2912.2,6553;6367;6368;6370;6366;6211;6212;6057;6059;6058;5875;5874;5873;5872;5869;5867;5865;5860;5856;5677;5675;5673;5674;5672;5460,15700;18728;14550;40458;20978;20979;20981;20982;17244;3850;17248;3849;19495;17255;17261;42202;17265;664;27564;27565;17271;13487;9746;820,false
158,Day1 00:00,Day1 19:20,1160,2937.2,7182;327;510;512;514;688;689;693;870;1046;1047;1219;1220;7221;1388;1541;1542;7253;1695;1548;1544;1543,1919;40903;20827;23408;23190;41708;23193;39314;39313;43069;43070;43072;43074;43075;41758;41714;41712;18346;2287;9947;36749,false
269,Day1 00:00,Day1 19:20,1160,1617.8,7291;2285;2282;2279;2275;2273;2085;2084;1904;1903;1902;1735,20573;27853;29012;29013;29014;29015;22301;843;25761;25760;12342,true
68,Day1 00:00,Day1 19:20,1160,4289.0,1888;1890;1891;1893;1894;2073;2074;2075;2256;2429;2428;2790;2791;2793;3136;3135;3137;3319;3318;3316;3315;3312;3492;4063;4061;4232;4057;4055;4053;4052;4051;4049,20784;11726;16528;35399;11725;41722;8356;27851;8388;2399;21596;21597;13857;16578;24903;24901;3683;1988;1074;7134;21743;17009;40;2354;7349;30474;26114;26112;26111;26110;26109,false
133,Day1 00:00,Day1 19:20,1160,3505.4,828;827;982;985;984;983;1149;1147;971;969;967;966;965;1132;1130;1127;1126;1124;1297;1462;1615;1460;1612;1756;1611;1609;1607;1606;1605;1456;1604,33091;33092;38894;33094;6403;33095;21458;21459;21463;41445;9355;33869;6424;23846;24587;8410;42970;42971;42972;42974;27040;42190;42192;40565;40566;40567;40568;38220;42238;17677,false
93,Day1 00:00,Day1 19:40,1180,2995.1,5201;5202;5204;5206;5354;5352;5355;5357;5360;5363;5365;5562;5563;5744;5939;5940;5941;6290;6289;6480;6477;6471;6469,8280;4384;77;13923;8884;15862;36588;36589;36590;9716;1889;28333;28334;28335;32603;163;44016;44017;28337;287;36605;36606,false
277,Day1 00:00,Day1 19:40,1180,2581.2,6001;6179;6178;6181;6183;6182;6180;6350;6349;6351;6535;6704;6708;6709;6712;6880;6881;6882;6883;6885;6886;7105,43801;43802;19360;18101;36661;36662;36664;36665;17523;42343;42342;14288;3297;41416;41417;16027;16026;43375;20898;27122;27121,false
214,Day1 00:00,Day1 19:40,1180,2334.2,1888;1890;1727;1726;1573;1572;1418;1252;1251;1250;1069;1068;890;888;891;720;722;721;566;568;569;570;381;382;383,20784;33122;33121;41720;23557;22653;16525;25972;25973;40158;40161;16183;2391;22961;28591;3531;3530;28638;11279;28605;22947;22946;43111;43112,false
18,Day1 00:00,Day1 20:00,1200,1698.8,5271;5129;7479;4803;4805;4394;4395;4215;4014,19724;43990;19721;19716;19714;19711;19709;19706,false
122,Day1 00:00,Day1 20:00,1200,3273.6,5513;5515;5319;5320;5321;7480;5174;5021;5022;5023;4630;4629;4628;4626;4627;4248;4249;4083;4084;4082;3885;3886;3702;3520,202;44076;11196;93;32080;14529;39967;15991;41414;28368;5281;24484;24483;20211;11235;35;24471;11921;36338;1994;1993;6259;11434,true
63,Day1 00:00,Day1 20:00,1200,2150.8,4633;4637;4448;4449;4641;4642;4643;4648;4650;4652;4654;4656;4459;4460;4462;4463;4270;4271;4273;4274;4107;4108;4106;7423;3909;3908;3724;3722,28786;107;28416;28417;28418;28419;31990;15450;41117;5831;5204;9451;15535;28410;28411;17792;7532;34707;34708;3477;16954;15998;43861;43849;43841;43837;43835,false
231,Day1 00:00,Day1 20:00,1200,2580.5,2836;3011;3012;3014;3015;3019;3020;3180;3182;3183;3184;3379;3380;3382;3383;3384;3385;3386;3388;3390,17329;22127;22126;40799;5367;6747;37962;20517;20516;171;35430;35431;9365;41454;326;6069;6064;330;12913,false
37,Day1 00:00,Day1 20:00,1200,6139.7,5280;5276;5275;5278;5279;5483;5482;5480;5479;5477;5874;5872;5869;5867;5865;5860;5856;5679;5680;5470;5473;5472;5474;5271;5129;7479;4803;4805;4394;4395;4215;4014;3817;3637;3634;3633;3635;3439,29595;33744;10518;37256;37257;37259;37232;37233;18658;349;6289;17255;17261;42202;17265;664;44006;19738;19732;44000;44001;19729;19726;19724;43990;19721;19716;19714;19711;19709;19706;8273;8272;16074;29812;27439;1094,false
51,Day1 00:00,Day1 20:00,1200,2506.4,6006;5999;5997;5994;5993;5992;5988;5980;5808;5807;5631;5630;5446;5445;5248;5101;5102;4942;4773;4774,280;25677;37774;25672;279;3272;20891;20890;20889;335;2835;31187;31188;21336;21335;28924;34190;33320;33501,false
53,Day1 00:00,Day1 20:00,1200,2467.8,3606;3605;3603;3415;3412;7364;3223;3222;7348;2909;2904;2900;2899;2897;2894;2682;2680;2513;2510,42128;42127;42126;22698;22695;7703;34898;7686;30376;1125;25918;25917;25916;635;27161;27160;570;41484,false
129,Day1 00:00,Day1 20:00,1200,2143.7,4111;4110;4108;4106;4104;4101;3904;3902;3716;3715;3714;3533;3531;3529;3528;3344;3343;3345;3339;3153;2996;2994,24257;24258;15998;19459;43859;38746;21798;27015;1281;24739;20695;20694;686;11716;25143;25142;30225;14820;24415;3608;36429,false
286,Day1 00:00,Day1 20:00,1200,3602.8,6861;7546;6878;6882;6881;6880;6879;6718;6716;6719;6717;6538;7533;6539;6355;6353,41311;135;2152;16026;16027;31668;25602;30915;30914;25596;25595;4884;41791;41797;22927,false
215,Day1 00:00,Day1 20:00,1200,3740.9,5860;5865;5867;5869;5872;5873;5874;5477;5479;5478;5476;5273;5275;5276;5132;4398,17265;42202;17261;17255;19495;3849;349;18658;37243;37244;33746;33745;33744;33743;24068,false
34,Day1 00:00,Day1 20:20,1220,1285.4,4160;3954;3953;3951;3770;3772;3771;3578;3580;3390;3388;3389;3200,37712;27594;27595;40726;17827;624;41468;41467;41465;12913;17764;614,false
168,Day1 00:00,Day1 20:20,1220,2760.3,2092;2284;2282;2280;2278;2277;2458;2456;2455;7313;2450;2620;2619;2617;2613;2614;2612;2795;2794;2792;2608;2432;2429;2426;2427,20440;27996;34578;34577;34576;2982;20581;34572;20577;11737;11733;22243;25411;25410;3837;26730;26728;39995;7434;39991;34463;34464;21585;33297,false
270,Day1 00:00,Day1 20:20,1220,2427.8,5603;5601;5598;5595;5593;5591;5589;5772;5771;5769;5764;7500;5758;6145;6146;6317;6311;6313;6485,3273;41070;41071;41072;41073;40796;44021;42737;42738;27066;27067;18025;22935;22936;38375;11629;38372;338,false
19,Day1 00:00,Day1 20:20,1220,1974.0,4007;4004;4002;4000;4206;4204;4203;4201;4380;4378;4574;4572;4571;4779;4778;4953;4950;4948;4947,27916;42396;42395;42391;42388;42385;42383;969;1691;14679;14680;14682;42850;42849;42848;21082;21085;34256,false
109,Day1 00:00,Day1 20:20,1220,1969.7,5448;5445;5446;5630;5631;5807;5979;5978;5976;5974;6156;6155;6154;6324;6325,42213;31188;31187;2835;335;20459;20458;20188;20190;20191;28432;41;10;19801,false
71,Day1 00:00,Day1 20:20,1220,1605.4,3554;3551;3557;3553;3734;3735;7408;3740;3926;3929;3927;4128;4127;4126;4125;4302;4301;4496;7457,34027;34029;15192;7591;30669;30671;30672;24429;24428;27283;17790;17114;4674;15507;6152;35395;35391;24255,false
264,Day1 00:00,Day1 20:20,1220,2909.1,5631;5630;5446;5445;5248;5101;5100;4940;4938;4937;4759;7471;4760;4756;4548;4346;7446;7442;3964;3776,2835;31187;31188;21336;21335;34771;4483;21156;9085;27577;27578;6874;11133;6568;42870;9107;2690;3737;28978,false
127,Day1 00:00,Day1 20:20,1220,1269.7,656;655;7189;7191;660;823;828;830;832;836;837;999,26439;26440;41560;41559;34579;12351;16241;34585;12292;16248;41568,false
166,Day1 00:00,Day1 20:20,1220,3440.5,6714;6712;6709;6706;6701;6524;6695;6516;6510;6507;6505;6504;6503;6502;6322;6315;6494;6493;6489;6487;6484;6665;6664;6663;6662;6661;6660;6657;6816;6817;6818;6822,180;41416;16341;331;16023;35312;35311;35309;35308;35307;35303;4681;22930;22929;38389;20937;20938;38422;38423;27409;27408;27407;29824;29825;29826;7292;10610;34274;34272;41167;41165,false
149,Day1 00:00,Day1 20:20,1220,2970.0,5522;5521;5519;5515;5319;5320;5321;7480;5174;5175;5176;5177;5026;5180;5028;5031;5032;5201;5036;5037;5039;4878;4881;4882;4884;4883,44081;44078;44077;44076;11196;93;32080;14529;33828;36170;36169;7527;9153;9152;32100;4211;4675;492;35978;35980;25670;30110;1948;2622;43553,false
96,Day1 00:00,Day1 20:20,1220,2864.1,5464;5462;5269;5119;5118;5116;5115;5112;5110;5109;5106;5104;5103;4951;4773;4767;4760;4756;4541,26978;26995;24489;9748;34962;29576;40218;14494;4641;1456;39651;39652;33497;7382;7438;16140;11133;6222,false
152,Day1 00:00,Day1 20:20,1220,1984.3,2835;2834;2644;2479;2480;2477;2478;2294;2293;2292;2102;2103;2104;1927;1928;1929;1752;1605;1606;1457;1289;1288;1109,34293;25511;25510;21276;27310;38218;38217;38214;38212;42166;42165;42163;28003;28002;28000;27999;27997;38220;2117;2119;21917;751,false
280,Day1 00:00,Day1 20:40,1240,3124.4,3573;3762;3764;3949;3948;4149;4154;4159;4158;4156;4332;4538;4541;4756;7468;7470;4758;7476;5096;7484;5237;5240;5242;5435,42567;327;29613;27076;2142;32057;32058;13240;4951;23478;17544;32872;6222;15537;15715;15716;33756;41916;3122;15710;44100;27554;35922,false
157,Day1 00:00,Day1 20:40,1240,2105.7,2321;2319;2317;2315;2132;2131;2130;1948;1946;1767;1621;1620;7245;1305;1304;1303;1131;1129;1128;1127;1126;1124;1123,21385;21386;21387;42945;36992;10226;25729;37779;37958;37957;37956;35425;35424;23845;23844;20423;1672;24591;24583;8410;42970;653,true
282,Day1 00:00,Day1 20:40,1240,1189.1,1821;2367;2368;2550;2551;2554;2555;2558;2557,1217;17445;17444;23764;23765;32522;5502;27352,false
268,Day1 00:00,Day1 20:40,1240,2690.3,2846;2842;2841;2840;3014;3013;3176;3175;3547;3549;3548;3545;3729;3728;3910;4109;4106;4104;4103;4102;4099;4265;4264;4263;4262,4668;41015;41016;6538;9706;23184;34633;11027;13256;3466;9241;7491;3465;14821;21447;21446;19459;16460;42577;42576;248;11969;6263;13414,false
172,Day1 00:00,Day1 20:40,1240,2170.8,6876;6877;6879;6715;6713;6711;6709;6706;6701;6700;6527;6526;6342;6341;6164;6166;6163;6165;5985;5982;5983;5981;5980;5808,30048;178;35328;35331;35332;2362;16341;331;17;36548;36549;36551;42341;27883;20219;18;17517;28238;20570;216;20624;212;20890,false
169,Day1 00:00,Day1 20:40,1240,2125.3,4311;4314;4515;4316;4519;4517;4518;4520;4524;4728;4729;4730;4732;4736;4738;4740;4924;4926;4928;4931;4933;5096;7484,401;30503;12898;28821;17005;17007;19061;8856;6368;29156;29157;43573;43574;36140;827;21863;21864;17494;25997;25998;25999;3122,true
90,Day1 00:00,Day1 20:40,1240,2873.3,973;970;968;808;967;966;1133;1132;1130;1127;1125;1616;1614;1758;7268;1936;1935;2117;2116;2112;2299;2300;2646;2648;2647;2649,31554;23836;23838;41435;9355;35420;23847;23846;24587;41979;41977;32451;32450;21843;21842;21841;21840;21837;21836;21835;24755;24754;42530;17727;22492,false
161,Day1 00:00,Day1 20:40,1240,1783.0,2280;2281;2283;2635;2817;2999;3339;3338;3340;3341;3526;3524;3525;3707,9560;1104;35276;27886;21793;5;36407;21814;21815;1583;28810;6881;25147,true
79,Day1 00:00,Day1 20:40,1240,3305.5,6403;6401;6399;6396;6394;6390;6389;6219;6061;6060;6216;7518;6059;6058;5875;5874;5872;5869;5867;5865;5860;5858;5856;5855;5854;5853,27622;27621;40972;40976;40977;27605;27606;27608;18676;3916;15875;17240;17244;3850;17248;6289;17255;17261;42202;17265;17268;17267;15891;43315;43317,false
281,Day1 00:00,Day1 20:40,1240,4148.3,5155;5156;5159;4998;4997;4835;4838;4840;4843;4619;4620;4622;4623;4848;4625;4436;4248;4249;4083;4084;3891;3892;3894;3897;3708;3709;3712;3898,6981;13233;28347;28346;37;720;35457;35458;27511;27510;27512;27513;33281;17875;133;17406;35;24471;11921;9434;7416;11843;21977;21978;253;41950;41949,false
272,Day1 00:00,Day1 21:00,1260,2205.9,2755;2757;2759;2760;2761;2762;2765;2767;2768;2769;2771;2775;2602;2603;2423;2424;2244;2245;2053;2054;2057,28451;2492;17465;8794;17466;21601;21456;31480;31481;40492;557;21431;21429;21427;17959;22487;22486;11753;32841;1280,false
112,Day1 00:00,Day1 21:00,1260,2858.4,2537;2539;2719;2720;2718;2717;2716;2715;2925;2927;3084;3083;3082;3081;3243;3242;3241;3425;3424;3423;3606;3796;3987;3985;3986;4200;4201;4380;4381;4578;4579,32333;32332;32331;32329;32330;28168;5552;28156;28157;23070;23072;23073;4694;22909;18221;36849;36847;41473;41472;35344;22731;22730;22729;22684;2378;17598;969;42379;42403;21086,false
232,Day1 00:00,Day1 21:00,1260,2925.9,1199;1203;1202;1206;1376;1378;7252;1535;1533;1688;1689;1839;2020;2021;2024;2212;7287;2215;2218;2220;2398;2399;2401;2402;2404;2405;2407;2579;2581,25192;34329;32551;31062;22570;34424;7411;25392;29378;18393;43057;43055;31475;18350;13109;39534;22558;24665;1694;13344;32612;1698;31047;31046;31045;21436;21438;40087,false
2,Day1 00:00,Day1 21:00,1260,2476.2,2982;2983;2986;2990;3149;3151;3153;3339;3345;3347;3348;3352;3355;3534;3536;3537;3539;3542;3543;3546;3548;3549;3550;3551;3557;3558,3802;16547;24422;24419;24418;24417;24415;14820;24410;9856;23737;1341;23739;13880;21957;42019;1354;21661;21662;4137;3466;33182;34028;34029;33664,false
259,Day1 00:00,Day1 21:00,1260,2614.0,7515;6141;6305;6144;6315;6322;6502;6503;6504;6506;6509;6514;6330;6332;6334;6337;6164;6168;6169;5991;6174;6178,20925;38398;20931;11654;38389;22929;22930;4681;20485;20486;20408;20214;20215;20216;20217;20218;9892;25614;187;30212;43798,false
162,Day1 00:00,Day1 21:00,1260,1413.6,517;518;334;333;167;168;171;172;174;175;176;177;180;19,40366;32044;32043;43041;28993;28994;28995;26262;26260;26306;28999;7162;34099,false
237,Day1 00:00,Day1 21:00,1260,3292.2,360;358;359;223;363;365;366;368;561;563;568;569;571;729;7197;735;739;582;7184;586;589;591;7185;596;597;598;600,26791;2683;26799;3377;15297;924;22528;36487;9509;4517;28605;26066;27858;27856;27454;11522;29050;29051;35090;35089;35088;1059;35082;38559;38561;5360,false
278,Day1 00:00,Day1 21:00,1260,2039.8,1320;1321;1483;1485;1486;1487;1488;1651;1653;1795;7280;1986;2163;2165;2343;2344;2346;2347,40895;40577;21360;21359;21559;29296;21324;21321;18911;21315;27196;27197;16437;31709;31708;33728;33726,false
175,Day1 00:00,Day1 21:00,1260,2261.4,2794;2795;2612;2614;2613;2617;2619;2620;2450;7313;2455;2456;2458;2277;2459;2461;2462;2464;2466;2468;2290;2291;2294;2296,39995;26728;26730;3837;25410;25411;22243;11733;11737;20577;34572;20581;2982;42170;42171;42172;7327;10230;36522;10229;21278;11224;1343,false
178,Day1 00:00,Day1 21:00,1260,3212.7,4395;4393;4214;4213;4211;4210;4209;4388;4387;4380;4379;4377;4376;4375;4373;4196;4367;4192;4186;4182;7446;4181;4346;7458,6614;18128;24434;388;25974;25975;40465;42381;7022;17588;4393;4394;18158;4395;17567;24498;3289;42374;17577;23198;18178;25070;39396,false
216,Day1 00:00,Day1 21:20,1280,1747.0,6169;6168;6164;6341;6342;6526;6527;6700;6701;6706;6709;6711;6713;6715;6879;6880;6881;6882;6883;6887,25614;9892;27883;42341;36551;36549;36548;17;331;16341;2362;35332;35331;35328;31668;16027;16026;43375;41422,false
150,Day1 00:00,Day1 21:20,1280,1884.2,956;1121;1122;1296;1295;1461;1462;1615;1613;1758;7268;1936;1935;2117;2115;2114;2111;7293;2297;2296;2294,43731;32937;35479;35481;42186;22224;42974;42976;42978;21843;21842;21841;21840;13269;42984;42985;42986;42988;42989;1343,false
132,Day1 00:00,Day1 21:20,1280,3758.8,7050;7040;7029;7047;7045;6855;6860;7545;7084;7082;7083;7085;7088;7090,10029;18818;25561;13430;134;16893;25586;2151;2852;1634;31514;41093;41094,false
136,Day1 00:00,Day1 21:20,1280,2214.6,59;61;57;58;215;218;219;7177;222;223;363;365;366;368,2425;886;14123;320;5983;6315;14119;16175;2671;3377;15297;924;22528,false
194,Day1 00:00,Day1 21:20,1280,2081.1,4321;4322;4323;4324;4151;4150;4148;4147;4149;3948;3949;3764;3762;3756;3571;3570;3382;3380;3379;3184;3183;3182,43578;19066;9731;5111;17075;17073;13429;40522;2142;27076;29613;327;4248;41003;41004;41005;9365;35431;35430;171;20516,false
84,Day1 00:00,Day1 21:20,1280,2950.1,5218;5217;5375;5373;5370;5562;5563;5744;5939;5940;5941;6118;6113;6112;6110;6106;6102;6096;6092;6091;6089;5918,32;13393;39326;39325;34665;28333;28334;28335;32603;163;43823;43822;43821;19446;19448;20761;20760;833;832;16513;43431,false
290,Day1 00:00,Day1 21:20,1280,1309.2,6095;6094;6093;5923;5921;5717;5716;5715;5528;5526;5525;7494,43522;19053;13332;30060;33422;36586;8930;21946;4975;30507;30506,false
187,Day1 00:00,Day1 21:20,1280,1473.7,1960;7278;1962;1961;2149;2151;2152;2334;2333;2517;2684;2685;2687;2688,32859;31330;12651;31326;2618;10155;17133;42069;42068;14947;20135;23163;2860,true
276,Day1 00:00,Day1 21:20,1280,2326.0,2432;2429;2256;2075;2078;1897;1898;1731;1732;1585;1430;1431;1271;7223;1087;7209;919;753;752;754,34464;8388;27851;16378;41654;16377;27844;27845;27847;27849;34467;11728;38547;38548;38550;16367;21254;34851;21256,false
249,Day1 00:00,Day1 21:20,1280,2301.2,2736;2738;2739;2740;2382;2383;2384;2385;2387;2210;2211;2212;7288;2214;2030;2031;7276;1857,27372;29823;23760;4171;35890;533;33147;6439;946;25118;1881;22563;26525;16590;16588;15557;2265,false
124,Day1 00:00,Day1 21:40,1300,3769.0,6542;6358;6199;6200;6201;6202;6203;6046;6047;6048;6049;5874;5873;5872;5869;5867;5865;5860;5858;5856;5677;5675;5673;5674;5672;5668;7498;5664;5661;7497;5657;5656;5652;5651;5648,16873;16872;30304;3057;41208;8097;30929;667;21890;21889;21888;3849;19495;17255;17261;42202;17265;17268;17267;27564;27565;17271;13487;9746;33516;15926;17277;17278;17279;5232;20711;20710;275;22828,false
193,Day1 00:00,Day1 21:40,1300,2699.9,4193;4192;4365;4364;4559;4560;4557;4766;4764;4761;4760;7471;4758;7476;5096;7484;5237;5426;5427;5425;5423;5418;5599;5600;5602,21781;22689;24500;24502;963;33839;17614;4992;7728;7727;6874;7270;33756;41916;3122;15710;40260;30312;30311;30310;30309;41922;31163;31162,false
87,Day1 00:00,Day1 21:40,1300,1657.2,140;136;126;128;94;79;73;63,37887;28087;14411;22429;22428;22427;3413,false
49,Day1 00:00,Day1 21:40,1300,1861.3,7142;7553;6918;6915;6912;6914;6909;6910;7550;6906;6721;6722;6542;6543;6544;6547,40987;4651;43346;18745;20204;20203;18735;18734;18732;43339;3124;16876;37038;37039;37031,false
107,Day1 00:00,Day1 21:40,1300,3316.8,1533;1688;1690;1384;1539;7221;1388;1389;1391;1547;1550;1554;1555;1556;1396;1397;1232;1234;1235;1236;1237;1238;1241;1243;1246;1248;1415;1414,29378;33131;1996;2005;25331;43075;2351;1519;26001;16536;9096;43029;24367;18329;6627;43019;9904;2298;17477;2232;32366;25767;25769;25770;25771;2299;38530,false
198,Day1 00:00,Day1 21:40,1300,3195.4,4388;4586;4793;4792;4962;4961;4960;5118;5119;5269;5462;5463;5465;5680;5679;5856;5855;5854;5853;5852;6017;6016;6019;6018;6015;6194;6193;6192,25910;25911;17616;41831;42852;42853;18140;9748;24489;26995;30358;35826;35827;19738;44006;15891;43315;43317;18674;12497;54;5321;20872;20873;40790;20875;8195,false
101,Day1 00:00,Day1 21:40,1300,2737.6,5913;5914;5915;5916;5917;5918;6089;6091;6092;6096;6102;6106;6110;6112;6288;6289;6292;6294;6482;6664;6665;6666;6667;6668;7537;6672;6675,41390;41391;43427;43428;43429;43431;16513;832;833;20760;20761;19448;19446;637;10035;298;294;293;3034;27407;7617;34797;34798;34795;27406;22093,false
3,Day1 00:00,Day1 21:40,1300,3781.6,6950;6761;6759;6756;6754;6750;6748;6746;6565;6566;6567;6568;6564;6563;6561;6557;6371;6367;6368;6200;6199;6358,38025;38047;38035;38036;38037;38045;11195;11058;18687;10066;10065;24123;24122;7258;1834;17229;35105;18728;2515;30304;16872,false
221,Day1 00:00,Day1 21:40,1300,9327.5,3446;3640;3638;3637;3817;4014;4215;4395;4394;4805;4803;7479;5129;5271;5474;5472;5473;5470;5680;5679;5856;5858;5860;5865;5867;5869;5872;5873;5874;5477;5681;5682;5683;5283;5282;5136;4977;3819;3642;3643;3644,16312;35260;35259;8272;8273;19706;19709;19711;19714;19716;19721;43990;19724;19726;19729;44001;44000;19732;19738;44006;17267;17268;17265;42202;17261;17255;19495;3849;349;20992;20993;33740;3146;23337;23339;3154;23807;27712;27714;27715,false
273,Day1 00:00,Day1 21:40,1300,2504.6,1074;1073;1254;1257;1256;1573;1726;1727;1890;1891;1893;1894;2073;2074;2075;2259;2260;2261;2262;2438;2440;2609;2610;2611;2795;2794,14401;1422;43009;16110;959;41720;33121;33122;11726;16528;35399;11725;41722;8356;16530;34781;26138;6769;24251;24253;24254;41724;41725;14753;39995,false
50,Day1 00:00,Day1 21:40,1300,2202.1,6506;6509;6513;6514;6327;6328;6157;6156;5969;5968;5967;5796;5795;5792;5794;5793;5607;5606;5604;5603;5418;5426;5428,20486;31490;31491;17512;2187;1742;42;42795;42794;42792;452;42787;42786;5167;3265;32364;32363;32362;5795;3267;6188;17850,false
229,Day1 00:00,Day1 22:00,1320,2762.9,5119;5118;5116;5115;5112;5110;5109;5106;5258;5256;5254;5251;5443;5442;5440;5439;5242;5240;5237;5430;5426;5427;5425;5423;5418;5601;5598;5595;5593;5591;5588,9748;34962;29576;40218;14494;4641;1456;14724;21884;42814;33163;33164;357;27557;27556;27555;27554;44100;15711;15626;30312;30311;30310;30309;16984;41070;41071;41072;41073;41080,false
110,Day1 00:00,Day1 22:00,1320,3198.5,6206;6205;6204;6201;6200;6199;6358;6542;6722;6721;7548;6882;6881;6880;6712;6714,26718;30479;41212;3057;30304;16872;16873;16876;3124;16881;15;16026;16027;41417;180,false
163,Day1 00:00,Day1 22:00,1320,2605.1,3049;3052;3055;3057;3059;3062;3210;3401;3586;7397;3592;3593;3594;3790;3791;3985;3986;4200;4201;4380,17143;19151;27181;27178;4048;1133;17185;17829;17182;16901;7756;3352;21777;21774;975;22684;2378;17598;969,false
254,Day1 00:00,Day1 22:00,1320,2619.5,7373;3288;7371;3119;3118;2957;2958;2767;2765;2589;2590;2414;2235;2236;2237;2047;2046;2048;2049;1876,3554;28723;1191;23895;20043;21452;3560;21456;21603;14569;40494;17955;14509;31191;31193;14572;25977;597;16571,false
258,Day1 00:00,Day1 22:00,1320,3064.7,5983;5981;5980;5808;5807;5631;5630;5446;5445;5248;5101;5100;4940;4938;4937;4759;7471;4760;4756;4538;4332;4334,20624;212;20890;20889;335;2835;31187;31188;21336;21335;34771;4483;21156;9085;27577;27578;6874;11133;6219;17544;17545,false
75,Day1 00:00,Day1 22:20,1340,2631.0,3248;3246;3245;7382;7403;3613;3612;7420;7437;4196;4367;4192;4183;7446;7442;4172,24481;3362;3358;7755;3359;22889;26707;26708;6557;24498;3289;17575;23201;2690;23169,false
251,Day1 00:00,Day1 22:20,1340,3712.4,727;728;571;569;568;563;561;554;550;549;364;363;223;222;7177;219;218;215;56;55;54;53;50;7174;7171;38;34;31;186;184,26081;26079;26066;28605;4517;9509;922;22532;39665;39489;12897;3377;2671;16175;14119;6315;5983;4804;3600;3343;18403;39921;39922;20085;22621;34167;7245;28578;34137,false
78,Day1 00:00,Day1 22:20,1340,1245.0,7221;1220;1219;1048;1046;697;696;535,43074;43072;26273;43076;24608;1317;23614,false
164,Day1 00:00,Day1 22:20,1340,1875.2,2435;2433;2432;2429;2426;2251;2425;2247;2245;2050;2048;2046;2234;2233,25214;11721;34464;21585;21587;14538;36415;36414;35934;14510;25977;17917;14574,false
182,Day1 00:00,Day1 22:20,1340,2333.6,5812;5814;5816;5818;5819;5825;5829;5837;5841;5845;5847;5849;5850;5851;5854;5855;5862;5863;5866;5870;5871,20601;20600;198;2322;25937;25625;16382;24305;24304;15918;33893;1461;29897;29896;43315;201;20880;20975;20974;43909,false
266,Day1 00:00,Day1 22:20,1340,2344.1,5808;5807;5631;5630;5446;5445;5248;5101;5102;4942;4773;4774;4775;4776;4564;4568;4779;4571,20889;335;2835;31187;31188;21336;21335;28924;34190;33320;33501;33502;38928;38929;7024;381;42850,false
28,Day1 00:00,Day1 22:20,1340,2940.1,3896;4087;4089;4091;4094;4261;4264;4267;4269;4271;4275;4469;4473;4477;4480;4483;4485;4488;4491;4492;4684;4685;4686;4687;4883;4884;4885;5047;5045;5044;5207;5206;5354;5352;5355;5357;5360;5361,26031;26029;26027;26025;26023;41964;34715;34713;3328;41971;2565;24399;24398;24396;13392;15524;2573;26510;26509;15527;4061;12604;41130;15481;43553;43552;12886;2761;28351;2767;4386;13923;8884;15862;36588;36589;30820,false
32,Day1 00:00,Day1 22:20,1340,1911.8,2495;2493;2662;2661;2854;2853;2852;2851;3025;3024;3023;3180;3179;3178;3177;3373;3372;3371;3370;3558;3557;3553;3734;3737;3739;3741;3744;3743,13416;526;26011;26012;26013;26014;26015;26017;26018;17029;42223;37965;37966;37968;37969;43933;43934;17290;42226;33664;15192;7591;30223;30222;30221;30219;4678,false
156,Day1 00:00,Day1 22:20,1340,1696.1,6724;6542;6544;6547;7527;6358;6199;6200;6368;6370;6372;6373,10595;35113;37031;10272;35114;16872;30304;2515;14550;34071;30993,false
8,Day1 00:00,Day1 22:20,1340,3413.6,3309;3312;3315;3316;3318;3319;3322;3323;3326;3328;3329;3330;3332;3333;3523;3525;3528;3529;3531;3533;3714;3715;3718;3535;3721;3722;3724;3726;3727;3730;3544;3546,43745;21743;7134;1074;1988;8254;34626;38696;38638;29629;38623;38624;11798;9548;28813;25145;11716;686;20694;20695;24739;1720;20524;36512;34719;43835;34721;7489;29802;29801;1613,false
58,Day1 00:00,Day1 22:40,1360,2298.2,2225;2403;2226;2227;2036;2037;2039;2040;2041;2042;2043;2234;2046;2048;2049;1874;1876;1716;1719;1722;1723,24645;28378;28379;28380;28381;32591;39912;18344;9839;23218;14651;17917;25977;597;16572;38141;14216;17333;20776;32844,false
56,Day1 00:00,Day1 22:40,1360,1162.7,4732;4919;4727;4726;4915;4912;4910;5065;5063;5062;5061,19070;21866;20667;11102;2161;20492;43563;43567;20250;17660,false
131,Day1 00:00,Day1 22:40,1360,1459.5,760;759;929;930;1091;1279;1278;1276;1273;1271;1431;1430;1584;1583,18461;28146;28145;23143;1951;25234;25225;23313;23314;11728;34467;34468;34470,false
0,Day1 00:00,Day1 22:40,1360,2259.5,6529;6526;6342;6341;6164;6166;6163;6161;5978;5979;5807;5631;5630;5446;5445;5444;5442;5443,31502;36551;42341;27883;20219;18;17530;59;20458;20459;335;2835;31187;31188;27560;27559;357,false
202,Day1 00:00,Day1 22:40,1360,2932.8,3610;7403;3613;3612;3805;3804;4000;4206;4204;4203;4201;4380;4381;4578;4577;4576;4785;4784;4956;5108;5106;5259;5257;5451;5454;5453;5452,18199;3359;22889;22886;28241;5187;42391;42388;42385;42383;969;42379;42403;42402;42401;42400;42399;42398;18719;13466;370;17522;17501;21876;21032;21033,false
146,Day1 00:00,Day1 22:40,1360,3543.1,3962;7429;4168;4333;4332;4538;4537;4742;4739;4736;4733;4917;4915;4912;4910;5065;5063;5218;5217;5375;5374;5367;5363;5360;5361;5358;5356,38074;38072;3734;23426;17544;36147;36144;36142;42614;36138;5097;9139;2161;20492;43563;43567;19063;32;13393;5564;858;14138;36590;30820;6992;32061,false
199,Day1 00:00,Day1 22:40,1360,2362.6,5862;5855;5856;5679;5680;5470;5474;5475;5271;5272;5129;7478;5131;4803;4805;4592,201;15891;44006;19738;19732;19733;43994;19727;19725;43992;19723;43987;43985;19716;43980,false
171,Day1 00:00,Day1 22:40,1360,3053.9,4665;4465;4467;4468;4470;4469;4277;4281;4111;4284;4115;3917;3918;3920;3736;3740;3743;7411;7414;7415;3751;3933;3752;3567;3756;3762;3573;3385;3386;3388,12794;3653;19295;17299;3759;27914;27913;28471;16958;20696;6177;3680;36421;36420;190;32430;6716;5890;26751;26748;30064;24749;24748;15316;4248;42567;42566;6064;330,false
294,Day1 00:00,Day1 23:00,1380,3680.3,6981;6974;6971;6967;6966;6965;6961;6959,576;23207;1476;1466;691;762;1609,false
287,Day1 00:00,Day1 23:00,1380,1937.2,4938;4940;5100;5101;5252;5253;5254;5256;5258;5106;5109;5110;5112;5115;5116;5118;5268,21156;4483;34771;29740;29739;29737;42814;21884;14724;1456;4641;14494;40218;29576;34962;42859,false
184,Day1 00:00,Day1 23:00,1380,4739.8,5478;5479;5477;5874;5872;5869;5867;5865;5860;5858;5856;5673;5674;5672;5460;5458;5456;5106;5104;5103;4951;4952;4953;4778;4779;4571;4572;4570;4368;4369;4371;4372,37243;18658;349;6289;17255;17261;42202;17265;17268;17267;779;13487;9746;820;14558;39584;18089;39651;39652;33497;42846;42847;42848;42849;42850;14682;28894;28895;18156;21095;37225,false
293,Day1 00:00,Day1 23:00,1380,2610.1,1767;1946;1948;2130;2131;2132;2315;2317;2319;2321;2504;2507;2511;2512;2514;2679;2681;2683;2898;2901;2902;2903;2907;2692;2694;2696;2697,37958;37779;25729;10226;36992;42945;21387;21386;21385;42942;42941;42938;42937;42936;26569;26567;18292;636;23166;23165;12680;3953;24280;36183;24276;24279,false
142,Day1 00:00,Day1 23:00,1380,2540.1,2996;2994;2993;2807;2984;2798;2797;2795;2611;2610;2609;2440;2438;2262;2261;2260;2259;2075;2074;2073;1894;1893;1891;1890;1888;1887;1885,36429;4770;34047;16169;1176;41728;38543;14753;41725;41724;24254;24253;24251;6769;26138;34781;16530;8356;41722;11725;35399;16528;11726;20784;20782;20780,true
217,Day1 00:00,Day1 23:00,1380,2270.5,1529;1530;1533;1688;1689;1839;2020;2021;2384;7318;2562;7326;2742;2943;3107;3276;3274,29382;29379;29378;18393;43057;43055;31475;2584;6433;16681;13258;13259;33168;940;22827;40129,false
37,Day1 00:00,Day1 23:00,1380,6054.1,3439;3632;3631;3629;4008;4588;4797;4968;4969;5124;5125;5270;5464;5462;5463;5465;5680;5679;5856;5860;5865;5867;5869;5872;5873;5874;5477;5479;5478;5481;5274;5275;5276;5280,28404;28405;28406;28118;28120;28124;28125;41826;29232;34994;34349;25710;26978;30358;35826;35827;19738;44006;664;17265;42202;17261;17255;19495;3849;349;18658;37243;10462;10460;37247;33744;29595,false
113,Day1 00:00,Day1 23:00,1380,2679.4,1617;1614;1758;7265;1934;1933;2115;2114;2111;2109;2107;2105;2295;2292;2289;2288;7291;2285;2282;2278;2277;2458;2457;2626;2808;2807;2991;2990,4432;32450;42979;42980;42981;42982;42984;42985;17701;11035;40979;25549;42168;42515;20575;20574;20573;27853;22182;34576;2982;34562;34563;34565;28928;11800;17807,false
93,Day1 00:00,Day1 23:20,1400,3089.6,6469;6468;6473;6284;6283;6282;6115;6116;6118;5941;5940;5939;5744;5563;5561;5560;5559;5556;5555;5554;5552;5551;5353;5351;5352;7490;5199;5201,6953;20733;20729;20731;18044;18041;20764;6782;43823;163;32603;28335;28334;30322;7502;22;19;13355;20207;20206;15946;1730;1728;2764;10096;20241;7516,false
118,Day1 00:00,Day1 23:20,1400,3010.7,6656;6658;6659;6661;6662;6663;6664;6665;6484;6487;6489;6493;6494;6315;6322;6502;6503;6504;6505;6507;6510;6516;6695;6524;6706;6709;6711;6707;6710,28340;28341;9148;29826;29825;29824;27407;27408;27409;38423;38422;20938;20937;38389;22929;22930;4681;35303;35307;35308;35309;35311;35312;16021;16341;2362;181;3921,false
209,Day1 00:00,Day1 23:20,1400,3019.6,127;118;112;108;98;85;91;103;110;104;97;89;230;229;227;225;223;363;365;366;368;370,28302;28303;28320;28321;28322;28315;28285;28284;28287;28289;28290;17387;42250;25875;17393;17392;3377;15297;924;22528;22420,false
214,Day1 00:00,Day1 23:20,1400,2302.9,383;382;381;570;569;571;728;727;726;725;724;892;890;1068;1069;1250;1251;1252;1418;1572;1573;1726;1727;1890;1888,43112;43111;22946;22947;26066;26079;26081;26083;26085;26086;26087;1842;16183;40161;40158;25973;25972;16525;22653;23557;41720;33121;33122;20784,false
191,Day1 00:00,Day1 23:20,1400,3377.5,5605;5423;5425;5427;5426;5430;5237;7484;5096;7476;4758;7470;7468;4756;4548;4346;4340;4337;4335;4164;4162;4159;4154;4149;3948;3945;3943;7417;3942,5917;30310;30311;30312;15626;15711;15710;3122;41916;33756;15716;15715;15537;6568;42870;12968;5642;4223;3727;28982;32059;32058;32057;2142;744;22142;329;42084,false
95,Day1 00:00,Day1 23:20,1400,3683.8,3946;4144;3944;3943;7417;3761;3759;3757;3756;3567;3569;3568;3380;3379;3184;3030;2858;2857;2856;2663;2493;2492;2491;2489;2307;2303;7295;2299;7294;2292;2289;2288;7291,22139;6405;24469;329;42083;20855;20856;21714;15316;35435;35434;35433;35431;35430;8372;21936;21935;21934;21932;21930;44094;15183;27841;27842;22156;22027;22028;2965;42157;42515;20575;20574,false
21,Day1 00:00,Day1 23:20,1400,2589.1,6295;6125;6124;6123;6121;5944;5943;5942;5746;5745;5743;5565;5564;5566;5562;5365;5363;5360;5361;5358;5359;5210;5211;5213;5051,28502;25031;25030;25029;25028;1831;39142;39141;27399;27398;27397;27396;27395;20;1889;9716;36590;30820;6992;61;1330;23678;20302;20303,false
15,Day1 00:00,Day1 23:20,1400,1983.0,6024;6023;6021;5852;5853;5854;5855;5856;5679;5680;5465;5463;5462;5464;5270;5125;4972,35051;30642;30645;18674;43317;43315;15891;44006;19738;35827;35826;30358;26978;25710;34349;24044,false
208,Day1 00:00,Day1 23:40,1420,2873.1,3634;3629;3622;3621;7403;7401;3423;3420;3234;3233;7366;3072;7351;2909;2905;2902;2901;2689;2688;2521,14417;8268;13154;13153;13631;1484;36844;36845;36846;16089;16090;30379;30378;1127;18255;23165;24267;12668;2861,false
205,Day1 00:00,Day1 23:40,1420,2477.6,4362;4361;4360;4559;4560;4561;4772;4771;4770;4773;4942;5102;5101;5248;5445;5446;5630;5637;5639;5640;5642;5815,18168;33280;33279;963;22690;21147;40695;40697;33499;33320;34190;28924;21335;21336;31188;31187;15920;28213;5901;5902;363,false
233,Day1 00:00,Day1 23:40,1420,2073.9,3241;3242;3240;3079;3080;2712;2711;2528;7316;2526;2346;2344;2343;2166;2167;1990;1988;7279;1798;1797;1659,36849;23872;23871;23870;22912;42462;42459;5775;32359;19153;33728;31708;33943;10164;30084;30083;41684;16428;24052;31670,false
83,Day1 00:00,Day1 23:40,1420,1732.6,3238;3600;3982;4197;4196;4367;4365;4364;4559;4556;4554,26346;26347;26350;26351;24498;24499;24500;24502;24503;23995,false
66,Day1 00:00,Day1 23:40,1420,2879.9,1465;1764;1761;1617;1614;1758;7268;1936;1935;2117;2116;2112;2299;7294;2295;2292;2289;2288;7291;2285;2282;2278;2277;2276;2274;2272;2454,2349;20417;28114;4432;32450;21843;21842;21841;21840;21837;21836;21835;2965;42160;42168;42515;20575;20574;20573;27853;22182;34576;9501;34568;34569;22168,false
296,Day1 00:00,Day1 23:40,1420,1282.8,7117;7112;7101;7099;7096;7094;7091,31887;31885;39149;37770;12958;25588,false
35,Day1 00:00,Day1 23:40,1420,2978.6,7446;7442;4168;4167;3956;3954;3953;3951;3768;3769;3767;3766;3383;3382;3380;3379;3184;3030;2858;2857;2855;2854;2661,2690;1161;27159;27158;2853;27594;27595;310;14856;16036;16037;6230;41454;9365;35431;35430;8372;21936;21935;26020;2348;26012,false
267,Day1 00:00,Day1 23:40,1420,4093.0,6982;6978;6992;7002;7013;7020;6842;6855;6860;7545;7084;7086;6878;6882;6881;6880;6879;6877,4609;34856;34857;34858;24138;41905;15805;16893;25586;2151;16890;2153;2152;16026;16027;31668;178,false
137,Day1 00:00,Day2 00:00,1440,2579.0,3550;3551;3554;3558;3370;3371;3561;3376;3377;3382;3381;3384;3385;3386;3197;3198;3040;3048;3050;3054;3056;3059;3062;3210,34028;34027;7101;42226;17290;20509;23401;1244;16054;42562;21857;6069;6064;28395;28394;28393;27082;27084;2592;25837;25839;4048;1133,false
73,Day1 00:00,Day2 00:00,1440,2936.7,6622;6441;6257;6258;6074;5879;5689;5690;5498;5495;5496;5494;5493;5499;5500,1239;13738;2396;1034;12121;22880;1029;22839;10052;566;565;24062;21302;21301,false
69,Day1 00:00,Day2 00:00,1440,2785.2,7076;7078;7080;7546;6878;7108;7111,35160;4887;8324;135;21244;20543,false
159,Day1 00:00,Day2 00:00,1440,4671.3,136;138;137;133;103;110;104;97;89;230;229;227;225;223;363;364;549;550;554;561;563;568;569;571;730;732;578;579;580,28086;3324;22452;14838;28284;28287;28289;28290;17387;42250;25875;17393;17392;3377;12897;39489;39665;22532;922;9509;4517;28605;26066;26060;26061;28584;28585;28586,false
176,Day1 00:00,Day2 00:00,1440,2231.6,3790;3594;3593;3592;7397;7396;7394;3775;3958;3773;3772;3771;3577;3576;3766;3947,21777;3352;7756;16901;1129;1128;1608;27586;34928;34929;624;16065;40179;14136;21682,false
