stop_id,stop_name,stop_lat,stop_lon,x,y,snapped_node_id,snap_dist_m,modes_served,routes_served
6,Fermata 10 - RUBIANA,45.07545,7.63915,1392910.59,4992252.47,1946,12.5,BUS,"36, W01"
7,Fermata 100 - TOSCANA,45.09583,7.65728,1394375.25,4994492.66,3230,24.9,BUS,"1085, 2"
8,Fermata 1000 - CIMABUE,45.03807,7.61905,1391257.58,4988126.72,379,27.6,BUS,"12, 40, 58, 98"
8324,Fermata 10001 - FIOCHETTO,45.07641,7.68937,1396865.29,4992293.84,5217,73.9,BUS,"3006, 3092, 3107, 3131, 3133, 3166, 3990, 5135, VEX"
9,Fermata 1001 - INDUNO,45.03665,7.61937,1391280.09,4987968.55,368,15.4,BUS,"12, 40, 98"
10,Fermata 1002 - INDUNO,45.0369,7.61973,1391308.92,4987995.84,368,36.9,BUS,"12, 40, 98"
11,Fermata 1003 - CATTANEO OVEST,45.03575,7.6234,1391595.82,4987863.16,559,18.7,BUS,"12, 40, 98"
12,Fermata 1004 - CATTANEO OVEST,45.03609,7.62343,1391598.82,4987900.89,559,38.4,BUS,"12, 40, 98"
13,Fermata 1005 - CATTANEO EST,45.03512,7.62594,1391794.7,4987789.77,709,31.6,BUS,"1435, 2014, 3106, 3329, 40, 62, 90, 91, 92, 94, 97, 98, 99"
14,Fermata 1006 - CATTANEO EST,45.03538,7.62603,1391802.28,4987818.54,711,18.4,BUS,"1435, 2014, 3106, 3329, 40, 62, 90, 91, 92, 93 /, 94, 95, 96, 97, 98, 99"
15,Fermata 1007 - POMA,45.03372,7.62999,1392111.08,4987628.84,880,36.8,BUS,"2014, 3106, 3329, 40, 62, 90, 91, 92, 93 /, 94, 95, 96, 97, 98, 99"
16,Fermata 1008 - POMA,45.034,7.63013,1392122.64,4987659.76,881,34.8,BUS,"2014, 3106, 3329, 40, 62, 90, 91, 92, 93 /, 94, 95, 96, 97, 98, 99"
17,Fermata 1009 - SIRACUSA,45.03266,7.63317,1392359.58,4987506.85,1233,28.1,BUS,"40, 62, 90, 91, 92, 93 /, 94, 95, 96, 97, 98, 99"
18,Fermata 101 - VALDELLATORRE,45.09477,7.65646,1394308.77,4994375.97,3072,49.5,BUS,2
19,Fermata 1010 - SIRACUSA,45.03266,7.63413,1392435.2,4987505.57,1234,30.6,BUS,"40, 62, 90, 91, 92, 93 /, 94, 95, 96, 97, 98, 99"
8768,Fermata 10100 - STAZIONE STURA,45.1201,7.71089,1398636.56,4997120.2,7529,22.3,BUS,"3131, 3166, 5135"
20,Fermata 1011 - TRAIANO,45.02662,7.63701,1392650.77,4986830.76,1550,31.5,"BUS, TRAM","10, 40, 41, 90, 94, 95 /, 96, 97, 98, 99"
21,Fermata 1012 - CAIO MARIO NORD,45.02408,7.6352,1392503.42,4986551.0,1390,89.6,"BUS, TRAM","10, 1435, 2014, 3106, 3329, 40, 41, 90, 94, 95 /, 96, 97, 98, 99"
22,Fermata 1013 - CAIO MARIO NORD,45.02517,7.63639,1392599.21,4986670.51,1391,38.0,"BUS, TRAM","10, 1435, 3106, 3329, 41, 90, 94, 96, 97, 98, 99"
23,Fermata 1014 - CAIO MARIO EST,45.02213,7.63657,1392607.71,4986332.55,1386,39.6,BUS,"43, 99"
24,Fermata 1015 - CAIO MARIO EST,45.02253,7.63646,1392599.79,4986377.14,1386,17.1,BUS,"1085, 43, 99"
25,Fermata 1016 - CROCE,45.01802,7.64476,1393245.33,4985865.14,2019,27.3,BUS,"43, 99"
26,Fermata 1017 - CROCE,45.01841,7.64434,1393212.96,4985909.02,2019,38.1,BUS,"43, 99"
27,Fermata 1018 - ARTOM,45.01745,7.64742,1393453.85,4985798.32,2201,46.7,BUS,"43, 99"
28,Fermata 1019 - ARTOM,45.01778,7.64735,1393448.95,4985835.07,2202,29.1,BUS,"1085, 43, 99"
29,Fermata 102 - GROSSETO,45.10589,7.64538,1393457.62,4995625.86,2356,48.5,BUS,"72, 72 /"
30,Fermata 1020 - SETTE COMUNI,45.01729,7.65178,1393797.1,4985774.81,2563,16.2,BUS,"35, 43, 99"
31,Fermata 1021 - SETTE COMUNI,45.01757,7.65333,1393919.74,4985803.88,2562,31.9,BUS,"35, 43, 99"
32,Fermata 1022 - PLINIO,45.01725,7.65577,1394111.41,4985765.14,2742,32.8,BUS,"35, 43, 99"
33,Fermata 1023 - BENGASI OVEST,45.01757,7.66112,1394533.54,4985793.71,3278,21.1,BUS,"35, 43, 99"
34,Fermata 1024 - BENGASI SUD,45.01568,7.66234,1394626.2,4985582.16,3274,134.3,BUS,"43, 45, 84, 99"
35,Fermata 1025 - TARTINI,45.09982,7.70801,1398374.03,4994870.88,6189,17.7,BUS,62
36,Fermata 1026 - BENGASI SUD,45.01525,7.66284,1394664.8,4985533.74,3274,195.3,BUS,"43, 45, 84, 99"
40,Fermata 103 - PIANEZZA,45.092,7.65458,1394155.72,4994070.71,2909,37.2,BUS,"1085, 2, 29"
51,Fermata 104 - PIANEZZA,45.09184,7.65459,1394156.21,4994052.92,2909,19.4,BUS,"1085, 2, 29"
62,Fermata 105 - REGINA MARGHERITA,45.08819,7.65204,1393948.79,4993650.78,2899,28.2,BUS,"1085, 2, 29"
73,Fermata 106 - REGINA MARGHERITA,45.08807,7.65206,1393950.14,4993637.43,2899,30.9,BUS,"1085, 2, 29"
82,Fermata 1069 - CESANA,45.00773,7.62296,1391508.22,4984751.01,683,206.8,BUS,"1N, 39, 96"
83,Fermata 107 - APPIO CLAUDIO,45.08538,7.65008,1393789.33,4993341.19,2681,58.4,BUS,"1442, 2"
84,Fermata 1070 - CESANA,45.00754,7.6228,1391495.25,4984730.12,683,227.8,BUS,"1N, 39, 96"
86,Fermata 1072 - PRINCIPI D'ACAJA,45.07631,7.66419,1394883.14,4992315.16,3567,20.9,BUS,"36, M1S, W01"
87,Fermata 1073 - CASTELLO DI MIRAFIORI,45.0136,7.62533,1391706.06,4985399.93,687,49.0,BUS,"39, 41, 96, S04"
88,Fermata 1074 - CASTELLO DI MIRAFIORI,45.01356,7.62462,1391650.04,4985396.44,514,51.4,BUS,"39, 41, 96, S04"
89,Fermata 1075 - FARINELLI,45.01651,7.62863,1391971.57,4985718.8,867,64.2,BUS,"34, 38, 39, 41, 96, S04"
90,Fermata 1076 - PLAVA,45.01587,7.62718,1391856.11,4985649.63,692,12.7,BUS,"39, 41, 96, S04"
91,Fermata 1077 - BISCARETTI,45.01997,7.63253,1392285.36,4986097.97,1047,39.2,BUS,"39, 41, 63 /, 90, 94, 95 /, 97, 98, 99, S04"
92,Fermata 1078 - BISCARETTI,45.01909,7.63079,1392146.61,4986002.53,1045,54.7,BUS,"34, 38, 39, 41, 96, S04"
93,Fermata 1079 - VIGLIANI,45.02186,7.63454,1392447.26,4986305.26,7222,8.5,BUS,"39, 41, 63 /, 90, 94, 95 /, 97, 98, 99, S04"
97,Fermata 108 - APPIO CLAUDIO,45.08563,7.65046,1393819.7,4993368.46,2682,20.8,BUS,"2, 29"
98,Fermata 1080 - SETTEMBRINI,45.02269,7.63406,1392411.0,4986398.1,1226,24.8,BUS,"39, 41, 63 /, 90, 94, 95 /, 97, 98, 99, S04"
102,Fermata 1081 - PAVESE,45.01823,7.63053,1392124.51,4985907.34,870,43.7,BUS,"34, 38, 39, 41, 96, S04"
105,Fermata 1082 - PRINCIPI D'ACAJA,45.07643,7.66405,1394872.34,4992328.67,3571,35.5,BUS,"36, M1S, W01"
106,Fermata 1083 - CAIO MARIO CAP,45.02427,7.63623,1392584.92,4986570.74,1543,66.1,BUS,18
111,Fermata 109 - LESSONA,45.08274,7.64836,1393649.07,4993050.17,2514,47.2,BUS,"2, 22"
116,Fermata 1095 - VIGILI DEL FUOCO,45.08855,7.64885,1393698.42,4993694.97,2521,36.5,BUS,32
121,Fermata 110 - LESSONA,45.08343,7.64899,1393699.93,4993125.99,2513,43.4,BUS,"2, 22"
122,Fermata 1100 - SANGONE,45.00987,7.62118,1391371.99,4984991.13,327,30.0,BUS,"39, 41"
123,Fermata 1101 - SANGONE,45.01016,7.62086,1391347.32,4985023.77,327,38.3,BUS,41
124,Fermata 1102 - CAIO MARIO,45.02419,7.63696,1392642.29,4986560.88,1541,21.6,BUS,"1085, 1442, 1510, 1511, 2014, 3106, 63 /, 95 /"
125,Fermata 1103 - CAIO MARIO,45.02355,7.63619,1392580.43,4986490.81,1389,79.2,BUS,"1442, 1510, 1511, 18, 38, 39, 62, 63 /, 91, 92, S04"
126,Fermata 1104 - BRAMANTE,45.04642,7.66186,1394644.82,4988997.69,3312,11.3,BUS,"92, S04"
127,Fermata 1105 - LEPANTO,45.04701,7.66234,1394683.71,4989062.61,3313,18.2,"BUS, TRAM","4, 92, S04"
128,Fermata 1106 - OSPEDALE MAURIZIANO,45.04958,7.66541,1394930.19,4989344.12,3691,13.9,BUS,"92, S04"
130,Fermata 1108 - MAGELLANO,45.05154,7.66762,1395107.81,4989558.99,3693,49.4,BUS,"92, S04"
133,Fermata 1110 - VESPUCCI,45.05274,7.66894,1395213.95,4989690.59,3879,32.4,BUS,"92, S04"
134,Fermata 1111 - PERVINCHE,45.10348,7.63609,1392722.24,4995370.41,1672,53.3,BUS,29
135,Fermata 1112 - SOMMEILLER,45.0557,7.67225,1395479.98,4990015.13,4250,79.5,"BUS, TRAM","4, 92, S04"
136,Fermata 1113 - PERVINCHE NORD,45.10597,7.63586,1392708.81,4995647.34,1676,60.8,BUS,29
137,Fermata 1114 - PASTRENGO,45.05833,7.67432,1395647.76,4990304.63,4252,9.4,"BUS, TRAM","4, 92, S04"
138,Fermata 1115 - PRIMULE NORD,45.106,7.62564,1391904.85,4995664.29,1023,38.1,BUS,29
141,Fermata 1118 - BOLZANO CAP,45.07335,7.66751,1395139.05,4991982.02,3928,48.8,BUS,"51, W15, W15B"
142,Fermata 1119 - CAIO MARIO CAP,45.02446,7.63614,1392578.19,4986591.96,1391,46.9,BUS,39
144,Fermata 1120 - MARSIGLI CAP,45.06819,7.62757,1391985.4,4991461.35,954,27.8,BUS,42
146,Fermata 1122 - BRUNELLESCHI,45.06923,7.62456,1391750.41,4991580.91,791,48.1,BUS,"42, VE1"
147,Fermata 1123 - CHAMBERY,45.06981,7.62319,1391643.66,4991647.18,620,55.3,BUS,42
148,Fermata 1124 - LECCE,45.08467,7.65038,1393811.63,4993261.92,2680,28.8,BUS,29
149,Fermata 1125 - SACRARIO DEL MARTINETTO,45.08398,7.65333,1394042.52,4993181.4,2886,58.1,BUS,29
150,Fermata 1126 - SACRARIO DEL MARTINETTO,45.08421,7.65314,1394027.99,4993207.2,2886,38.7,BUS,"29, 32"
151,Fermata 1127 - PERVINCHE,45.10338,7.63554,1392678.78,4995360.03,1672,34.8,BUS,29
152,Fermata 1128 - GIAMBONE,45.0308,7.65182,1393825.24,4987275.58,2587,12.8,BUS,"14, 63, 63 /"
154,Fermata 1130 - RE UMBERTO,45.05142,7.66249,1394703.62,4989552.32,3508,38.3,BUS,"42, 66, S05, S05B"
157,Fermata 1131 - OSPEDALE MAURIZIANO,45.05057,7.66509,1394906.8,4989454.51,3505,33.9,BUS,42
158,Fermata 1132 - OSPEDALE MAURIZIANO,45.05049,7.66474,1394879.09,4989446.08,3505,39.7,BUS,42
159,Fermata 1133 - ROCCABRUNA,45.04915,7.66723,1395072.72,4989293.99,3875,31.0,BUS,42
160,Fermata 1134 - ROCCABRUNA,45.04931,7.6671,1395062.78,4989311.93,3875,49.6,BUS,42
161,Fermata 1135 - NIZZA,45.04754,7.67232,1395470.62,4989108.54,4073,44.8,BUS,42
162,Fermata 1136 - NIZZA,45.04767,7.67238,1395475.59,4989122.91,4073,46.2,BUS,42
163,Fermata 1137 - MADAMA CRISTINA,45.04704,7.67484,1395668.17,4989049.75,4238,34.4,BUS,42
164,Fermata 1139 - GIURIA,45.04651,7.67774,1395895.59,4988987.13,4424,36.6,BUS,42
166,Fermata 1140 - GIURIA,45.04676,7.67693,1395832.25,4989015.95,4425,28.4,BUS,42
168,Fermata 1142 - MORANDI,45.01504,7.63222,1392251.68,4985550.71,1040,14.0,BUS,"34, 38"
170,Fermata 1144 - FABRIZI,45.0801,7.65638,1394275.4,4992746.37,3194,40.5,TRAM,13
172,Fermata 1146 - SECRETO,45.10369,7.65094,1393890.95,4995374.14,2926,27.2,BUS,72 /
179,Fermata 1152 - ANSELMETTI,45.01782,7.6045,1390072.77,4985896.81,10,59.9,BUS,"34, 38, 63 /, 95 /"
180,Fermata 1153 - ANSELMETTI,45.01784,7.60615,1390202.82,4985896.79,9,26.8,BUS,"34, 38, 63, 95 /"
181,Fermata 1154 - DROSSO,45.0172,7.6102,1390520.71,4985820.21,175,57.3,BUS,"34, 38, 63 /, 95 /"
182,Fermata 1155 - DROSSO,45.01709,7.60995,1390500.8,4985808.33,175,37.7,BUS,"34, 38, 63, 95 /"
183,Fermata 1157 - ROVEDA,45.01901,7.61127,1390608.46,4986019.83,184,31.8,BUS,"34, 38, 63, 95 /"
184,Fermata 1158 - NEGARVILLE CAP,45.02045,7.61226,1390689.21,4986178.47,189,17.7,BUS,63
185,Fermata 1159 - NEGARVILLE EST,45.02025,7.61532,1390929.92,4986152.12,190,36.7,BUS,"34, 38, 71, 90, 94, 95 /, 96, 97, 98, 99"
186,Fermata 116 - RIVOLI SUD,45.07497,7.64268,1393187.55,4992194.48,2130,78.6,BUS,"1085, 1442, 2, 22"
187,Fermata 1160 - JONA,45.02064,7.61487,1390895.21,4986196.05,190,24.0,BUS,"34, 38, 63 /, 71, 90, 94, 95 /, 96, 97, 98, 99"
188,Fermata 1161 - FACCIOLI,45.01931,7.61832,1391164.51,4986043.66,348,58.8,BUS,"34, 38, 63 /, 71, 90, 94, 95 /, 96, 97, 98, 99"
189,Fermata 1162 - FACCIOLI,45.01909,7.61831,1391163.3,4986019.23,348,46.2,BUS,"34, 38, 71"
190,Fermata 1163 - VALLARSA,45.01705,7.62443,1391641.65,4985784.4,695,21.5,BUS,"34, 38, 71"
191,Fermata 1164 - VALLARSA,45.01766,7.623,1391530.13,4985854.08,527,27.8,BUS,"34, 38, 71"
192,Fermata 1165 - UNIONE SOVIETICA,45.01584,7.62859,1391967.16,4985644.42,867,14.8,BUS,"34, 38, 71"
193,Fermata 1166 - OSPEDALE VALLETTA,45.01564,7.63044,1392112.55,4985619.73,866,18.8,BUS,"34, 38, 71"
196,Fermata 1169 - PORTOFINO,45.01903,7.63359,1392367.11,4985992.13,1218,87.0,BUS,"34, 38"
197,Fermata 117 - RIVOLI SUD,45.07489,7.64312,1393222.03,4992185.01,2129,96.5,BUS,"1085, 1442, 2, 22"
198,Fermata 1170 - PORTOFINO,45.01923,7.63375,1392380.09,4986014.14,1218,82.1,BUS,"34, 38"
199,Fermata 1171 - ISLER,45.01801,7.63766,1392685.88,4985873.42,1537,21.5,BUS,"34, 38"
200,Fermata 1172 - ISLER,45.01819,7.63783,1392699.61,4985893.19,1537,26.8,BUS,"34, 38"
201,Fermata 1173 - VERGA,45.01112,7.63615,1392554.01,4985110.01,1363,45.0,BUS,"34, 38, 63"
202,Fermata 1174 - VERGA,45.01186,7.63675,1392602.68,4985191.42,1365,28.4,BUS,"34, 38, 63"
203,Fermata 1175 - PARCO COLONNETTI,45.00999,7.64154,1392976.65,4984977.34,1821,27.3,BUS,"34, 38"
204,Fermata 1176 - PARCO COLONNETTI,45.01024,7.64051,1392895.95,4985006.48,1825,73.0,BUS,"34, 38"
205,Fermata 1177 - SAPRI,45.01161,7.65294,1393878.0,4985142.3,2556,32.3,BUS,"34, 38"
206,Fermata 1178 - PISACANE,45.01426,7.65424,1393985.33,4985434.99,2739,57.1,BUS,"34, 35, 38"
207,Fermata 1179 - PISACANE,45.01388,7.65394,1393960.99,4985393.16,2737,52.7,BUS,"34, 38"
208,Fermata 118 - BARDONECCHIA,45.07207,7.64076,1393031.0,4991874.86,1941,51.9,BUS,"2, 22"
209,Fermata 1180 - LA MANTA C.23,45.02797,7.61154,1390646.81,4987014.83,211,10.3,BUS,"71, 90, 94, 95 /, 96, 97, 98"
210,Fermata 1181 - SOMALIA,45.01404,7.65773,1394259.93,4985405.98,3105,19.5,BUS,"34, 38"
211,Fermata 1182 - MARONCELLI CAP,45.0181,7.66282,1394668.46,4985850.37,3459,68.7,BUS,"2, 45, M1S"
212,Fermata 1183 - AUTOSTRADE NORD,45.11885,7.70993,1398558.83,4996982.54,6379,27.5,BUS,"26, 3131, 4N, 51"
214,Fermata 1185 - PAVESE,45.01773,7.62929,1392025.87,4985853.44,869,57.4,BUS,"34, 38, 39, 41, 96, S04"
215,Fermata 1186 - IVREA,45.11722,7.70442,1398122.55,4996808.39,7517,37.5,BUS,"50, 51"
216,Fermata 1187 - IVREA,45.11705,7.70472,1398145.84,4996789.13,7518,24.5,BUS,51
217,Fermata 1188 - ANTIOCA,45.11634,7.70125,1397871.64,4996714.63,6058,27.8,BUS,"50, 51"
218,Fermata 1189 - ANTIOCA,45.11622,7.70176,1397911.54,4996700.66,6058,14.8,BUS,"50, 51"
219,Fermata 119 - BARDONECCHIA,45.07221,7.64107,1393055.67,4991890.0,1941,39.1,BUS,"2, 22"
220,Fermata 1190 - BELGIOIOSO,45.11073,7.69775,1397586.3,4996095.84,5869,27.0,BUS,"50, 51"
221,Fermata 1191 - BELGIOIOSO,45.1114,7.6982,1397622.9,4996169.7,5872,51.0,BUS,"50, 51"
222,Fermata 1192 - CENA,45.10887,7.69724,1397542.85,4995889.85,5861,39.9,BUS,"50, 51"
223,Fermata 1193 - CENA,45.10913,7.69767,1397577.14,4995918.19,5865,25.5,BUS,"50, 51"
224,Fermata 1194 - REISS ROMOLI,45.10586,7.69636,1397468.23,4995556.58,5677,40.7,BUS,"46, 50, 51"
225,Fermata 1195 - OXILIA,45.10588,7.69669,1397494.23,4995558.39,5856,37.4,BUS,"46, 50, 51"
227,Fermata 1198 - REBAUDENGO SUD,45.10281,7.69489,1397347.12,4995219.62,5668,45.5,BUS,"46, 50, 51, N04, N04B"
228,Fermata 1199 - REBAUDENGO SUD,45.10291,7.69528,1397377.98,4995230.24,5670,53.6,BUS,"46, 50, 51, N04, N04B"
229,Fermata 12 - POZZO STRADA,45.07486,7.62916,1392123.13,4992200.21,966,26.2,BUS,"36, M1S, W01"
230,Fermata 120 - PESCHIERA,45.06944,7.63879,1392871.01,4991585.29,1760,28.8,BUS,"1085, 2"
231,Fermata 1200 - VERCELLI N.168,45.10041,7.69397,1397270.43,4994954.17,7497,9.6,BUS,"50, 51"
232,Fermata 1201 - GOTTARDO,45.10061,7.69379,1397256.62,4994976.62,7497,29.7,BUS,"50, 51"
233,Fermata 1202 - RONDISSONE,45.09814,7.69283,1397176.66,4994703.44,5650,14.6,BUS,"50, 51"
234,Fermata 1203 - RONDISSONE,45.09804,7.69258,1397156.81,4994692.65,5650,32.4,BUS,"50, 51"
235,Fermata 1204 - LAURO ROSSI,45.09503,7.69133,1397053.04,4994359.86,5450,144.4,BUS,"50, 51"
236,Fermata 1205 - LAURO ROSSI,45.09505,7.69111,1397035.77,4994362.36,5450,153.9,BUS,"50, 51"
237,Fermata 1206 - VALPRATO,45.09301,7.69034,1396971.51,4994136.72,5448,12.9,BUS,"50, 51"
238,Fermata 1207 - VALPRATO,45.09273,7.69002,1396945.82,4994106.02,5445,20.6,BUS,"50, 51"
239,Fermata 1208 - CRISPI NORD,45.08999,7.68888,1396851.18,4993803.08,5242,25.0,BUS,"50, 51"
240,Fermata 1209 - CRISPI NORD,45.09012,7.68877,1396842.76,4993817.66,5242,14.2,BUS,"50, 51"
241,Fermata 121 - PESCHIERA,45.06839,7.63829,1392829.69,4991469.31,7266,36.6,BUS,"1085, 2"
242,Fermata 1210 - CRISPI SUD,45.08844,7.68796,1396775.99,4993632.07,5236,9.7,BUS,"50, 51"
243,Fermata 1211 - CRISPI SUD,45.08854,7.68818,1396793.48,4993642.89,5236,26.3,BUS,"50, 51"
246,Fermata 1214 - VII CIRCOSCRIZIONE,45.08422,7.68576,1396595.24,4993166.07,5082,64.9,BUS,"50, 51"
247,Fermata 1215 - VII CIRCOSCRIZIONE,45.08451,7.68621,1396631.18,4993197.71,5082,106.0,BUS,"50, 51"
248,Fermata 1216 - EMILIA,45.08176,7.68687,1396678.16,4992891.37,5228,18.9,"BUS, TRAM","11, 4, 50, 51, 92, N04, N04B"
249,Fermata 1217 - EMILIA,45.08233,7.68756,1396733.5,4992953.81,5229,72.1,BUS,"11, 50, 51"
250,Fermata 1218 - BOLZANO CAP,45.07338,7.66795,1395173.74,4991984.78,7425,50.7,BUS,"46, W15, W15B"
252,Fermata 122 - MONGINEVRO,45.06485,7.63661,1392690.81,4991078.28,1606,39.5,BUS,"1085, 1442, 2"
253,Fermata 1220 - PASTRENGO,45.05803,7.67408,1395628.32,4990271.61,4252,34.7,"BUS, TRAM","4, 92, S04"
254,Fermata 1222 - SAN PAOLO,45.05697,7.63605,1392631.96,4990203.63,1448,75.2,BUS,"56, 66"
255,Fermata 1223 - ISSIGLIO,45.05678,7.63941,1392896.17,4990178.07,1744,25.1,BUS,"56, 66"
256,Fermata 1224 - ISSIGLIO,45.05721,7.63882,1392850.52,4990226.62,1744,43.5,BUS,"56, 66"
257,Fermata 1225 - TOLMINO,45.05576,7.64402,1393257.26,4990058.66,2085,51.4,BUS,66
258,Fermata 1226 - TOLMINO,45.05596,7.64416,1393268.65,4990080.69,2085,52.8,BUS,"56, 66"
259,Fermata 1227 - MARMOLADA,45.05421,7.65064,1393775.65,4989877.76,2619,44.8,BUS,"64, 66"
260,Fermata 1228 - MARMOLADA,45.05446,7.6508,1393788.71,4989905.32,2619,48.3,BUS,"64, 66"
261,Fermata 1229 - ORBASSANO OVEST,45.05359,7.65327,1393981.59,4989805.43,2804,25.6,BUS,"64, 66"
262,Fermata 123 - MONGINEVRO,45.06483,7.63675,1392701.79,4991075.87,1605,34.8,BUS,"1085, 1442, 2"
263,Fermata 1230 - ORBASSANO OVEST,45.05358,7.65461,1394087.09,4989802.56,2803,28.1,BUS,"64, 66"
264,Fermata 1231 - EXILLES,45.07511,7.63169,1392322.75,4992224.61,1134,24.8,BUS,"36, W01"
265,Fermata 1232 - CAIO MARIO CAP,45.02439,7.63627,1392588.3,4986584.02,1543,53.9,BUS,"40, 63 /"
268,Fermata 1235 - GIORDANO BRUNO,45.04545,7.66434,1394838.35,4988886.71,3492,41.8,BUS,"17, 66"
269,Fermata 1236 - CARDUCCI NORD,45.04243,7.67192,1395429.81,4988541.39,4062,36.5,BUS,66
270,Fermata 1237 - MOLINETTE,45.04188,7.67513,1395681.62,4988476.15,4230,11.1,BUS,"45, 45 /, 47, 66"
271,Fermata 1238 - OSPEDALE MOLINETTE,45.0421,7.67447,1395630.04,4988501.44,4231,43.4,BUS,"45, 45 /, 47, 66"
272,Fermata 1239 - ZARA,45.03933,7.68179,1396201.55,4988184.3,4822,38.5,BUS,"47, 66, 67"
273,Fermata 124 - LANCIA,45.06136,7.63521,1392574.05,4990692.43,1454,34.0,BUS,"2, 71"
274,Fermata 1240 - ZARA,45.03954,7.68177,1396200.35,4988207.65,4603,35.0,BUS,"47, 66, 67"
275,Fermata 1241 - SABAUDIA,45.03761,7.68144,1396170.87,4987993.67,4601,63.9,BUS,"47, 67, 73, S45, S45B"
276,Fermata 1242 - SABAUDIA,45.03748,7.68154,1396178.51,4987979.1,4601,52.9,BUS,"47, 67, 73, S45, S45B"
277,Fermata 1243 - PONTE DEL GATTO,45.03434,7.68484,1396432.77,4987626.05,4818,38.5,BUS,"47, 73"
278,Fermata 1244 - PONTE DEL GATTO,45.03418,7.68493,1396439.57,4987608.16,4988,31.2,BUS,"47, 73"
279,Fermata 1245 - XXV APRILE N.29,45.0336,7.6868,1396585.82,4987541.34,4987,19.2,BUS,"47, 73"
280,Fermata 1246 - XXV APRILE N.68,45.03478,7.68618,1396539.11,4987673.22,4989,26.4,BUS,"47, 73"
281,Fermata 1247 - XXV APRILE N.65,45.03473,7.68622,1396542.17,4987667.61,4989,20.2,BUS,"47, 73"
282,Fermata 1248 - XXV APRILE N.102,45.03474,7.68801,1396683.19,4987666.44,5146,21.3,BUS,"47, 73"
283,Fermata 1249 - XXV APRILE N.102,45.03484,7.68794,1396677.85,4987677.63,5146,10.6,BUS,"47, 73"
284,Fermata 125 - LANCIA,45.06192,7.63549,1392597.14,4990754.27,1456,19.7,BUS,"2, 64"
285,Fermata 1250 - VAL PATTONERA,45.03349,7.69041,1396869.98,4987524.51,5293,22.9,BUS,47
288,Fermata 1251 - VAL PATTONERA,45.03284,7.69129,1396938.14,4987451.18,5293,77.5,BUS,47
292,Fermata 1252 - XXV APRILE N.167,45.03219,7.69375,1397130.75,4987375.84,5291,192.1,BUS,47
295,Fermata 1253 - XXV APRILE N.164,45.03197,7.6931,1397079.15,4987352.23,5291,178.3,BUS,47
296,Fermata 1254 - CAVORETTO CAP,45.02978,7.6883,1396697.1,4987115.06,5141,35.7,BUS,47
297,Fermata 1255 - XXV APRILE N.56,45.03371,7.68688,1396592.32,4987553.46,4987,7.5,BUS,"47, 73"
298,Fermata 1256 - QUERCE SUD,45.12961,7.70583,1398255.5,4998183.04,6236,26.6,BUS,"4N, 50, 90, N04, N04B"
299,Fermata 1257 - ULIVI N.12,45.13214,7.707,1398352.0,4998462.63,6238,17.1,BUS,"4N, 50, 90, N04, N04B"
300,Fermata 1258 - QUERCE,45.1296,7.71024,1398602.28,4998176.39,6413,16.1,BUS,"50, 90, N04, N04B"
301,Fermata 1259 - ABETI NORD,45.13235,7.71178,1398728.25,4998479.96,6418,78.3,BUS,"4N, 50, 90"
302,Fermata 126 - PARCO RUFFINI,45.05689,7.63481,1392534.18,4990196.39,1448,42.6,BUS,"1442, 2, 56, 66, 71"
303,Fermata 1260 - ABETI NORD,45.13229,7.71176,1398726.57,4998473.32,6418,77.2,BUS,"50, 90"
304,Fermata 1261 - VOLGOGRAD NORD,45.13157,7.71361,1398870.77,4998391.01,6590,36.1,BUS,"4N, 50, 90"
305,Fermata 1262 - VOLGOGRAD NORD,45.13051,7.71562,1399026.96,4998270.74,6767,48.6,BUS,"50, 90"
306,Fermata 1263 - VOLGOGRAD SUD,45.12852,7.71624,1399072.2,4998048.89,6757,42.5,BUS,"4N, 50, 90"
307,Fermata 1264 - VOLGOGRAD SUD,45.12873,7.71614,1399064.71,4998072.35,6760,38.9,BUS,"50, 90"
308,Fermata 1265 - ULIVI,45.12716,7.7145,1398932.97,4997899.98,6751,20.1,BUS,"4N, 50, 90"
309,Fermata 1266 - ROBINIE,45.12745,7.71332,1398840.68,4997933.68,6575,93.8,BUS,"50, 90"
310,Fermata 1267 - ABETI,45.12874,7.71054,1398624.34,4998080.47,6411,55.6,BUS,"4N, 50, 90, N04, N04B"
311,Fermata 1268 - FRASSINI,45.12723,7.70811,1398430.57,4997915.77,6403,33.3,BUS,"4N, 50, 90, N04, N04B"
312,Fermata 1269 - FRASSINI,45.1272,7.70874,1398480.06,4997911.65,6403,24.0,BUS,"4N, 50, 90, N04, N04B"
313,Fermata 127 - PARCO RUFFINI,45.05708,7.63504,1392552.64,4990217.19,1448,51.0,BUS,"1442, 2, 71"
314,Fermata 1270 - BETULLE,45.12519,7.7087,1398473.34,4997688.41,6396,43.5,BUS,"4N, 50, 90, N04, N04B"
315,Fermata 1271 - BETULLE,45.12512,7.70892,1398490.52,4997680.35,6396,46.1,BUS,"4N, 50, 90, N04, N04B"
316,Fermata 1272 - ABBADIA DI STURA,45.12303,7.70708,1398342.1,4997450.48,6219,16.4,BUS,"4N, 50, 90, N04, N04B"
317,Fermata 1273 - ABBADIA DI STURA,45.12305,7.70756,1398379.89,4997452.1,6219,46.4,BUS,"4N, 50, 90, N04, N04B"
318,Fermata 1274 - CUORGNÈ,45.12248,7.70422,1398116.19,4997392.99,6061,38.6,BUS,"4N, 50, 90, N04, N04B"
319,Fermata 1275 - CUORGNÈ,45.12238,7.70407,1398104.21,4997382.07,6061,25.0,BUS,"4N, 50, 90, N04, N04B"
320,Fermata 1276 - VERCELLI,45.11662,7.70545,1398202.5,4996740.44,6213,36.9,BUS,"3092, 3133, 46, 50, 90, N04, N04B"
321,Fermata 1277 - VERCELLI,45.1166,7.70571,1398222.91,4996737.89,6213,39.0,BUS,"3092, 3133, 46, 50, 5135, 90, N04, N04B"
322,Fermata 1278 - GIULIO CESARE OVEST,45.11375,7.70606,1398245.38,4996420.84,6204,55.0,BUS,"3092, 3133, 46, 50, 90, N04, N04B"
323,Fermata 1279 - GIULIO CESARE EST,45.1136,7.70626,1398260.84,4996403.92,6204,36.4,BUS,"3092, 3133, 46, 50, 5135, 90, N04, N04B"
324,Fermata 128 - MONFALCONE,45.05292,7.63458,1392508.62,4989755.66,1441,28.4,BUS,"1085, 2, 56, 71"
325,Fermata 1280 - SCOTELLARO,45.10854,7.70419,1398089.0,4995844.41,6032,36.7,BUS,"22, 24, 46, 4N, 50, 90, N04, N04B"
326,Fermata 1281 - SCOTELLARO,45.10858,7.7046,1398121.33,4995848.33,6032,29.8,BUS,"22, 24, 46, 4N, 50, 90, N04, N04B"
327,Fermata 1282 - OXILIA,45.10482,7.70172,1397888.06,4995434.26,6017,27.5,BUS,"1085, 22, 24, 3006, 3092, 3106, 3107, 3131, 3133, 3166, 3545, 4N, 50, N04, N04B"
328,Fermata 1283 - OXILIA,45.10497,7.70223,1397928.45,4995450.28,6019,16.3,BUS,"1085, 22, 24, 3006, 3092, 3106, 3107, 3131, 3133, 3166, 3545, 4N, 50, 5135, N04, N04B"
329,Fermata 1284 - PORPORA,45.09836,7.69753,1397546.86,4994721.92,5826,24.1,BUS,"2, 24, 4N, 50"
330,Fermata 1285 - GOTTARDO,45.09706,7.69694,1397498.11,4994578.25,5822,20.8,"BUS, TRAM","24, 4, 75, 92"
331,Fermata 1286 - MARTORELLI,45.09469,7.69469,1397316.82,4994317.81,5637,47.6,BUS,"75, N04, N04B"
335,Fermata 129 - MONFALCONE,45.05238,7.6347,1392517.06,4989695.51,1440,26.3,BUS,"1085, 2"
337,Fermata 1291 - GIULIO CESARE,45.10493,7.70083,1397818.23,4995447.61,5852,31.5,BUS,"46, 90"
338,Fermata 1292 - CASTELLO DI MIRAFIORI,45.00913,7.65003,1393644.1,4984870.62,2367,43.0,BUS,"14, S18, S18B"
340,Fermata 1294 - SOLFERINO,45.06933,7.67772,1395935.44,4991522.24,4680,9.4,BUS,"11, 14, 29, 59, 59 /, 63, 67"
341,Fermata 1295 - RE UMBERTO,45.06625,7.6745,1395676.35,4991184.23,4469,34.1,BUS,55
342,Fermata 1297 - PORTA SUSA CAP,45.07348,7.66786,1395166.84,4991996.0,7425,55.0,BUS,49
343,Fermata 1298 - XVIII DICEMBRE,45.07425,7.6681,1395187.14,4992081.23,3931,14.9,"BUS, TRAM","10, 13, 29, 3165, 3329, 36, 3971, 3990, 46, 49, 56, 59, 59 /, 65, 72, 72 /, M1S, VEX"
344,Fermata 13 - RIVOLI,45.07548,7.64448,1393330.18,4992248.76,2132,114.6,BUS,"36, M1S, W01"
345,Fermata 130 - SEBASTOPOLI,45.05,7.63445,1392492.91,4989431.45,1435,49.0,BUS,"1085, 2"
346,Fermata 1300 - PORTA SUSA,45.0707,7.66569,1394990.93,4991689.99,7407,25.9,BUS,"19, 8, M1S, W15, W15B"
347,Fermata 1301 - DON BOSCO,45.08214,7.67243,1395542.36,4992952.14,4326,30.9,BUS,49
348,Fermata 1302 - DON BOSCO,45.08199,7.67205,1395512.18,4992935.97,4324,22.9,BUS,49
349,Fermata 1303 - CIRIÈ,45.08485,7.67426,1395691.32,4993250.83,4535,31.2,BUS,49
350,Fermata 1304 - CIRIÈ,45.08406,7.67344,1395625.35,4993164.13,4331,56.3,BUS,49
351,Fermata 1305 - FORTINO,45.08667,7.67551,1395793.01,4993451.41,4538,55.0,BUS,49
352,Fermata 1306 - FORTINO,45.08578,7.67461,1395720.56,4993353.7,4536,36.0,BUS,49
353,Fermata 1307 - BALDISSERA SUD,45.08944,7.67742,1395948.36,4993756.67,4756,35.0,BUS,49
354,Fermata 1308 - BALDISSERA SUD,45.089,7.67691,1395907.42,4993708.44,4545,82.3,BUS,"3971, 49"
355,Fermata 1309 - CIGNA,45.08953,7.68202,1396310.51,4993760.76,7476,44.1,BUS,"11, 49, 77"
356,Fermata 131 - SEBASTOPOLI,45.04821,7.63455,1392497.43,4989232.47,1270,52.2,BUS,2
357,Fermata 1310 - CIGNA,45.08969,7.68305,1396391.86,4993777.21,7476,40.1,BUS,"49, 77"
358,Fermata 1311 - CRISPI OVEST,45.08881,7.6875,1396740.46,4993673.76,5239,49.6,BUS,"11, 49, 77"
359,Fermata 1312 - CRISPI OVEST,45.08915,7.68741,1396733.99,4993711.64,5239,32.4,BUS,"49, 77"
363,Fermata 1316 - STURA,45.11118,7.70942,1398505.12,4996131.11,6360,30.2,BUS,"20, 22, 24, 25, 5135"
366,Fermata 1319 - ROMOLO E REMO,45.1118,7.70799,1398393.73,4996201.78,6199,35.1,BUS,"20, 22, 24, 5135"
367,Fermata 132 - FILADELFIA,45.0463,7.63412,1392459.99,4989020.86,1264,18.2,BUS,2
368,Fermata 1320 - STURA C.2,45.10859,7.71418,1398874.98,4995837.41,6542,56.1,BUS,"20, 22, 24, 25, 5135"
369,Fermata 1322 - PUGLIA C.3,45.10603,7.72064,1399378.67,4995544.96,6906,28.1,BUS,"20, 22, 24, 25, 5135"
370,Fermata 1323 - STURA,45.1108,7.70987,1398539.84,4996088.33,6358,33.2,BUS,"20, 22, 24, 25"
371,Fermata 1324 - PUGLIA N.35,45.10665,7.72308,1399571.72,4995610.8,6910,32.8,BUS,"20, 22, 24, 25, 5135"
372,Fermata 1325 - STURA C.2,45.1085,7.71408,1398866.96,4995827.54,6542,64.4,BUS,"20, 22, 24, 25, 5135"
373,Fermata 1326 - PUGLIA C.4,45.10731,7.72561,1399771.91,4995680.98,6912,29.8,BUS,"20, 22, 24, 25, 5135"
374,Fermata 1327 - CENTRO COMMERCIALE NORD,45.11766,7.71074,1398620.44,4996849.32,6374,37.0,BUS,"1085, 20, 4N"
377,Fermata 133 - FILADELFIA,45.04621,7.63436,1392478.72,4989010.54,1264,25.4,BUS,"1085, 2"
378,Fermata 1330 - TEMPIA,45.11826,7.70875,1398464.98,4996918.48,6376,15.9,BUS,"26, 3131, 4N, 51"
379,Fermata 1331 - TEMPIA,45.11776,7.70623,1398265.88,4996866.1,6216,48.9,BUS,"26, 4N, 51"
380,Fermata 1332 - CAFASSO,45.08586,7.73341,1400348.21,4993288.43,7061,25.6,BUS,"3106, 3107, 61, E68"
381,Fermata 1333 - CENTRO COMMERCIALE,45.11945,7.71265,1398773.83,4997045.78,6557,98.6,BUS,"20, 26, 3006, 3107, 3166, 51, 5135, SE1, SE2"
385,Fermata 1338 - CASCINETTE C.6 CAP,45.11505,7.7202,1399359.92,4996547.55,6935,15.4,BUS,"22, 24, 5135"
386,Fermata 1339 - VILLAGGIO OLIMPIA,45.12475,7.73046,1400183.89,4997612.41,7168,169.2,BUS,"3006, 3107, 3166, 5135, SE1, SE2"
387,Fermata 134 - PITAGORA NORD,45.04104,7.63393,1392435.16,4988436.77,1252,43.6,BUS,2
397,Fermata 135 - PITAGORA NORD,45.04137,7.63407,1392446.81,4988473.25,1253,26.6,BUS,"1085, 2"
408,Fermata 136 - PITAGORA SUD,45.03875,7.63349,1392396.21,4988182.96,1247,14.5,BUS,2
411,Fermata 1362 - PARK STURA CAP,45.12015,7.71086,1398634.29,4997125.79,7529,23.0,BUS,"4N, 51"
413,Fermata 1364 - PARK STURA CAP,45.12023,7.71083,1398632.07,4997134.72,7529,28.0,BUS,"SE1, SE2"
414,Fermata 1365 - MARONCELLI CAP,45.01808,7.66303,1394684.97,4985847.87,3459,53.2,BUS,"38, 81"
419,Fermata 137 - PITAGORA SUD,45.03891,7.63427,1392457.95,4988199.7,1248,14.3,BUS,2
420,Fermata 1370 - PARK CAIO MARIO,45.02812,7.64121,1392984.44,4986991.84,1862,28.2,TRAM,4
422,Fermata 1372 - PARK CAIO MARIO,45.0275,7.6406,1392935.23,4986923.77,1860,23.0,"BUS, TRAM","18, 4, S04"
424,Fermata 1375 - FALCHERA CAP,45.12906,7.70756,1398390.56,4998119.76,6235,27.5,BUS,"4N, 50, 90, N04, N04B"
425,Fermata 1377 - VERCELLI,45.09548,7.69185,1397094.77,4994409.19,5450,79.9,BUS,"75, N04, N04B"
426,Fermata 1378 - SCIALOJA CAP MUFANT,45.10752,7.69004,1396974.02,4995749.03,5471,21.2,BUS,"52, 67"
427,Fermata 1379 - ALA DI STURA NORD,45.10936,7.68624,1396678.4,4995958.29,5272,30.3,BUS,"52, 62, 67, 90, B1"
428,Fermata 138 - DANDOLO,45.03583,7.63344,1392386.8,4987858.65,1239,60.9,BUS,2
429,Fermata 1380 - ALA DI STURA NORD,45.10915,7.6864,1396690.6,4995934.76,5272,48.5,BUS,"52, 62, 67, 90, B1"
430,Fermata 1381 - DELLA CELLA,45.11008,7.68037,1396217.93,4996045.8,4803,31.2,BUS,"62, 90"
431,Fermata 1382 - DELLA CELLA,45.10989,7.68066,1396240.4,4996024.32,4803,49.2,BUS,"52, 62, 67, 90, B1"
432,Fermata 1383 - VERONESE,45.10715,7.68156,1396306.23,4995718.77,4971,38.6,BUS,"52, 67, 91, B1, N10"
433,Fermata 1384 - PREVIATI,45.10908,7.67966,1396160.26,4995935.62,4976,75.7,BUS,"52, 67, B1, N10"
434,Fermata 1386 - MASSARI,45.10716,7.67932,1396130.03,4995722.76,4798,60.8,BUS,"52, 67, 91, B1, N10"
435,Fermata 1387 - FEA,45.11022,7.67781,1396016.8,4996064.64,4805,15.2,BUS,"62, 90, N10"
436,Fermata 1388 - FEA,45.11039,7.67763,1396002.95,4996083.76,4805,27.9,BUS,"62, 90, N10"
437,Fermata 1389 - FERMI,45.11077,7.67366,1395691.34,4996131.09,4593,45.7,BUS,"62, 90, N10"
438,Fermata 139 - DANDOLO,45.03622,7.63417,1392445.03,4987901.0,1241,19.7,BUS,2
439,Fermata 1390 - FERMI,45.11093,7.67358,1395685.34,4996148.97,4394,39.0,BUS,"62, 90, N10"
440,Fermata 1391 - LULLI,45.11107,7.66831,1395271.03,4996171.34,4014,103.4,BUS,"62, 90, N10"
441,Fermata 1392 - LULLI,45.11123,7.66956,1395369.65,4996187.49,4215,38.3,BUS,"62, 90, N10"
443,Fermata 1394 - GALILEO FERRARIS OVEST,45.03939,7.65232,1393880.52,4988229.19,2607,53.8,BUS,17
444,Fermata 1395 - REYCEND,45.10799,7.67001,1395399.13,4995826.98,4211,26.5,BUS,69
445,Fermata 1396 - REYCEND,45.10787,7.67012,1395407.57,4995813.5,4211,20.0,BUS,69
447,Fermata 1398 - VANINETTI,45.10769,7.67315,1395645.6,4995789.59,4391,24.6,BUS,69
449,Fermata 140 - TAZZOLI,45.03333,7.6339,1392418.34,4987580.31,1235,19.2,BUS,2
450,Fermata 1400 - FEA,45.10695,7.67725,1395966.8,4995702.1,4801,136.6,BUS,69
451,Fermata 1401 - DEL NOBILE N.27,45.05338,7.70997,1398445.96,4989709.36,6261,19.4,BUS,54
452,Fermata 1402 - BREGLIO,45.09922,7.67812,1396021.2,4994842.24,4785,17.6,"BUS, TRAM","10, 52, 67, 91, N10"
453,Fermata 1403 - DEL NOBILE N.55,45.05208,7.71344,1398716.91,4989560.59,6444,58.0,BUS,54
455,Fermata 1404 - SOSPELLO,45.10228,7.67857,1396062.17,4995181.6,4791,53.3,"BUS, TRAM","10, 52, 67, 91, N10"
456,Fermata 1405 - CRIMEA,45.05568,7.69683,1397415.39,4989981.44,5506,92.5,BUS,53
459,Fermata 1408 - SAORGIO,45.09665,7.67605,1395853.66,4994559.4,4571,46.0,"BUS, TRAM","10, 52, 67, 91, N10"
461,Fermata 141 - TAZZOLI,45.03317,7.63413,1392436.16,4987562.23,1235,8.6,BUS,2
462,Fermata 1410 - VIBÒ,45.09526,7.67475,1395748.84,4994406.66,4565,28.1,"BUS, TRAM","10, 52, 67, 91, N10"
463,Fermata 1411 - XVIII DICEMBRE,45.07425,7.66863,1395228.86,4992080.55,3932,19.6,"BUS, TRAM","10, 1085, 13, 13+, 29, 36, 3990, 46, 49, 56, 59, 59 /, 65, 72, 72 /, M1S, STAR 2, VEX, W01"
464,Fermata 1412 - BOSTON,45.04325,7.63399,1392444.03,4988682.2,1257,23.9,BUS,2
466,Fermata 1414 - BOSTON,45.04323,7.63423,1392462.9,4988679.66,1256,38.9,BUS,2
467,Fermata 1415 - VITTORIO EMANUELE II CAP,45.0621,7.68123,1396198.66,4990714.55,4860,38.7,BUS,"33, M1S"
468,Fermata 1416 - SAN MAURIZIO CAP,45.06611,7.69826,1397546.63,4991138.31,5719,15.6,BUS,"53, 70"
469,Fermata 1417 - GRAN MADRE,45.0618,7.69947,1397634.19,4990657.97,5707,18.7,BUS,"53, 56, 66"
470,Fermata 1418 - GRAN MADRE,45.0621,7.70037,1397705.58,4990690.16,5711,17.7,BUS,"53, 56, 66"
471,Fermata 1419 - BIAMONTI,45.06096,7.70232,1397857.08,4990561.05,5900,14.3,BUS,"53, 56, 66"
472,Fermata 142 - TAZZOLI C.2,45.03191,7.63527,1392523.6,4987420.74,1397,30.9,BUS,"2, 2014, 3106, 3329, 40, 62, 90, 91, 92, 93 /, 94, 95, 96, 97, 98, 99"
473,Fermata 1420 - BIAMONTI,45.0613,7.70206,1397837.22,4990599.15,5901,16.7,BUS,"53, 56, 66"
474,Fermata 1421 - VILLA DELLA REGINA,45.05975,7.7049,1398058.06,4990423.38,5895,6.1,BUS,"53, 56, 66"
475,Fermata 1422 - VILLA DELLA REGINA,45.06021,7.70415,1397999.83,4990475.43,5897,43.7,BUS,"53, 56, 66"
476,Fermata 1423 - CAPPUCCINI,45.05894,7.69855,1397556.65,4990341.42,5701,21.3,BUS,53
477,Fermata 1424 - CAPPUCCINI,45.05881,7.69881,1397576.89,4990326.65,5701,28.0,BUS,53
478,Fermata 1425 - LANZA,45.0556,7.6962,1397365.64,4989973.36,5506,57.0,BUS,"33, 52, 66, 70, 73"
479,Fermata 1426 - LANZA,45.05496,7.69762,1397476.31,4989900.46,5507,18.5,BUS,"33, 52, 53, 70"
480,Fermata 1427 - RIGHINO,45.0541,7.69886,1397572.41,4989803.35,5697,5.4,BUS,"33, 52, 53, 70"
482,Fermata 1429 - LICEO VALSALICE,45.05378,7.70178,1397801.77,4989764.11,5890,37.3,BUS,"33, 52, 53, 70"
483,Fermata 143 - TAZZOLI C.2,45.03202,7.63593,1392575.8,4987432.08,1398,12.0,BUS,"2, 2014, 3106, 3329, 40, 62, 90, 91, 92, 93 /, 94, 95, 96, 97, 98, 99"
484,Fermata 1430 - LICEO VALSALICE,45.0539,7.70162,1397789.38,4989777.64,5890,47.1,BUS,"33, 52, 53, 70"
485,Fermata 1431 - MOROZZO,45.05343,7.70511,1398063.36,4989721.02,5888,23.2,BUS,"33, 52, 53, 70"
486,Fermata 1432 - DEL NOBILE N.27,45.05323,7.70996,1398444.91,4989692.71,6261,18.3,BUS,"53, 54"
487,Fermata 1433 - DEL NOBILE N.55,45.0519,7.71333,1398707.93,4989540.73,6444,64.2,BUS,"53, 54"
488,Fermata 1434 - DEL NOBILE N.87,45.04959,7.71626,1398934.58,4989280.45,6442,205.5,BUS,"53, 54"
495,Fermata 144 - D'ARBOREA,45.0313,7.63709,1392665.83,4987350.56,1557,14.5,BUS,"1435, 2, 40, 62, 90, 91, 92, 93 /, 94, 95, 96, 97, 98, 99"
496,Fermata 1440 - TADINI,45.05049,7.7066,1398175.47,4989392.54,5884,139.2,BUS,"53, 70"
497,Fermata 1441 - ADUA,45.05287,7.7062,1398148.19,4989657.44,5887,37.2,BUS,"53, 70"
498,Fermata 1442 - GABETTI CAP,45.06516,7.7105,1398508.55,4991017.34,7519,21.1,BUS,54
499,Fermata 1443 - MONCALVO,45.06492,7.71079,1398530.96,4990990.31,6267,31.5,BUS,75
500,Fermata 1444 - GOZZANO,45.06487,7.71131,1398571.81,4990984.11,6267,42.2,BUS,"54, 6, 66, 75"
501,Fermata 1445 - PONTE TROMBETTA,45.06399,7.71292,1398697.01,4990884.33,6453,4.5,BUS,54
502,Fermata 1446 - PONTE TROMBETTA,45.06406,7.71248,1398662.49,4990892.66,6264,24.8,BUS,54
503,Fermata 1447 - SAN MARTINO SUPERIORE,45.06233,7.71546,1398894.05,4990696.74,6445,29.9,BUS,54
504,Fermata 1448 - SAN MARTINO SUPERIORE,45.06235,7.7157,1398912.98,4990698.66,6445,27.2,BUS,54
505,Fermata 1449 - SAN MARTINO N.66,45.06057,7.71623,1398951.57,4990500.26,6445,229.1,BUS,54
506,Fermata 145 - D'ARBOREA,45.03127,7.63818,1392751.63,4987345.78,1558,60.0,BUS,"1435, 2, 40, 62, 90, 91, 92, 93 /, 94, 95, 96, 97, 98, 99"
507,Fermata 1450 - SAN MARTINO N.66,45.06071,7.71629,1398956.54,4990515.74,6445,215.1,BUS,54
518,Fermata 146 - AGNELLI C.3,45.02904,7.6387,1392788.43,4987097.36,1555,15.7,"BUS, TRAM","10, 2, 3106, 3329, 40, 62, 90, 94, 95, 96, 97, 98, 99"
529,Fermata 147 - AGNELLI C.3,45.02972,7.63968,1392866.9,4987171.61,1706,37.6,"BUS, TRAM","10, 2, 3106, 3329, 40, 62, 90, 94, 95, 96, 97, 98, 99"
540,Fermata 148 - TAZZOLI,45.03095,7.64006,1392899.13,4987307.74,1866,107.5,TRAM,10
547,Fermata 1486 - MONCALIERI CAP,45.04436,7.61743,1391141.91,4988827.66,387,176.5,BUS,55
548,Fermata 1487 - NITTI,45.04296,7.61996,1391338.51,4988668.73,387,77.4,BUS,"44, 55"
549,Fermata 1488 - NITTI,45.04274,7.62022,1391358.58,4988643.94,574,84.3,BUS,"44, 55"
550,Fermata 1489 - RUBINO,45.04115,7.62331,1391598.93,4988463.17,572,36.9,BUS,"44, 55"
551,Fermata 149 - CAIO MARIO CAP,45.02406,7.63622,1392583.74,4986547.42,1541,65.7,"BUS, TRAM","10, 38, S04"
552,Fermata 1490 - RUBINO,45.04155,7.62265,1391547.71,4988508.49,572,31.5,BUS,"44, 55"
553,Fermata 1491 - SALVEMINI,45.04341,7.62466,1391709.53,4988712.42,730,89.8,BUS,"40, 55, 98"
554,Fermata 1492 - SALVEMINI,45.04408,7.62497,1391735.21,4988786.44,732,34.2,BUS,"40, 55, 98"
555,Fermata 1493 - GIARDINO GREEN,45.04516,7.6237,1391637.23,4988908.12,735,14.7,BUS,"55, 58 /, 98"
556,Fermata 1494 - GIARDINO GREEN,45.04535,7.624,1391661.21,4988928.82,735,17.5,BUS,"55, 58 /, 98"
557,Fermata 1495 - SALVEMINI OVEST,45.04643,7.6209,1391419.12,4989052.95,7183,26.2,BUS,"55, 58 /, 98"
558,Fermata 1496 - SALVEMINI OVEST,45.04698,7.62122,1391445.36,4989113.62,586,9.2,BUS,"55, 58 /"
559,Fermata 1497 - ALLAMANO,45.0495,7.62291,1391583.21,4989391.31,7186,32.5,BUS,"55, 58 /"
560,Fermata 1498 - ALLAMANO,45.05003,7.62286,1391580.28,4989450.25,7185,22.8,BUS,55
561,Fermata 1499 - SANTA RITA NORD,45.04788,7.64739,1393507.98,4989178.83,2437,13.9,BUS,"22, 55, 94"
562,Fermata 150 - UNIONE SOVIETICA,45.02616,7.63856,1392772.02,4986777.61,1695,30.5,BUS,"2, 41, 95"
563,Fermata 1500 - SANTA RITA NORD,45.04765,7.64731,1393501.25,4989153.38,2437,12.5,BUS,"22, 55, 94"
564,Fermata 1501 - CAPRERA,45.04925,7.64826,1393579.03,4989329.87,2441,12.8,BUS,"22, 55, 94"
565,Fermata 1502 - CAPRERA,45.04995,7.6488,1393622.86,4989406.93,2443,74.3,BUS,"22, 55, 94"
566,Fermata 1503 - TIRRENO,45.05153,7.64971,1393697.45,4989581.25,2446,30.4,BUS,"22, 55, 94"
567,Fermata 1504 - TIRRENO,45.0519,7.65006,1393725.69,4989621.9,2613,63.2,BUS,"22, 55, 94"
568,Fermata 1505 - MARMOLADA SUD,45.05364,7.65003,1393726.56,4989815.24,2449,56.3,BUS,"22, 55, 58, 58 /, 94"
569,Fermata 1506 - MARMOLADA SUD,45.05358,7.64975,1393704.4,4989808.94,2449,54.0,BUS,"22, 55, 58, 94"
570,Fermata 1507 - MARMOLADA NORD,45.05541,7.64889,1393640.07,4990013.36,7313,29.3,BUS,"22, 55, 64, 94"
571,Fermata 1508 - MARMOLADA NORD,45.05559,7.64844,1393604.97,4990033.95,2455,15.9,BUS,"22, 55, 64, 94"
572,Fermata 1509 - RIVALTA,45.05733,7.64764,1393545.21,4990228.3,2458,33.1,BUS,"22, 55, 64, 94"
573,Fermata 151 - UNIONE SOVIETICA,45.02587,7.63933,1392832.14,4986744.37,1695,38.3,BUS,"2, 41, 95, 95 /"
574,Fermata 1510 - RIVALTA,45.05711,7.64745,1393529.84,4990204.11,2458,54.8,BUS,"22, 55, 64, 94"
575,Fermata 1511 - ROBILANT SUD,45.06031,7.64569,1393397.21,4990561.92,2282,32.4,BUS,"22, 55, 64, 94"
576,Fermata 1512 - ROBILANT SUD,45.06007,7.64551,1393382.59,4990535.49,2282,44.9,BUS,"22, 55, 64, 94"
577,Fermata 1513 - ROBILANT NORD,45.06161,7.64499,1393344.52,4990707.26,2286,16.7,BUS,"22, 55, 56, 94"
578,Fermata 1514 - MONGINEVRO,45.06431,7.64523,1393368.44,4991006.89,2292,26.3,BUS,"22, 55, 56, 94"
579,Fermata 1515 - MONGINEVRO,45.0648,7.64486,1393340.22,4991061.81,2295,26.7,BUS,"22, 55, 56, 94"
582,Fermata 1518 - PRAGELATO,45.07029,7.64382,1393268.57,4991673.07,2120,23.0,BUS,68
583,Fermata 1519 - CAPRIOLO,45.07031,7.6423,1393148.95,4991677.3,2119,8.5,BUS,68
584,Fermata 152 - GUALA,45.02441,7.64336,1393146.91,4986576.85,2031,28.8,BUS,"2, 41, 63 /, 95, 95 /"
585,Fermata 1520 - RACCONIGI NORD,45.07051,7.64599,1393439.8,4991694.65,2307,53.1,BUS,68
586,Fermata 1521 - FREJUS,45.07098,7.64658,1393487.12,4991746.08,2307,36.5,BUS,55
587,Fermata 1522 - VITTORIO EMANUELE II OVEST,45.07322,7.64782,1393588.89,4991993.3,2490,27.8,BUS,55
588,Fermata 1523 - VITTORIO EMANUELE II OVEST,45.07306,7.64741,1393556.32,4991976.06,2490,23.9,BUS,55
589,Fermata 1524 - ROBILANT SUD,45.06011,7.64479,1393325.98,4990540.89,2282,57.2,BUS,56
595,Fermata 153 - GUALA,45.0242,7.64403,1393199.31,4986552.64,2031,28.9,BUS,"2, 41, 63 /, 95, 95 /"
596,Fermata 1530 - BERNINI EST,45.07561,7.65718,1394330.08,4992246.53,3185,82.8,BUS,56
597,Fermata 1531 - DUCHESSA JOLANDA,45.07497,7.65836,1394421.78,4992173.89,3183,36.0,BUS,56
598,Fermata 1532 - CAVALLI,45.07307,7.65698,1394309.65,4991964.62,3180,59.4,BUS,56
599,Fermata 1533 - PALMIERI,45.07443,7.66057,1394594.75,4992111.02,3377,66.7,BUS,56
601,Fermata 1535 - DROVETTI,45.07309,7.66459,1394908.72,4991956.92,3749,15.9,BUS,"56, 94"
606,Fermata 154 - PIO VII,45.02201,7.65014,1393676.62,4986301.31,2570,27.9,BUS,2
607,Fermata 1540 - FARINI CAP,45.07103,7.70347,1397965.55,4991678.29,5932,50.2,BUS,55
608,Fermata 1541 - PARK STURA CAP,45.1203,7.71077,1398627.47,4997142.57,7529,32.8,BUS,20
609,Fermata 1542 - RODI,45.05559,7.62296,1391598.66,4990067.78,767,159.9,BUS,56
610,Fermata 1543 - DI VITTORIO,45.05798,7.62181,1391512.63,4990334.83,604,157.8,BUS,"56, 66"
612,Fermata 1544 - DI VITTORIO,45.05859,7.62119,1391464.97,4990403.42,604,115.1,BUS,66
613,Fermata 1545 - ALFIERI,45.05485,7.62391,1391672.07,4989984.3,767,52.2,BUS,56
614,Fermata 1546 - TOLMINO,45.05595,7.64498,1393333.2,4990078.5,2085,43.8,BUS,56
615,Fermata 1547 - BALDISSERA NORD,45.09113,7.67807,1396002.58,4993943.58,4761,9.5,BUS,"11, 3329, 67, 91, N10"
616,Fermata 1548 - RENIER,45.05837,7.645,1393339.28,4990347.31,2279,64.4,BUS,56
617,Fermata 1549 - RENIER,45.05799,7.6448,1393322.82,4990305.36,2275,73.9,BUS,56
618,Fermata 155 - BENEDETTO CROCE,45.02317,7.64696,1393428.23,4986434.36,7287,17.8,BUS,"2, 41, 63 /, 95, 95 /"
619,Fermata 1550 - ROBILANT SUD,45.06007,7.64503,1393344.8,4990536.13,2282,48.8,BUS,56
620,Fermata 1551 - PESCHIERA,45.06596,7.64513,1393363.63,4991190.32,7294,26.0,BUS,"55, 56, 94"
623,Fermata 1555 - PALAGIUSTIZIA,45.07006,7.66012,1394551.28,4991626.14,7378,18.0,BUS,94
625,Fermata 1558 - PASSO BUOLE,45.02427,7.65626,1394162.96,4986544.35,2951,69.2,BUS,"18, S18, S18B"
627,Fermata 156 - PIO VII,45.02182,7.65079,1393727.48,4986279.35,2570,27.5,BUS,2
628,Fermata 1560 - EANDI,45.07402,7.66637,1395050.54,4992057.93,3751,28.2,BUS,"56, 94"
631,Fermata 1563 - SAN GABRIELE DA GORIZIA,45.03948,7.65281,1393919.28,4988238.55,2607,42.8,BUS,17
632,Fermata 1564 - STATUTO,45.07643,7.66954,1395304.47,4992321.55,4133,26.3,BUS,"1085, 29, 36, 59, 59 /, 65"
633,Fermata 1565 - TONCO,45.06011,7.70547,1398103.58,4990462.65,5896,10.0,BUS,"56, 66"
634,Fermata 1566 - BRICCA,45.06261,7.7081,1398315.08,4990737.07,6083,35.6,BUS,"56, 66"
635,Fermata 1567 - BRICCA,45.06243,7.70736,1398256.5,4990718.01,6083,94.4,BUS,"56, 66"
636,Fermata 1568 - FIGLIE DEI MILITARI,45.06394,7.71082,1398531.59,4990881.41,6265,71.2,BUS,"56, 66"
637,Fermata 1569 - FIGLIE DEI MILITARI,45.06416,7.71099,1398545.36,4990905.63,6265,46.1,BUS,"54, 56, 66"
638,Fermata 157 - SETTE COMUNI,45.02054,7.65431,1394002.44,4986132.54,2746,26.8,BUS,"2, 24, 74"
639,Fermata 1570 - PLAVA C.30,45.02192,7.61106,1390597.46,4986343.39,200,12.9,BUS,"63, 71, 90, 94, 95 /, 96, 97, 98, 99"
640,Fermata 1571 - TOSELLI,45.06555,7.71483,1398850.13,4991055.24,6455,36.3,BUS,"56, 75"
641,Fermata 1572 - GASSINO,45.06599,7.71729,1399044.57,4991101.05,6629,19.0,BUS,"56, 75"
642,Fermata 1573 - GASSINO,45.0663,7.71731,1399046.7,4991135.46,6630,22.9,BUS,"56, 75"
643,Fermata 1574 - DEL LAURO,45.06656,7.71982,1399244.75,4991161.21,6631,38.5,BUS,"56, 75"
644,Fermata 1576 - TABACCHI CAP,45.06674,7.72068,1399312.77,4991180.14,6784,10.5,BUS,56
646,Fermata 1578 - MATTATOIO NORD,45.11253,7.62941,1392213.74,4996384.68,1188,30.3,BUS,59
648,Fermata 158 - SETTE COMUNI,45.02033,7.65494,1394051.69,4986108.38,2746,28.1,BUS,"2, 74"
651,Fermata 1582 - BERTOLLA EST,45.10268,7.75071,1401738.57,4995135.8,7127,46.9,BUS,"20, 8, 93 /"
652,Fermata 1583 - BERTOLLA EST,45.10255,7.75059,1401728.9,4995121.51,7127,35.1,BUS,"20, 8, 93 /"
653,Fermata 1584 - BANDELLO,45.1019,7.74386,1401198.29,4995057.5,7119,39.0,BUS,"20, 8, 93 /"
654,Fermata 1585 - BANDELLO,45.10194,7.74519,1401303.0,4995060.32,7120,26.3,BUS,"20, 8, 93 /"
655,Fermata 1586 - BERTOLLA,45.10156,7.74085,1400960.89,4995023.41,7121,64.0,BUS,"20, 8, 93 /"
656,Fermata 1587 - BERTOLLA,45.1014,7.74042,1400926.78,4995006.17,7118,43.6,BUS,"20, 8, 93 /"
657,Fermata 1588 - SAN MAURO N.109,45.1011,7.73683,1400643.8,4994977.25,7115,35.7,BUS,"20, 27, 8, 93 /"
658,Fermata 1589 - SAN MAURO N.112,45.10095,7.73663,1400627.81,4994960.83,7115,53.7,BUS,"20, 27, 8, 93 /"
659,Fermata 159 - CANELLI,45.01884,7.6598,1394431.87,4985936.51,7358,30.7,BUS,"2, 74"
660,Fermata 1590 - CHIESA,45.10051,7.7317,1400239.16,4994918.02,7108,40.6,BUS,"20, 27, 8, 93 /"
661,Fermata 1591 - CHIESA,45.10042,7.732,1400262.6,4994907.65,7108,20.2,BUS,"20, 27, 8, 93 /"
662,Fermata 1592 - MONTE TORARO,45.10001,7.72737,1399897.6,4994867.83,6886,35.5,BUS,"8, 93 /"
663,Fermata 1593 - MONTE TORARO,45.09991,7.72752,1399909.23,4994856.53,6886,44.6,BUS,"8, 93 /"
664,Fermata 1594 - STURA LAZIO,45.09963,7.72403,1399634.15,4994829.76,6884,33.7,BUS,"8, 93 /"
665,Fermata 1595 - STURA LAZIO,45.09952,7.72413,1399641.82,4994817.41,6884,29.5,BUS,"8, 93 /"
666,Fermata 1596 - CENTALLO,45.10072,7.7246,1399680.91,4994950.14,6889,29.3,BUS,"27, 49, N08"
667,Fermata 1597 - MAGRA,45.10374,7.72621,1399812.86,4995283.64,6896,6.6,BUS,"27, 49, N08"
668,Fermata 1598 - VITTIME DI BOLOGNA,45.10411,7.72919,1400047.96,4995321.05,7134,29.5,BUS,"20, 27"
669,Fermata 1599 - TORRE PELLICE,45.09758,7.73646,1400608.58,4994586.66,7093,52.4,BUS,"20, 27"
670,Fermata 160 - CANELLI,45.01896,7.6607,1394503.0,4985948.67,7359,36.0,BUS,"2, 24, 74"
671,Fermata 1600 - MAGRA EST,45.10382,7.72966,1400084.43,4995288.25,7130,5.8,BUS,"20, 27"
672,Fermata 1601 - MAGRA,45.10381,7.72606,1399801.19,4995291.6,6896,8.5,BUS,"27, 49, N08"
673,Fermata 1602 - D'ANDRADE,45.09652,7.71893,1399227.41,4994490.61,6715,16.0,BUS,"27, 49, 8, 93 /, N08"
674,Fermata 1603 - SOFIA NORD,45.09572,7.71813,1399163.05,4994402.73,6712,13.5,BUS,"27, 49, 8, 93 /, N08"
675,Fermata 1604 - CRAVERO,45.09394,7.71358,1398801.89,4994210.68,6526,28.7,BUS,18
676,Fermata 1605 - CRAVERO,45.09379,7.71452,1398875.59,4994192.84,6527,16.5,BUS,18
677,Fermata 1606 - ANCINA,45.09416,7.71064,1398570.93,4994238.8,6343,10.3,BUS,18
678,Fermata 1607 - ANCINA,45.09397,7.71058,1398565.88,4994217.77,6343,13.9,BUS,18
681,Fermata 161 - NIZZA,45.01826,7.66256,1394648.27,4985868.48,3279,76.7,BUS,"2, 2014, 24, 74, S18, S18B"
684,Fermata 1612 - CEBROSA NORD,45.11856,7.73189,1400285.56,4996922.99,7166,55.7,BUS,"22, 24"
685,Fermata 1613 - GROSSETO,45.1063,7.6387,1392932.86,4995680.23,1995,62.9,BUS,VE1
686,Fermata 1614 - CORELLI,45.0954,7.70765,1398337.86,4994380.31,6170,53.7,BUS,18
687,Fermata 1615 - CORELLI,45.09521,7.7076,1398333.59,4994359.26,6170,51.0,BUS,"18, 19N"
688,Fermata 1616 - CILEA,45.09652,7.70517,1398144.71,4994507.85,7504,44.4,BUS,18
689,Fermata 1617 - CILEA,45.09673,7.70416,1398065.61,4994532.46,7505,34.8,BUS,"18, 19N"
690,Fermata 1618 - OSPEDALE GIOVANNI BOSCO,45.09639,7.70264,1397945.41,4994496.6,5997,26.2,BUS,"18, 27"
691,Fermata 1619 - OSPEDALE GIOVANNI BOSCO,45.09615,7.70239,1397925.31,4994470.26,5994,10.4,BUS,"18, 19N, 27"
692,Fermata 162 - BENGASI EST,45.01848,7.66322,1394700.67,4985892.06,3459,45.2,BUS,"2, 2014, 74"
693,Fermata 1620 - ANTICA DI COLLEGNO,45.08241,7.61469,1390998.5,4993058.35,313,23.0,BUS,65
694,Fermata 1621 - AMBROSIO,45.09388,7.70269,1397944.87,4994217.7,5981,9.9,BUS,"18, 75"
696,Fermata 1623 - GRADISCA,45.05315,7.64507,1393335.08,4989767.33,2271,25.2,BUS,"58, 58 /"
697,Fermata 1624 - GRADISCA,45.05326,7.64515,1393341.58,4989779.44,2271,29.9,BUS,58
700,Fermata 1627 - STAZIONE REBAUDENGO CAP,45.09962,7.68496,1396560.1,4994877.9,5110,25.0,BUS,69
701,Fermata 1628 - SESIA,45.08998,7.69336,1397203.71,4993796.27,5618,17.6,BUS,"24, 27"
702,Fermata 1629 - NOVARA,45.08582,7.69308,1397174.21,4993334.48,5601,44.8,BUS,"24, 27"
703,Fermata 163 - CORRADINO CAP,45.01716,7.66431,1394784.13,4985744.01,3456,54.2,BUS,2
704,Fermata 1630 - LARGO PALERMO,45.08505,7.69323,1397184.63,4993248.75,5594,11.3,BUS,"24, 27"
705,Fermata 1631 - PAVIA,45.08267,7.69287,1397152.02,4992984.81,5401,19.6,BUS,"24, 27"
706,Fermata 1632 - XX SETTEMBRE CAP,45.06932,7.68196,1396269.2,4991515.69,4879,45.9,BUS,27
707,Fermata 1633 - COMO,45.08385,7.69304,1397167.52,4993115.68,5403,47.1,BUS,"24, 27"
708,Fermata 1634 - ANCONA,45.08045,7.69273,1397137.02,4992738.37,5392,60.9,BUS,"24, 27, 93 /"
709,Fermata 1635 - ANCONA,45.07966,7.69276,1397137.96,4992650.57,5392,26.9,BUS,"24, 27, 93 /"
710,Fermata 1636 - REGIO PARCO,45.07642,7.69246,1397108.53,4992291.02,5380,37.6,BUS,"24, 27, 93 /"
711,Fermata 1637 - REGIO PARCO,45.07712,7.69258,1397119.23,4992368.63,5382,25.9,BUS,"24, 27, 93 /"
712,Fermata 1638 - REGINA MARGHERITA,45.07534,7.69067,1396965.69,4992173.32,5378,71.6,BUS,"24, 27, 93 /"
713,Fermata 1639 - REGINA MARGHERITA,45.07514,7.69102,1396992.88,4992150.65,5378,62.1,BUS,"24, 27, 93 /"
714,Fermata 164 - CASTELDELFINO,45.10466,7.67363,1395677.84,4995452.36,4390,30.1,BUS,"1085, 2, 22, 75"
715,Fermata 1640 - FERRARA,45.10643,7.63801,1392878.82,4995695.59,1811,50.5,BUS,VE1
717,Fermata 1642 - BERTOLA,45.06945,7.68207,1396278.1,4991529.99,4879,29.1,"BUS, TRAM","11, 15, 55, 58, 58 /, 92, S04"
720,Fermata 1645 - TOSCANA,45.1028,7.63847,1392908.22,4995291.72,1807,46.0,BUS,VE1
721,Fermata 1646 - DEI MUGHETTI,45.10282,7.63774,1392850.82,4995294.91,1807,44.1,BUS,VE1
723,Fermata 1648 - OMERO OVEST,45.03932,7.62674,1391865.63,4988255.28,724,9.5,BUS,"12, 44, 58"
724,Fermata 1649 - ALLASON CAP,45.03872,7.6158,1391002.83,4988203.31,236,29.5,BUS,58
725,Fermata 165 - VALLETTE CAP,45.10406,7.62425,1391791.83,4995450.63,850,30.6,TRAM,3
726,Fermata 1651 - ROMITA,45.04367,7.62749,1391932.9,4988737.52,731,72.4,BUS,"40, 58 /"
727,Fermata 1652 - ROMITA,45.04402,7.62753,1391936.71,4988776.35,731,48.5,BUS,"40, 58 /"
728,Fermata 1653 - TEMPIO PAUSANIA,45.04255,7.62876,1392030.81,4988611.41,896,42.0,BUS,"62, 71, 90"
729,Fermata 1654 - TEMPIO PAUSANIA,45.0421,7.62918,1392063.04,4988560.85,896,18.6,BUS,"62, 71, 90"
730,Fermata 1655 - GAIDANO,45.03977,7.62899,1392043.7,4988302.27,894,20.3,BUS,"62, 71, 90"
731,Fermata 1656 - GAIDANO,45.03903,7.62855,1392007.65,4988220.65,893,17.1,BUS,"62, 71, 90"
732,Fermata 1657 - PITAGORA,45.03945,7.63533,1392542.45,4988258.28,1414,23.1,BUS,"12, 58, 74"
733,Fermata 1658 - PITAGORA,45.03913,7.63514,1392526.88,4988222.98,1414,34.6,BUS,"12, 58, 74"
734,Fermata 1659 - DON GRIOLI,45.03787,7.63731,1392695.44,4988080.13,1563,35.6,BUS,"12, 58, 74"
735,Fermata 166 - VALLETTE,45.10415,7.62496,1391847.86,4995459.68,850,26.2,TRAM,3
736,Fermata 1660 - DON GRIOLI,45.03801,7.63778,1392732.72,4988095.06,1563,33.0,BUS,"12, 58, 74"
737,Fermata 1661 - SAN MARINO,45.03911,7.63964,1392881.28,4988214.79,1722,62.5,BUS,"12, 58"
738,Fermata 1662 - SAN MARINO,45.04,7.6396,1392879.79,4988313.72,1722,36.5,BUS,"12, 58"
739,Fermata 1663 - ORBASSANO,45.04206,7.64012,1392924.59,4988541.88,1887,7.9,BUS,"12, 58"
740,Fermata 1664 - ORBASSANO,45.0423,7.63997,1392913.23,4988568.74,1887,24.5,BUS,"12, 58"
741,Fermata 1665 - FILADELFIA,45.04447,7.64046,1392955.87,4988809.15,1895,45.2,BUS,"58, 58 /"
742,Fermata 1666 - FILADELFIA,45.04411,7.6403,1392942.6,4988769.37,1895,5.7,BUS,"1442, 58, 58 /"
743,Fermata 1667 - SEBASTOPOLI,45.04634,7.64076,1392982.98,4989016.5,1898,39.1,BUS,"1085, 1442, 58, 58 /"
744,Fermata 1668 - SEBASTOPOLI,45.04749,7.64083,1392990.64,4989144.16,1900,14.2,BUS,"58, 58 /"
745,Fermata 1669 - BARLETTA,45.04823,7.64106,1393010.14,4989226.06,1900,97.2,BUS,"58, 58 /"
746,Fermata 167 - MONTALE,45.10294,7.62999,1392241.31,4995318.54,1176,25.7,TRAM,3
747,Fermata 1670 - MOMBASIGLIO,45.04939,7.64113,1393017.81,4989354.83,1733,173.3,BUS,"58, 58 /"
748,Fermata 1671 - ADA NEGRI,45.05152,7.64158,1393057.22,4989590.86,1902,27.3,BUS,"58, 58 /"
749,Fermata 1672 - ADA NEGRI,45.05155,7.64147,1393048.62,4989594.34,1902,29.8,BUS,"58, 58 /"
750,Fermata 1673 - TOLMINO,45.05528,7.64414,1393265.81,4990005.18,2084,51.6,BUS,58 /
751,Fermata 1674 - TOLMINO,45.05528,7.64394,1393250.06,4990005.44,2084,38.5,BUS,58 /
752,Fermata 1675 - VITTIME DI BOLOGNA N.10,45.10166,7.7294,1400060.2,4995048.62,7125,58.6,BUS,"20, 27"
754,Fermata 1677 - ANGLESIO CAP,45.10455,7.73315,1400360.27,4995365.04,7138,132.8,BUS,27
756,Fermata 1679 - LIONE,45.05949,7.6555,1394168.08,4990457.94,2997,75.6,BUS,"58, 58 /"
757,Fermata 168 - MONTALE,45.10333,7.6311,1392329.37,4995360.39,1177,14.8,TRAM,3
758,Fermata 1680 - PIGAFETTA,45.05713,7.65695,1394277.89,4990193.87,2994,112.2,BUS,"58, 58 /"
760,Fermata 1682 - ARSENALE,45.06556,7.67712,1395881.36,4991104.2,4467,10.8,"BUS, TRAM","15, 55"
761,Fermata 1683 - BERTOLA CAP,45.06996,7.68134,1396221.56,4991587.58,4880,15.1,BUS,"58, 58 /"
762,Fermata 1684 - GLICINI,45.10213,7.63054,1392283.06,4995227.82,1174,24.9,BUS,29
763,Fermata 1685 - PRIMULE,45.10423,7.62515,1391862.96,4995468.31,850,42.8,BUS,"29, 75, 90"
764,Fermata 1687 - MUGHETTI,45.10389,7.62774,1392066.08,4995427.08,7207,53.7,BUS,"29, 75, 90"
765,Fermata 1688 - MONTALE,45.10288,7.62981,1392227.04,4995312.11,1176,38.7,BUS,"29, 75, 90"
766,Fermata 1689 - MONTALE,45.10346,7.63112,1392331.19,4995374.8,1177,26.9,BUS,"75, 90"
767,Fermata 169 - PERVINCHE,45.10315,7.6353,1392659.47,4995334.8,1674,27.1,TRAM,3
770,Fermata 1692 - PERVINCHE,45.10304,7.6353,1392659.26,4995322.58,1672,31.9,BUS,"75, 90"
771,Fermata 1693 - PERVINCHE,45.10335,7.63519,1392651.19,4995357.17,1674,10.2,BUS,"75, 90"
772,Fermata 1694 - SANSOVINO,45.10197,7.63889,1392939.71,4995198.95,1806,59.4,BUS,"29, 75"
773,Fermata 1695 - SANSOVINO,45.10216,7.63945,1392984.12,4995219.32,1992,106.4,BUS,"29, 75, 90, VE1"
774,Fermata 1697 - MUGHETTI OVEST,45.1034,7.62482,1391835.43,4995376.55,848,19.8,BUS,59
775,Fermata 1698 - PRIMULE OVEST,45.1012,7.62499,1391844.64,4995131.92,845,82.2,BUS,"59, 59 /"
776,Fermata 1699 - PRIMULE OVEST,45.10113,7.62532,1391870.48,4995123.7,845,56.4,BUS,"59, 59 /"
777,Fermata 17 - BERNINI OVEST,45.07596,7.65563,1394208.72,4992287.44,3030,45.5,BUS,"36, M1S, W01"
778,Fermata 170 - PERVINCHE,45.10306,7.63598,1392712.8,4995323.9,1672,22.3,TRAM,3
779,Fermata 1700 - CINCINNATO,45.0969,7.63739,1392812.2,4994637.71,1798,41.6,BUS,"59, 59 /"
780,Fermata 1701 - CINCINNATO,45.09711,7.6379,1392852.72,4994660.36,1798,23.8,BUS,"59, 59 /"
781,Fermata 1702 - TERRANEO,45.09636,7.64134,1393121.99,4994572.49,2162,36.3,BUS,"59, 59 /"
782,Fermata 1703 - TERRANEO,45.09658,7.64119,1393110.6,4994597.13,1986,51.5,BUS,"59, 59 /"
783,Fermata 1704 - LOMBARDIA,45.09523,7.64686,1393554.23,4994439.67,2523,37.2,BUS,"59, 59 /"
784,Fermata 1705 - LOMBARDIA,45.09572,7.64601,1393488.26,4994495.23,2523,49.1,BUS,"59, 59 /"
785,Fermata 1708 - FOGLIZZO EST,45.09444,7.64961,1393769.15,4994348.29,2702,51.4,BUS,"59, 59 /"
786,Fermata 1709 - FOGLIZZO,45.09474,7.64965,1393772.86,4994381.57,2522,56.0,BUS,"59, 59 /"
787,Fermata 171 - SANSOVINO,45.10176,7.64011,1393035.3,4995174.01,1992,41.9,TRAM,3
788,Fermata 1710 - FORLÌ,45.09292,7.65241,1393986.66,4994175.76,2911,20.2,BUS,"59, 59 /"
789,Fermata 1711 - FORLÌ,45.09346,7.65198,1393953.83,4994236.31,2913,6.2,BUS,"59, 59 /"
790,Fermata 1713 - NIEVO,45.07816,7.70984,1398479.63,4992462.35,6296,31.0,BUS,"19, 19N"
791,Fermata 1714 - CINCINNATO,45.09873,7.6435,1393296.37,4994832.92,2170,15.4,BUS,29
792,Fermata 1715 - CINCINNATO,45.09887,7.64331,1393281.68,4994848.73,2170,6.9,BUS,29
793,Fermata 1716 - FOGLIZZO,45.09646,7.65013,1393813.82,4994572.01,2707,26.1,BUS,29
794,Fermata 1717 - FOGLIZZO,45.09658,7.64997,1393801.45,4994585.56,2708,21.0,BUS,29
795,Fermata 1718 - BORSI,45.09546,7.65302,1394039.36,4994457.13,2917,32.8,BUS,29
796,Fermata 1719 - BORSI,45.09547,7.65317,1394051.18,4994458.04,2917,22.8,BUS,29
797,Fermata 172 - SANSOVINO,45.10161,7.64097,1393102.68,4995156.21,1992,28.1,TRAM,3
798,Fermata 1720 - POTENZA OVEST,45.09456,7.65565,1394244.64,4994353.7,3072,38.4,BUS,29
799,Fermata 1721 - POTENZA OVEST,45.09466,7.65559,1394240.11,4994364.89,3072,48.1,BUS,29
800,Fermata 1722 - POTENZA,45.0909,7.65542,1394219.78,4993947.41,3067,36.9,BUS,"59, 59 /"
801,Fermata 1723 - POTENZA,45.09126,7.65521,1394203.92,4993987.68,2909,65.6,BUS,"59, 59 /"
802,Fermata 1724 - SVIZZERA,45.08846,7.65648,1394298.69,4993674.96,3212,96.3,BUS,"59, 59 /"
803,Fermata 1725 - SVIZZERA,45.08918,7.65661,1394310.25,4993754.78,3212,20.3,BUS,"59, 59 /"
804,Fermata 1726 - MARTINETTO,45.08524,7.65627,1394276.23,4993317.52,3057,51.3,BUS,"59, 59 /"
805,Fermata 1727 - MEDAIL,45.08294,7.65849,1394446.7,4993059.11,7363,28.4,BUS,"29, 59, 59 /"
806,Fermata 1728 - MEDAIL,45.08325,7.65789,1394400.05,4993094.34,7363,30.1,BUS,"29, 59, 59 /"
807,Fermata 1729 - GALVANI,45.08104,7.66271,1394775.34,4992842.54,3574,22.3,BUS,"29, 59, 59 /"
808,Fermata 173 - CINCINNATO,45.1006,7.64441,1393371.45,4995039.46,2350,26.5,TRAM,3
809,Fermata 1730 - GALVANI,45.08125,7.66245,1394755.26,4992866.21,3574,50.8,BUS,"29, 59, 59 /"
810,Fermata 1731 - SACCARELLI,45.0793,7.66648,1395068.87,4992644.34,3945,71.6,BUS,"29, 59, 59 /"
811,Fermata 1732 - SACCARELLI,45.07964,7.66616,1395044.31,4992682.53,3764,36.5,BUS,"29, 59, 59 /"
814,Fermata 1736 - PARIS CAP,45.11893,7.65352,1394122.13,4997063.79,3101,36.2,BUS,60
815,Fermata 1737 - PEPE,45.11973,7.65488,1394230.58,4997150.88,3104,40.4,BUS,60
816,Fermata 1738 - DESTEFANIS,45.11804,7.65673,1394372.97,4996960.72,3269,21.7,BUS,60
817,Fermata 1739 - DESTEFANIS,45.1179,7.65715,1394405.74,4996944.62,3269,32.9,BUS,60
818,Fermata 174 - CINCINNATO,45.10029,7.6458,1393480.24,4995003.19,2347,17.1,TRAM,3
819,Fermata 1740 - BRAMAFAME,45.11558,7.65808,1394474.61,4996685.67,3266,48.8,BUS,60
820,Fermata 1741 - BRAMAFAME,45.11584,7.65819,1394483.75,4996714.41,3266,27.2,BUS,60
821,Fermata 1742 - STAMPALIA,45.11216,7.65974,1394598.89,4996303.57,3447,23.5,BUS,60
822,Fermata 1743 - STAMPALIA,45.11266,7.65973,1394599.02,4996359.13,3448,32.1,BUS,60
823,Fermata 1744 - CALTANISSETTA,45.1107,7.66045,1394652.05,4996140.45,3442,33.9,BUS,"60, 69"
824,Fermata 1745 - SOSTEGNO,45.08026,7.6202,1391428.08,4992812.09,662,38.8,BUS,65
826,Fermata 1747 - CARRERA,45.08021,7.62701,1391963.98,4992797.41,978,55.0,BUS,40
827,Fermata 1748 - STAMPINI SUD,45.10838,7.66268,1394823.21,4995879.81,3634,52.4,BUS,"60, 69"
828,Fermata 1749 - STAMPINI,45.10845,7.66258,1394815.47,4995887.72,3634,60.8,BUS,60
829,Fermata 175 - LOMBARDIA,45.09938,7.64863,1393701.21,4994898.37,2528,16.2,TRAM,3
830,Fermata 1750 - LULLI,45.10811,7.66637,1395113.0,4995845.02,4010,24.9,BUS,69
831,Fermata 1751 - LULLI,45.10824,7.66605,1395088.06,4995859.88,3811,17.5,BUS,69
833,Fermata 1753 - GROSSETO,45.10436,7.67299,1395626.94,4995419.86,4388,46.8,BUS,"60, 75"
834,Fermata 1754 - COPPINO EST,45.10111,7.67226,1395563.58,4995059.76,4382,98.0,BUS,"60, 75"
835,Fermata 1755 - COPPINO,45.10176,7.67263,1395593.88,4995131.49,4384,78.2,BUS,"60, 75"
836,Fermata 1756 - LARGO MASSAIA,45.09859,7.67192,1395532.23,4994780.25,4377,8.3,BUS,60
837,Fermata 1757 - LARGO MASSAIA,45.09734,7.67196,1395533.1,4994641.33,4373,31.9,"BUS, TRAM","10, 3329, 52, 60, 67, 77"
838,Fermata 1758 - VEROLENGO,45.09569,7.6715,1395493.9,4994458.62,4367,24.3,"BUS, TRAM","10, 11, 52, 60, 67, 77, W60"
839,Fermata 1759 - VEROLENGO,45.09566,7.67159,1395500.92,4994455.18,4367,23.9,"BUS, TRAM","10, 11, 52, 60, 67, 77, W60"
840,Fermata 176 - LOMBARDIA,45.09908,7.65009,1393815.53,4994863.13,2711,7.2,TRAM,3
841,Fermata 1760 - BRIN,45.09384,7.67101,1395451.96,4994253.74,4187,27.6,"BUS, TRAM","10, 11, 52, 60, 67, 72, 72 /, 77, W60"
842,Fermata 1761 - BRIN,45.09403,7.67111,1395460.18,4994274.72,4186,48.0,"BUS, TRAM","10, 11, 52, 60, 67, 72, 72 /, 77, W60"
843,Fermata 1762 - MORTARA,45.09116,7.67039,1395398.28,4993956.82,7446,45.4,"BUS, TRAM","10, 11, 52, 60, 67, 72, 72 /, 77, W60"
844,Fermata 1763 - MORTARA,45.0913,7.67052,1395408.76,4993972.2,7446,61.5,"BUS, TRAM","10, 11, 52, 60, 67, 72, 72 /, 77, W60"
845,Fermata 1764 - TREVISO,45.08723,7.66954,1395324.21,4993521.33,4168,44.8,"BUS, TRAM","10, 52, 60, 67, 72, 72 /, W60"
846,Fermata 1765 - TREVISO,45.08747,7.66969,1395336.45,4993547.8,4169,32.2,"BUS, TRAM","10, 52, 60, 67, 72, 72 /, W60"
847,Fermata 1766 - FRANCIA EST,45.07539,7.6249,1391788.81,4992264.78,807,51.8,BUS,40
848,Fermata 1767 - FRANCIA,45.07508,7.62383,1391704.0,4992231.77,809,30.0,BUS,40
849,Fermata 1768 - PACCHIOTTI EST,45.07842,7.62676,1391940.93,4992598.9,815,70.6,BUS,40
850,Fermata 1769 - MEISINO,45.08703,7.73158,1400206.23,4993420.66,7063,42.3,BUS,"68, E68"
851,Fermata 177 - BORSI,45.09809,7.65322,1394059.97,4994749.04,2919,21.3,TRAM,3
852,Fermata 1770 - CAFASSO CAP,45.0862,7.73315,1400328.34,4993326.52,7061,39.4,BUS,"68, E68"
853,Fermata 1771 - CASALE,45.0863,7.73317,1400330.08,4993337.6,7061,44.2,BUS,"68, E68"
855,Fermata 1773 - PACCHIOTTI,45.07836,7.62577,1391862.89,4992593.55,815,25.2,BUS,40
862,Fermata 178 - BORSI,45.09804,7.65373,1394100.0,4994742.82,2919,19.2,TRAM,3
872,Fermata 1789 - CROCE,45.09077,7.7442,1401205.84,4993820.64,7075,242.3,BUS,"3006, 3106, 3107, 61, E68"
873,Fermata 179 - LARGO TOSCANA,45.09703,7.65694,1394350.71,4994626.41,7366,87.6,TRAM,3
875,Fermata 1791 - CASALE N.431,45.08867,7.73816,1400726.9,4993594.75,7070,85.3,BUS,"3006, 3106, 3107, 61, E68"
876,Fermata 1792 - CASALE N.472,45.08925,7.73939,1400824.7,4993657.67,7070,31.0,BUS,"3106, 3107, 61, E68"
877,Fermata 1793 - MEISINO,45.08672,7.73447,1400433.12,4993382.66,7064,67.3,BUS,"3006, 3106, 3107, 61, E68"
878,Fermata 1794 - MEISINO,45.08709,7.73539,1400506.17,4993422.63,7064,16.0,BUS,"61, E68"
879,Fermata 1795 - BIAMINO,45.08456,7.73104,1400159.42,4993146.93,7055,32.6,BUS,"61, 68, E68"
880,Fermata 1796 - BIAMINO,45.08453,7.73129,1400179.05,4993143.29,7057,34.5,BUS,"61, 68, E68"
881,Fermata 1797 - PASINI,45.07459,7.73012,1400069.63,4992040.49,6968,94.1,BUS,"54, 61, E68B"
882,Fermata 1798 - PASINI,45.07468,7.73024,1400079.23,4992050.34,6968,81.8,BUS,"54, 61, E68B"
883,Fermata 1799 - SIGNORELLI,45.07305,7.7291,1399986.65,4991870.67,6805,144.3,BUS,"54, 61, E68B"
884,Fermata 18 - BERNINI EST,45.07602,7.65417,1394093.91,4992296.01,2858,27.2,BUS,"36, M1S, W01"
885,Fermata 180 - LARGO TOSCANA,45.09653,7.65902,1394513.45,4994568.15,3416,20.2,TRAM,"3, 9"
886,Fermata 1800 - SIGNORELLI,45.0726,7.7288,1399962.25,4991821.05,6805,89.3,BUS,"54, 61, E68B"
887,Fermata 1801 - MARCO AURELIO,45.07049,7.72682,1399802.7,4991589.1,6800,26.7,BUS,"54, 61"
888,Fermata 1802 - MARCO AURELIO,45.0705,7.72701,1399817.68,4991589.98,6799,28.4,BUS,"54, 61"
889,Fermata 1803 - MONTEU DA PO,45.06975,7.72301,1399501.48,4991511.62,6795,33.0,BUS,"30, 54, 61"
890,Fermata 1804 - MONTEU DA PO,45.06974,7.72334,1399527.44,4991510.1,6796,14.2,BUS,"30, 54, 61"
891,Fermata 1805 - CARRARA,45.06919,7.71974,1399243.08,4991453.48,6642,46.2,BUS,"30, 54, 61"
892,Fermata 1806 - CARRARA,45.06916,7.72006,1399268.22,4991449.75,6642,23.5,BUS,"30, 54, 61"
893,Fermata 1807 - MOTOVELODROMO,45.06881,7.71758,1399072.37,4991413.96,6641,23.9,BUS,"30, 54, 61"
895,Fermata 1808 - MOTOVELODROMO,45.06855,7.7166,1398994.77,4991386.3,6641,58.6,BUS,"30, 54, 61"
896,Fermata 1809 - CASALBORGONE,45.06814,7.71371,1398766.53,4991344.37,6462,12.9,BUS,"30, 54, 61"
897,Fermata 181 - LARGO BORGARO,45.09551,7.66236,1394774.38,4994450.48,3595,14.0,TRAM,"3, 9"
898,Fermata 1810 - CASALBORGONE,45.0678,7.71214,1398642.34,4991308.56,6276,97.1,BUS,"30, 54, 61"
899,Fermata 1811 - BORROMINI,45.06748,7.71002,1398474.87,4991275.67,6275,35.5,BUS,"30, 61"
900,Fermata 1812 - GABETTI,45.06678,7.70821,1398331.14,4991200.18,6090,40.8,BUS,"54, 61"
901,Fermata 1813 - BRICCA,45.06627,7.70627,1398177.51,4991145.97,6089,36.8,BUS,61
902,Fermata 1814 - BRICCA,45.06581,7.70562,1398125.52,4991095.68,5918,29.0,BUS,61
903,Fermata 1815 - MONFERRATO,45.06434,7.70123,1397777.29,4990937.92,5913,28.8,BUS,61
904,Fermata 1816 - CARDINAL MAURIZIO,45.06506,7.70371,1397973.82,4991014.77,5917,48.7,BUS,61
905,Fermata 1817 - GRAN MADRE,45.06309,7.69866,1397572.72,4990802.31,5713,57.5,BUS,61
906,Fermata 1818 - GRAN MADRE,45.06332,7.69932,1397625.1,4990827.02,5714,46.3,BUS,61
908,Fermata 182 - LARGO BORGARO,45.09492,7.6631,1394831.52,4994383.98,3593,20.7,TRAM,"3, 9"
913,Fermata 1827 - ALLAMANO,45.05101,7.62952,1392106.58,4989550.22,919,55.8,BUS,"40, 62, 71, 90"
914,Fermata 1828 - FILADELFIA,45.04794,7.62962,1392108.68,4989209.04,907,48.2,BUS,"40, 62, 71, 90"
915,Fermata 1829 - CARRERA EST,45.08002,7.62779,1392025.02,4992775.27,978,12.7,BUS,40
916,Fermata 183 - PIERO DELLA FRANCESCA,45.09218,7.66274,1394798.16,4994080.06,7398,23.6,TRAM,"3, 9"
917,Fermata 1830 - VITTORIO EMANUELE II CAP,45.06207,7.68068,1396155.31,4990711.92,4647,16.2,BUS,61
920,Fermata 1834 - FERRARA N.47,45.10755,7.62683,1392001.39,4995834.89,1026,17.9,BUS,"59, 90"
921,Fermata 1835 - FERRARA N.47,45.10726,7.62684,1392001.63,4995802.66,1025,7.5,BUS,"59, 90"
922,Fermata 1836 - PRIMULE NORD,45.10631,7.62436,1391804.74,4995700.44,853,38.3,BUS,"59, 90"
923,Fermata 1837 - PRIMULE NORD,45.10637,7.62458,1391822.16,4995706.81,853,43.5,BUS,"59, 90"
924,Fermata 1838 - MUGHETTI OVEST,45.104,7.62696,1392004.92,4995440.34,7208,5.5,BUS,"29, 75, 90"
925,Fermata 1839 - MOLISE,45.09924,7.6368,1392770.16,4994898.44,1800,9.6,BUS,"62, 90, VE1"
926,Fermata 184 - PIERO DELLA FRANCESCA,45.09149,7.66249,1394777.22,4994003.73,7397,35.5,TRAM,"3, 9"
927,Fermata 1840 - MOLISE,45.0994,7.63658,1392753.15,4994916.51,1800,25.4,BUS,"62, 90, VE1"
928,Fermata 1841 - CIRENE,45.09669,7.63433,1392571.03,4994618.44,1498,17.5,BUS,"32, 62, 90, VE1"
929,Fermata 1842 - CIRENE,45.09634,7.63378,1392527.1,4994580.29,1497,8.2,BUS,"32, 62, 90, VE1"
930,Fermata 1843 - PELLERINA,45.08618,7.62598,1391894.18,4993462.0,836,9.7,BUS,"62, 90, VE1"
931,Fermata 1844 - PELLERINA,45.08657,7.62561,1391865.8,4993505.82,837,42.0,BUS,"62, 90, VE1"
932,Fermata 1845 - SERVAIS,45.08437,7.62526,1391834.1,4993261.89,830,59.3,BUS,"62, 90, VE1"
933,Fermata 1846 - SERVAIS,45.08415,7.62472,1391791.19,4993238.18,830,27.3,BUS,"62, 90, VE1"
934,Fermata 1847 - BIANCHI,45.08245,7.62448,1391769.09,4993049.64,828,25.6,BUS,"62, 90, VE1"
935,Fermata 1848 - BIANCHI,45.08162,7.62364,1391701.41,4992958.56,825,31.3,BUS,"62, 90, VE1"
936,Fermata 1849 - CARRERA,45.08047,7.62337,1391677.98,4992831.17,822,29.8,BUS,"62, 90, VE1"
937,Fermata 185 - OSPEDALE AMEDEO DI SAVOIA,45.08926,7.65932,1394523.66,4993760.13,3401,22.9,TRAM,"3, 9"
938,Fermata 1850 - CARRERA,45.07928,7.62159,1391535.63,4992701.36,7190,36.7,BUS,"62, 90, VE1"
939,Fermata 1851 - PACCHIOTTI,45.07791,7.62125,1391506.28,4992549.62,652,41.2,BUS,"62, 90, VE1"
940,Fermata 1852 - VALGIOIE,45.07704,7.6203,1391429.85,4992454.24,649,23.6,BUS,"62, 90, VE1"
941,Fermata 1853 - MASSAUA SUD,45.07352,7.61949,1391359.42,4992064.29,434,39.1,BUS,"40, 62, 90, VE1"
942,Fermata 1854 - MASSAUA NORD,45.07535,7.61956,1391368.4,4992267.49,641,30.6,BUS,"62, 90, VE1"
943,Fermata 1855 - MASSAUA SUD,45.07346,7.61909,1391327.82,4992058.16,434,27.0,BUS,"40, 62, 90, VE1"
944,Fermata 1856 - CHAMBERY,45.06958,7.61929,1391336.21,4991626.86,412,40.4,BUS,"40, 62, 90, VE1"
945,Fermata 1857 - PRONDA,45.06777,7.62034,1391415.44,4991424.38,7187,39.0,BUS,"40, 62, 90"
946,Fermata 1858 - PRONDA,45.06789,7.62064,1391439.28,4991437.31,7187,33.9,BUS,"40, 62, 90"
947,Fermata 1859 - MONGINEVRO,45.06413,7.62328,1391640.0,4991016.06,777,31.6,BUS,"40, 62, 90"
948,Fermata 186 - OSPEDALE AMEDEO DI SAVOIA,45.08894,7.65896,1394494.74,4993725.05,3401,22.6,TRAM,"3, 9"
949,Fermata 1860 - MONGINEVRO,45.06423,7.62372,1391674.83,4991026.58,777,34.7,BUS,"40, 62, 90"
951,Fermata 1863 - ANTICA DI GRUGLIASCO,45.06005,7.62675,1391905.5,4990558.17,771,42.2,BUS,"40, 62, 90"
952,Fermata 1864 - ANTICA DI GRUGLIASCO,45.05952,7.62759,1391970.64,4990498.17,771,46.6,BUS,"40, 62, 90"
953,Fermata 1865 - VEGLIA,45.05345,7.62972,1392126.92,4989821.01,928,49.8,BUS,"40, 62, 71, 90"
954,Fermata 1866 - MONFALCONE,45.05359,7.63007,1392154.75,4989836.1,930,47.7,BUS,"40, 62, 71, 90"
955,Fermata 1867 - FILADELFIA,45.04786,7.62928,1392081.76,4989200.6,909,34.2,BUS,"40, 62, 71, 90"
956,Fermata 1868 - SEBASTOPOLI,45.0512,7.62989,1392136.08,4989570.83,921,34.2,BUS,"40, 62, 71, 90"
957,Fermata 1869 - BOSTON,45.04543,7.62901,1392055.92,4988931.01,899,70.0,BUS,"40, 58 /, 62, 71, 90"
958,Fermata 187 - TASSONI,45.08539,7.65724,1394352.84,4993332.92,3209,29.7,TRAM,"16 CD, 3"
959,Fermata 1870 - BOSTON,45.0454,7.62942,1392088.15,4988927.13,902,62.5,BUS,"40, 58 /, 62, 71, 90"
961,Fermata 1872 - SEBASTOPOLI,45.04479,7.64538,1393343.94,4988838.2,2256,33.4,BUS,"17, 62"
962,Fermata 1873 - PUGLIA C.3,45.10603,7.72107,1399412.5,4995544.42,6906,24.7,BUS,"20, 22, 24, 25, 5135"
963,Fermata 1874 - FILADELFIA EST,45.0426,7.6442,1393246.94,4988596.47,2064,29.8,BUS,"17, 62"
964,Fermata 1875 - FILADELFIA EST,45.04216,7.64429,1393253.21,4988547.47,2064,19.8,BUS,62
965,Fermata 1876 - BOSTON,45.0393,7.64265,1393118.71,4988231.92,1879,67.6,BUS,62
966,Fermata 1877 - SAN MARINO,45.03842,7.64183,1393052.49,4988135.25,1879,50.1,BUS,62
967,Fermata 1878 - COSENZA,45.03702,7.64146,1393020.73,4987980.21,1877,77.7,BUS,62
968,Fermata 1879 - COSENZA,45.03651,7.64088,1392974.1,4987924.32,1876,57.0,BUS,62
969,Fermata 188 - TASSONI,45.0857,7.65675,1394314.85,4993368.0,3059,45.6,TRAM,"16 CS, 3"
970,Fermata 1880 - DE CANAL,45.0343,7.63966,1392873.88,4987680.42,1712,82.8,BUS,62
971,Fermata 1881 - DE CANAL,45.03405,7.63915,1392833.24,4987653.33,1711,60.2,BUS,62
972,Fermata 1882 - DINA,45.03289,7.63857,1392785.38,4987525.23,1708,28.7,BUS,62
973,Fermata 1883 - DINA,45.0329,7.63847,1392777.52,4987526.47,1708,34.7,BUS,62
974,Fermata 1884 - MATTATOIO SUD,45.10894,7.629,1392174.72,4995986.41,1186,48.4,BUS,59
975,Fermata 1886 - POSTE E TELECOMUNICAZIONI,45.10759,7.6921,1397136.2,4995754.19,5470,18.4,BUS,"62, 90"
976,Fermata 1887 - CAIO MARIO CAP,45.02464,7.63625,1392587.19,4986611.81,1391,28.4,BUS,62
977,Fermata 1888 - MATTATOIO SUD,45.10928,7.62943,1392209.19,4996023.61,1186,12.2,BUS,59
978,Fermata 1889 - PLAVA,45.02079,7.61248,1390707.19,4986215.94,189,26.1,BUS,"34, 38, 95 /"
979,Fermata 189 - AVELLINO,45.08392,7.66147,1394683.04,4993164.1,3580,36.3,TRAM,"16 CD, 3"
980,Fermata 1890 - QUARELLO N.19,45.01824,7.61517,1390914.29,4985929.03,178,72.6,BUS,63 /
981,Fermata 1891 - PLAVA EST,45.01846,7.61877,1391198.35,4985948.63,348,54.1,BUS,63 /
982,Fermata 1892 - BURIASCO OVEST,45.02162,7.62021,1391317.8,4986297.74,349,9.5,BUS,"63 /, 90, 94, 95 /, 96, 97, 98, 99"
983,Fermata 1893 - BURIASCO OVEST,45.02163,7.62012,1391310.72,4986298.97,349,10.8,BUS,"63 /, 90, 94, 95 /, 96, 97, 98, 99"
984,Fermata 1894 - BURIASCO,45.02286,7.62278,1391522.62,4986432.04,536,35.8,BUS,"63 /, 90, 94, 95 /, 96, 97, 98, 99"
985,Fermata 1895 - BURIASCO,45.0231,7.62278,1391523.07,4986458.7,536,46.7,BUS,"63 /, 96, 99"
986,Fermata 1896 - PRAMOLLO,45.02183,7.62546,1391731.82,4986314.03,697,18.9,BUS,"63 /, 90, 94, 95 /, 96, 97, 98, 99"
987,Fermata 1897 - PRAMOLLO,45.02196,7.62567,1391748.61,4986328.19,697,21.1,BUS,"63 /, 90, 94, 95 /, 96, 97, 98, 99"
988,Fermata 1898 - UNIONE SOVIETICA,45.01987,7.63034,1392112.62,4986089.78,1046,104.1,BUS,"63 /, 90, 94, 95 /, 96, 97, 98, 99"
989,Fermata 1899 - UNIONE SOVIETICA,45.02026,7.63016,1392099.17,4986133.34,1049,84.4,BUS,"63 /, 90, 94, 95 /, 96, 97, 98, 99"
990,Fermata 190 - AVELLINO,45.08391,7.66228,1394746.77,4993161.93,3581,21.9,TRAM,"16 CS, 3"
991,Fermata 1900 - ISSIGLIO,45.06119,7.63981,1392935.9,4990667.45,1919,18.5,BUS,64
992,Fermata 1901 - NEGARVILLE OVEST,45.01705,7.6092,1390441.63,4985804.9,5,17.3,BUS,63
993,Fermata 1902 - ROVEDA,45.02079,7.60531,1390142.28,4986225.65,28,94.3,BUS,"63, 95 /"
994,Fermata 1903 - PLAVA C.29,45.02265,7.60916,1390449.16,4986427.05,37,10.4,BUS,"63, 71, 90, 94, 95 /, 96, 97, 98"
995,Fermata 1904 - PLAVA C.31,45.021,7.61345,1390784.01,4986237.96,194,17.2,BUS,"34, 38, 71, 90, 94, 95 /, 96, 97, 98, 99"
996,Fermata 1905 - DROSSO N.132,45.01622,7.61157,1390626.79,4985709.49,172,36.5,BUS,63
997,Fermata 1906 - DROSSO N.132,45.01633,7.61219,1390675.85,4985720.87,172,16.3,BUS,63
998,Fermata 1907 - FACCIOLI,45.01499,7.61699,1391051.52,4985565.54,167,11.1,BUS,63
999,Fermata 1908 - FACCIOLI,45.01558,7.61541,1390928.14,4985633.21,168,57.6,BUS,63
1000,Fermata 1909 - PLANTERI,45.01435,7.61955,1391252.03,4985491.0,333,45.6,BUS,63
1001,Fermata 191 - LIVORNO,45.08243,7.66617,1395050.2,4992992.46,3768,31.0,TRAM,"16 CD, 3"
1002,Fermata 1910 - PLANTERI,45.01458,7.61938,1391239.07,4985516.78,333,67.0,BUS,63
1003,Fermata 1911 - REGINA MARGHERITA,45.08338,7.66716,1395129.86,4993096.71,3953,96.6,"BUS, TRAM","10, 72, 72 /, W60"
1004,Fermata 1913 - VESPUCCI,45.05323,7.6694,1395251.06,4989744.42,3880,20.8,"BUS, TRAM","4, 92, S04"
1005,Fermata 1914 - SOMMEILLER,45.05535,7.6718,1395443.91,4989976.83,4083,35.9,"BUS, TRAM","4, 92, S04"
1006,Fermata 1915 - STATI UNITI,45.06021,7.67566,1395756.69,4990511.75,4450,37.2,"BUS, TRAM","4, 92, S04"
1007,Fermata 1916 - STATI UNITI,45.06063,7.67599,1395783.44,4990557.98,4451,30.0,"BUS, TRAM","4, 92, S04"
1008,Fermata 1917 - ANTICA DI COLLEGNO OVEST,45.08223,7.61213,1390796.68,4993041.81,315,13.3,BUS,65
1009,Fermata 1918 - ISONZO,45.06154,7.63858,1392839.71,4990707.96,1751,23.6,BUS,64
1011,Fermata 192 - LIVORNO,45.08236,7.66694,1395110.68,4992983.69,3951,28.0,"BUS, TRAM","10, 16 CS, 3, 72, 72 /, W60"
1015,Fermata 1924 - POSTUMIA,45.06795,7.62412,1391713.35,4991439.31,787,36.9,BUS,"42, VE1"
1016,Fermata 1925 - RADICH,45.0658,7.61279,1390817.32,4991215.69,239,31.3,BUS,"64, W15"
1017,Fermata 1926 - RADICH,45.06598,7.61288,1390824.75,4991235.57,239,22.6,BUS,"64, W15"
1018,Fermata 1927 - BARD,45.06544,7.61729,1391170.91,4991169.64,401,29.2,BUS,"64, W15"
1019,Fermata 1928 - BARD,45.0658,7.61677,1391130.65,4991210.33,402,21.4,BUS,"64, W15"
1021,Fermata 193 - INDUSTRIA,45.08141,7.66931,1395295.47,4992875.08,3948,32.0,"BUS, TRAM","10, 16 CD, 3, 72, 72 /, W60"
1023,Fermata 1932 - CARSO,45.06167,7.63638,1392666.75,4990725.31,1604,51.0,BUS,64
1024,Fermata 1933 - CARAGLIO,45.06105,7.64262,1393156.88,4990648.18,2092,50.5,BUS,64
1025,Fermata 1934 - ENTRACQUE,45.0607,7.64412,1393274.33,4990607.32,2284,35.2,BUS,64
1030,Fermata 1939 - BRACCINI,45.05928,7.65257,1393937.0,4990438.45,2817,59.9,BUS,"58, 58 /"
1031,Fermata 194 - INDUSTRIA,45.08149,7.66957,1395316.08,4992883.63,4149,45.8,"BUS, TRAM","10, 16 CS, 3, 72, 72 /, W60"
1032,Fermata 1940 - SPALATO,45.05866,7.65279,1393953.17,4990369.29,2816,44.9,BUS,58 /
1033,Fermata 1941 - MODANE,45.0575,7.65128,1393832.13,4990242.4,2628,24.6,BUS,"58, 58 /"
1034,Fermata 1942 - RIVALTA,45.0568,7.65066,1393782.02,4990165.45,2628,70.8,BUS,58 /
1035,Fermata 1943 - MARMOLADA,45.0557,7.65001,1393728.8,4990044.11,2625,57.3,BUS,"58, 58 /"
1036,Fermata 1944 - MARMOLADA,45.0554,7.64966,1393700.68,4990011.24,2452,32.3,BUS,58 /
1037,Fermata 1945 - CARLO ALBERTO,45.06163,7.68181,1396243.48,4990661.59,4859,28.0,"BUS, TRAM","24, 33, 52, 6, 61, 67, 68, 68+, 9, 93 /, S05, S05B"
1038,Fermata 1946 - CARLO ALBERTO,45.06172,7.68187,1396248.36,4990671.51,4860,27.5,"BUS, TRAM","24, 33, 52, 6, 61, 67, 68, 68+, 7, 9, 93 /, S05, S05B, STAR 1"
1039,Fermata 1947 - UMBRIA,45.08546,7.6689,1395270.61,4993325.53,4166,38.8,"BUS, TRAM","10, 52, 60, 67, 72, 72 /, W60"
1040,Fermata 1948 - MADAMA CRISTINA,45.06053,7.68518,1396506.82,4990535.07,5024,23.3,"BUS, TRAM","24, 33, 52, 7, 9, 93 /, S05B"
1041,Fermata 1949 - D'AZEGLIO,45.05954,7.68753,1396690.06,4990422.09,5174,33.5,"BUS, TRAM","33, 52, 9, S05B, STAR 2"
1042,Fermata 195 - RONDÒ FORCA OVEST,45.07933,7.67548,1395777.3,4992636.04,4519,27.3,"BUS, TRAM","16 CD, 3, W60"
1043,Fermata 1950 - MONCALIERI,45.05738,7.69361,1397164.89,4990174.39,5512,30.8,BUS,"33, 52, 66, 70, 73"
1044,Fermata 1951 - MONCALIERI,45.05757,7.69366,1397169.17,4990195.43,5319,31.3,BUS,"33, 52, 66, 70, 73"
1045,Fermata 1952 - CRIMEA,45.05665,7.69557,1397317.91,4990090.8,5509,42.2,BUS,"33, 52, 66, 70, 73"
1046,Fermata 1953 - CRIMEA,45.05683,7.69561,1397321.38,4990110.75,5509,49.0,BUS,"33, 52, 66, 70, 73"
1047,Fermata 1954 - ADUA CAP,45.05252,7.70678,1398193.24,4989617.83,6075,77.2,BUS,"33, 52, 54"
1048,Fermata 1955 - GROSSETO EST,45.10413,7.67273,1395606.07,4995394.65,4388,75.2,BUS,"60, 75"
1049,Fermata 1956 - MUSSO FERRARIS,45.08418,7.62008,1391426.07,4993247.73,7193,13.8,BUS,71
1052,Fermata 196 - RONDÒ FORCA OVEST,45.07957,7.67528,1395761.99,4992662.96,4523,25.5,"BUS, TRAM","10, 16 CS, 3, 52, 67, W60"
1063,Fermata 197 - OSPEDALE COTTOLENGO,45.07813,7.67925,1396071.85,4992497.88,4721,24.2,"BUS, TRAM","1085, 16 CD, 3, W60"
1069,Fermata 1975 - PUGLIA N.35,45.10672,7.72376,1399625.34,4995617.73,6910,21.3,BUS,"20, 22, 24, 25, 5135"
1070,Fermata 1976 - FRANZOJ,45.08049,7.6168,1391160.92,4992842.21,467,13.4,BUS,65
1071,Fermata 1977 - BERRUTI,45.08235,7.61671,1391157.37,4993048.96,471,28.4,BUS,65
1072,Fermata 1978 - CASCINETTE,45.11539,7.71163,1398686.42,4996596.03,6553,11.4,BUS,"22, 24"
1073,Fermata 1979 - SOSTEGNO,45.08177,7.62038,1391445.11,4992979.6,665,29.5,BUS,65
1074,Fermata 198 - OSPEDALE COTTOLENGO,45.07836,7.67881,1396037.63,4992523.99,4722,64.6,"BUS, TRAM","16 CS, 3, 52, 67, W60"
1075,Fermata 1980 - COSSA,45.08012,7.62375,1391707.23,4992791.78,822,24.2,BUS,65
1076,Fermata 1981 - COSSA,45.08072,7.62403,1391730.4,4992858.06,823,25.8,BUS,65
1077,Fermata 1982 - SERVAIS CAP,45.08557,7.61533,1391054.88,4993408.53,319,18.8,BUS,71
1078,Fermata 1983 - CASALEGGIO,45.08434,7.61896,1391338.23,4993267.01,673,24.3,BUS,71
1079,Fermata 1984 - CASALEGGIO,45.08477,7.61792,1391257.2,4993316.17,486,34.9,BUS,71
1080,Fermata 1985 - COSSA OVEST,45.08394,7.62289,1391646.77,4993217.3,831,20.0,BUS,71
1081,Fermata 1986 - COSSA OVEST,45.08405,7.62273,1391634.38,4993229.73,831,33.0,BUS,71
1082,Fermata 1987 - BELLARDI,45.08379,7.62778,1392031.33,4993194.09,7205,22.8,BUS,71
1083,Fermata 1988 - BELLARDI,45.08389,7.62712,1391979.58,4993206.08,7206,26.8,BUS,71
1084,Fermata 1989 - BIANCHI,45.08261,7.62854,1392088.93,4993061.99,984,32.9,BUS,40
1085,Fermata 199 - PORTA PALAZZO,45.0771,7.68215,1396298.24,4992379.73,4907,13.7,"BUS, TRAM","16 CD, 3, STAR 2, W60"
1086,Fermata 1990 - BIANCHI EST,45.08198,7.62894,1392119.22,4992991.47,983,33.1,BUS,40
1087,Fermata 1991 - TELESIO,45.07946,7.62774,1392020.03,4992713.12,975,32.9,BUS,65
1088,Fermata 1992 - RE,45.08014,7.62916,1392133.07,4992786.77,977,34.1,BUS,65
1089,Fermata 1993 - RE,45.07926,7.63006,1392202.25,4992687.81,1141,42.5,BUS,65
1090,Fermata 1994 - CAPELLI,45.08004,7.63363,1392484.7,4992769.71,1477,70.5,BUS,65
1091,Fermata 1995 - MONTE GRAPPA,45.07924,7.63678,1392731.13,4992676.65,1777,62.4,BUS,65
1092,Fermata 1996 - SALBERTRAND,45.07994,7.63605,1392674.99,4992755.38,1631,42.9,BUS,65
1096,Fermata 20 - ALPIGNANO,45.07579,7.65245,1393958.1,4992272.72,2857,19.7,BUS,"36, W01"
1097,Fermata 200 - PORTA PALAZZO SUD,45.07607,7.68304,1396366.43,4992264.16,4904,21.0,"BUS, TRAM","11, 19, 27, 4, 51, 8, 92, N04, N04B, STAR 2, W60"
1100,Fermata 2002 - REGIO PARCO EST,45.08531,7.71289,1398732.33,4993252.82,6501,26.1,BUS,19N
1104,Fermata 2006 - DONATI,45.0683,7.66858,1395214.04,4991419.62,3912,35.4,BUS,55
1105,Fermata 2007 - GALILEO FERRARIS,45.06762,7.67155,1395446.61,4991340.24,4112,25.0,BUS,55
1106,Fermata 2008 - GALILEO FERRARIS,45.06728,7.67158,1395448.35,4991302.43,4111,20.8,BUS,55
1107,Fermata 2009 - RE UMBERTO,45.0665,7.6747,1395692.55,4991211.75,4469,35.6,BUS,55
1108,Fermata 201 - PORTA PALAZZO EST,45.07642,7.68449,1396481.2,4992301.19,5060,33.0,"BUS, TRAM","16 CD, 3, 50"
1109,Fermata 2010 - ARSENALE,45.06567,7.67678,1395854.79,4991116.86,4467,18.9,"BUS, TRAM","11, 15, 4, 55, 58, 58 /, STAR 1"
1111,Fermata 2012 - CAPELLI,45.07928,7.63336,1392462.02,4992685.64,1309,23.1,BUS,65
1112,Fermata 2013 - DONATI,45.06866,7.6687,1395224.15,4991459.46,3913,26.6,BUS,55
1114,Fermata 2015 - BORROMINI,45.06653,7.70939,1398423.59,4991170.93,6274,53.1,BUS,"54, 6, 66, 75"
1115,Fermata 2016 - BORROMINI,45.06647,7.70986,1398460.49,4991163.67,7521,37.2,BUS,"54, 6, 66, 75"
1116,Fermata 2017 - GIOANETTI,45.06234,7.69787,1397509.18,4990719.99,5712,15.4,BUS,"66, 70, 73, STAR 2"
1117,Fermata 2018 - GIOANETTI,45.06151,7.69719,1397454.16,4990628.65,5522,29.0,BUS,"66, 70, 73, S05B, S45, S45B, STAR 2"
1118,Fermata 2019 - SOMMACAMPAGNA,45.05935,7.6948,1397262.12,4990391.72,5519,23.6,BUS,"66, 70, 73, STAR 2"
1119,Fermata 202 - PORTA PALAZZO OVEST,45.07711,7.68271,1396342.34,4992380.12,4908,28.4,"BUS, TRAM","1085, 16 CS, 3"
1120,Fermata 2020 - SOMMACAMPAGNA,45.05923,7.69494,1397272.93,4990378.21,5519,20.0,BUS,"66, 70, 73, S05B, S45, S45B, STAR 2"
1122,Fermata 2022 - CURRENO,45.05483,7.69533,1397295.75,4989888.92,5505,35.9,BUS,66
1123,Fermata 2023 - MILAZZO,45.05277,7.69076,1396932.2,4989665.89,5304,21.1,BUS,66
1124,Fermata 2024 - MILAZZO,45.05313,7.69179,1397013.96,4989704.57,5306,18.7,BUS,66
1125,Fermata 2025 - FEBO,45.05043,7.68812,1396720.1,4989409.3,5159,16.4,BUS,66
1126,Fermata 2026 - FEBO,45.04961,7.68784,1396696.58,4989318.57,5159,81.0,BUS,66
1127,Fermata 2027 - SICILIA,45.04326,7.68476,1396442.57,4988617.08,4993,25.1,BUS,"66, S45, S45B"
1128,Fermata 2028 - SICILIA,45.04336,7.68496,1396458.5,4988627.93,4994,33.0,BUS,"66, S45, S45B"
1129,Fermata 2029 - AQUILEIA,45.04103,7.68324,1396318.82,4988371.29,4825,23.5,BUS,"66, S45, S45B"
1130,Fermata 203 - XI FEBBRAIO,45.07545,7.68717,1396690.4,4992190.0,5216,67.2,TRAM,"16 CD, 3, 7"
1131,Fermata 2030 - AQUILEIA,45.04103,7.68332,1396325.13,4988371.19,4825,26.3,BUS,"66, S45, S45B"
1140,Fermata 204 - XI FEBBRAIO,45.07571,7.68688,1396668.04,4992219.26,5058,41.7,"BUS, TRAM","16 CS, 27, 3"
1148,Fermata 2047 - MONCALIERI N.371,45.02349,7.67673,1395774.24,4986431.14,4399,176.5,BUS,"67, S45, S45B"
1150,Fermata 2049 - SANTA LUCIA,45.02598,7.67645,1395756.7,4986708.11,4399,113.0,BUS,"67, S45, S45B"
1151,Fermata 205 - GIARDINI REALI,45.07425,7.69081,1396974.75,4992052.05,5373,33.9,"BUS, TRAM","16 CD, 18, 3, N08"
1152,Fermata 2050 - SANTA LUCIA,45.02573,7.67606,1395725.52,4986680.84,4399,80.7,BUS,"67, S45, S45B"
1153,Fermata 2051 - VILLA ZANETTI,45.02944,7.67804,1395888.24,4987090.44,4400,29.7,BUS,"67, S45, S45B"
1154,Fermata 2052 - VILLA ZANETTI,45.02909,7.67756,1395849.79,4987052.17,4400,24.6,BUS,"67, S45, S45B"
1155,Fermata 2053 - MONCALIERI N.315,45.03118,7.67864,1395938.66,4987282.96,4600,163.1,BUS,"67, S45, S45B"
1156,Fermata 2054 - MONCALIERI N.310,45.03238,7.67905,1395973.14,4987415.74,4402,178.6,BUS,"67, S45, S45B"
1157,Fermata 2055 - ALBERONI,45.03487,7.68034,1396079.26,4987690.7,4820,217.6,BUS,"67, S45, S45B"
1158,Fermata 2056 - ALBERONI,45.03436,7.67991,1396044.47,4987634.6,4402,210.3,BUS,"67, S45, S45B"
1159,Fermata 2057 - MOLINETTE EST,45.04255,7.6774,1395861.62,4988547.65,7455,29.5,BUS,67
1160,Fermata 2058 - MOLINETTE EST,45.0426,7.67672,1395808.16,4988554.08,4414,30.4,BUS,"42, 67"
1161,Fermata 2059 - DANTE,45.04531,7.67849,1395952.48,4988852.86,4610,21.3,BUS,67
1162,Fermata 206 - GIARDINI REALI,45.07447,7.69064,1396961.77,4992076.71,5373,44.5,"BUS, TRAM","16 CS, 18, 3, N08"
1163,Fermata 2060 - DANTE,45.04691,7.67883,1395982.15,4989030.17,4615,21.3,BUS,67
1164,Fermata 2061 - STAMPALIA,45.11223,7.6571,1394391.35,4996314.79,3263,26.6,BUS,"11, 77"
1165,Fermata 2062 - BIBLIOTECA CIVICA,45.04844,7.6799,1396069.19,4989198.76,4621,21.8,BUS,"67, S45, S45B"
1166,Fermata 2063 - BIBLIOTECA CIVICA,45.04846,7.68013,1396087.34,4989200.69,4620,33.6,BUS,67
1167,Fermata 2064 - ORMEA,45.05089,7.68005,1396085.44,4989470.74,4625,134.0,"BUS, TRAM","67, 9"
1169,Fermata 2066 - SAN DOMENICO,45.07618,7.67703,1395893.57,4992284.1,4717,76.9,BUS,"52, 67"
1172,Fermata 2069 - SOLFERINO CAP,45.06859,7.67638,1395828.61,4991441.76,4485,13.9,BUS,14
1173,Fermata 207 - ROSSINI,45.07342,7.69333,1397171.63,4991956.64,5562,42.3,"BUS, TRAM","16 CD, 18, 3, N08"
1175,Fermata 2071 - RACAGNI,45.07645,7.70616,1398186.94,4992277.01,6121,20.6,BUS,"19, 19N"
1176,Fermata 2072 - CIMITERO MONUMENTALE,45.07771,7.70229,1397884.57,4992421.86,5946,38.0,BUS,"19, 19N, 68, 75, 77"
1177,Fermata 2073 - NOVARA NORD,45.08022,7.70203,1397868.58,4992701.03,5952,80.2,BUS,19N
1178,Fermata 2074 - CIMITERO MONUMENTALE OVEST,45.08237,7.7069,1398255.7,4992933.74,6145,28.7,BUS,19N
1179,Fermata 2075 - PINDEMONTE,45.0841,7.71076,1398562.56,4993121.07,6322,20.2,BUS,19N
1180,Fermata 2076 - CIMITERO MONUMENTALE NORD,45.08413,7.71398,1398816.03,4993120.37,6498,36.4,BUS,19N
1183,Fermata 2079 - CARCANO,45.07686,7.717,1399040.9,4992308.96,6661,109.0,BUS,19
1187,Fermata 208 - ROSSINI,45.07325,7.69425,1397243.74,4991936.58,5562,33.4,TRAM,3
1188,Fermata 2080 - POLIZIANO,45.07745,7.71283,1398713.71,4992379.72,6482,26.6,BUS,19
1192,Fermata 2081 - PISA,45.07394,7.69557,1397348.88,4992011.56,5564,20.8,BUS,"19, 3006, 3107, 6, 68, 68+, E68, E68B"
1196,Fermata 2083 - VERONA,45.07695,7.69843,1397579.39,4992342.32,5748,34.5,BUS,"19, 68"
1197,Fermata 2084 - NOVARA,45.07756,7.70087,1397772.53,4992406.99,5750,76.8,BUS,68
1198,Fermata 2085 - NOVARA,45.07835,7.70092,1397777.88,4992494.69,5950,45.7,BUS,"19, 68"
1202,Fermata 2089 - PISA,45.07382,7.69564,1397354.18,4991998.14,5564,15.8,BUS,"19, 3107, 68, STAR 1"
1203,Fermata 209 - DUCA DEGLI ABRUZZI,45.05849,7.65898,1394440.24,4990342.31,3339,50.2,BUS,"58, 58 /"
1204,Fermata 2090 - ADRIANO OVEST,45.07126,7.65296,1393989.86,4991768.81,2846,5.6,BUS,68
1205,Fermata 2091 - ADRIANO OVEST,45.07116,7.6534,1394024.32,4991757.12,2846,34.1,BUS,68
1206,Fermata 2092 - REVELLO,45.07092,7.64932,1393702.7,4991735.81,2487,42.5,BUS,68
1207,Fermata 2093 - REVELLO,45.07081,7.64945,1393712.73,4991723.42,2487,39.4,BUS,68
1208,Fermata 2094 - RACCONIGI NORD,45.0707,7.64702,1393521.23,4991714.4,2307,30.8,BUS,68
1209,Fermata 2095 - TRAPANI EST,45.07011,7.63996,1392964.37,4991658.18,1938,26.3,BUS,68
1210,Fermata 2096 - TRAPANI EST,45.06994,7.64,1392967.2,4991639.24,1938,33.3,BUS,68
1211,Fermata 2097 - FREJUS CAP,45.0698,7.63834,1392836.26,4991625.88,1761,22.2,BUS,68
1212,Fermata 2098 - TADINI,45.05047,7.70641,1398160.47,4989390.56,5884,132.4,BUS,70
1214,Fermata 21 - PALMIERI,45.0762,7.66163,1394681.44,4992306.27,3380,34.6,BUS,"36, W01"
1215,Fermata 210 - CABRINI,45.0136,7.62305,1391526.4,4985402.99,516,74.2,BUS,63
1220,Fermata 2104 - MADDALENA,45.02959,7.70925,1398347.12,4987067.42,6068,73.0,BUS,70
1226,Fermata 211 - CAMPUS EINAUDI,45.07166,7.69886,1397603.78,4991754.1,5733,27.3,TRAM,3
1228,Fermata 2111 - RABY,45.04089,7.70748,1398227.73,4988324.97,6074,97.5,BUS,70
1229,Fermata 2112 - RABY,45.04073,7.70751,1398229.81,4988307.16,6074,107.3,BUS,70
1230,Fermata 2113 - LOT,45.0392,7.70986,1398412.19,4988134.23,6258,77.1,BUS,70
1231,Fermata 2114 - LOT,45.03939,7.70919,1398359.75,4988156.18,6258,130.9,BUS,70
1232,Fermata 2115 - SAN VITO-REVIGLIASCO N.400,45.03634,7.71222,1398593.01,4987813.56,6255,44.3,BUS,70
1233,Fermata 2116 - SAN VITO-REVIGLIASCO N.400,45.03627,7.71207,1398581.08,4987805.97,6253,45.2,BUS,70
1234,Fermata 2117 - CRF,45.03246,7.7114,1398521.56,4987383.55,6250,32.8,BUS,70
1235,Fermata 2118 - CRF,45.03247,7.71116,1398502.68,4987384.97,6250,39.5,BUS,70
1236,Fermata 2119 - MADDALENA,45.02942,7.70945,1398362.57,4987048.29,6242,91.3,BUS,70
1237,Fermata 212 - CAMPUS EINAUDI,45.07162,7.69924,1397633.62,4991749.18,5733,28.5,TRAM,3
1238,Fermata 2120 - DELLA VIOLA,45.02727,7.71073,1398459.6,4986807.84,6241,213.9,BUS,70
1239,Fermata 2121 - DELLA VIOLA,45.02768,7.71077,1398463.48,4986853.33,6241,168.9,BUS,70
1240,Fermata 2122 - SPEZIA,45.03782,7.6718,1395411.95,4988029.42,4051,9.1,BUS,17
1241,Fermata 2123 - FARINELLI CAP,45.01527,7.63311,1392322.24,4985575.07,1042,37.9,BUS,71
1243,Fermata 2125 - VENTIMIGLIA CAP,45.03422,7.67239,1395451.86,4987628.73,4224,46.9,BUS,42
1244,Fermata 2126 - PLAVA C.31,45.0216,7.6124,1390702.43,4986306.03,196,33.1,BUS,"63 /, 71, 90, 94, 95 /, 96, 97, 98, 99"
1245,Fermata 2127 - PLAVA C.29,45.02311,7.60846,1390394.89,4986479.1,7171,22.7,BUS,"63 /, 71, 90, 94, 95 /, 96, 97, 98, 99"
1246,Fermata 2128 - VENTIMIGLIA CAP,45.03605,7.67321,1395519.79,4987830.97,4225,13.6,BUS,74
1247,Fermata 2129 - CADORE CAP,45.07565,7.72298,1399509.47,4992167.1,6825,21.9,BUS,19
1248,Fermata 213 - LARGO BERARDI,45.07077,7.70155,1397813.95,4991651.83,5931,30.1,TRAM,3
1249,Fermata 2130 - ANSELMETTI NORD,45.02816,7.60972,1390503.79,4987038.4,55,59.4,BUS,"71, 90, 94, 95 /, 96, 97, 98"
1252,Fermata 2131 - SETTEMBRINI,45.0305,7.61353,1390808.39,4987293.21,215,59.6,BUS,"71, 90, 94, 95 /, 96, 97, 98"
1253,Fermata 2132 - TRAPANI,45.06204,7.63387,1392469.82,4990769.75,1286,55.0,BUS,71
1254,Fermata 2133 - VENTIMIGLIA CAP,45.0339,7.67224,1395439.47,4987593.38,4039,23.2,BUS,34
1255,Fermata 2134 - LANCIA OVEST,45.06285,7.63042,1392199.72,4990864.33,1108,37.9,BUS,71
1256,Fermata 2135 - LANCIA OVEST,45.06322,7.6302,1392183.1,4990905.72,1108,28.5,BUS,71
1257,Fermata 2136 - MONGINEVRO,45.06493,7.63135,1392276.85,4991094.16,1113,35.0,BUS,71
1258,Fermata 2137 - MONGINEVRO,45.06478,7.63088,1392239.57,4991078.12,1112,46.5,BUS,71
1259,Fermata 2138 - DELLEANI,45.06791,7.63264,1392384.0,4991423.49,1294,25.2,BUS,71
1260,Fermata 2139 - DELLEANI,45.06824,7.63239,1392364.94,4991460.48,1294,30.0,BUS,"42, 71"
1261,Fermata 214 - LARGO BERARDI,45.07059,7.70239,1397879.75,4991630.77,5931,39.0,TRAM,3
1262,Fermata 2140 - PESCHIERA,45.07121,7.63368,1392472.07,4991788.71,1463,129.2,BUS,71
1263,Fermata 2141 - PESCHIERA,45.07139,7.63416,1392510.19,4991808.06,1463,99.1,BUS,71
1264,Fermata 2142 - FRANCIA,45.07459,7.63515,1392594.12,4992162.24,1618,28.3,BUS,71
1265,Fermata 2143 - FRANCIA,45.07471,7.63563,1392632.13,4992174.93,1618,36.3,BUS,71
1266,Fermata 2144 - MEDICI,45.07953,7.63731,1392773.39,4992708.16,1777,34.0,BUS,71
1267,Fermata 2145 - MEDICI,45.07959,7.63777,1392809.71,4992714.22,1778,32.8,BUS,71
1268,Fermata 2146 - SERVAIS,45.08277,7.63873,1392891.21,4993066.21,1960,29.6,BUS,"65, 71"
1269,Fermata 2147 - SERVAIS,45.08311,7.63928,1392935.13,4993103.26,7278,36.0,BUS,"65, 71"
1270,Fermata 2148 - ZUMAGLIA,45.08332,7.64475,1393366.03,4993119.36,2148,56.9,BUS,65
1271,Fermata 2149 - ZUMAGLIA,45.0832,7.64328,1393250.11,4993107.97,2149,37.9,BUS,65
1272,Fermata 2150 - LECCE,45.08297,7.64931,1393724.26,4993074.47,2513,31.7,BUS,65
1273,Fermata 2151 - LECCE,45.08307,7.64952,1393740.98,4993085.31,2678,21.8,BUS,65
1274,Fermata 2152 - MONCENISIO,45.08224,7.65343,1394047.17,4992987.97,2878,24.1,BUS,65
1275,Fermata 2153 - MONCENISIO,45.08222,7.65397,1394089.63,4992985.04,2878,18.5,BUS,65
1276,Fermata 2154 - GARIBALDI CAP,45.076,7.67177,1395479.21,4992270.89,4130,26.2,BUS,"13+, 94"
1278,Fermata 2157 - SAURO,45.10211,7.65623,1394304.22,4995191.69,3243,22.1,BUS,72
1279,Fermata 2158 - ALTESSANO,45.10195,7.64848,1393694.18,4995184.07,2714,9.9,BUS,"72, 72 /"
1280,Fermata 2159 - SECRETO,45.10356,7.65163,1393945.0,4995358.79,2925,37.8,BUS,72 /
1281,Fermata 216 - OSPEDALE MARTINI,45.06713,7.62736,1391966.87,4991343.88,953,56.0,BUS,"42, VE1"
1282,Fermata 2160 - MANNO,45.10517,7.65528,1394235.13,4995532.87,7354,28.8,BUS,"72 /, 75, W60"
1283,Fermata 2161 - POTENZA,45.10358,7.6613,1394705.82,4995348.37,7383,44.0,BUS,"72, 72 /"
1284,Fermata 2162 - TERNI,45.10209,7.66311,1394845.48,4995180.49,3802,96.9,BUS,"22, 72, 72 /"
1285,Fermata 2163 - TERNI,45.10221,7.66323,1394855.14,4995193.66,3802,92.3,BUS,"22, 72, 72 /"
1286,Fermata 2164 - VILLARI,45.0991,7.663,1394831.33,4994848.47,3604,12.7,BUS,"22, 72, 72 /"
1287,Fermata 2165 - VILLARI,45.09921,7.66312,1394840.98,4994860.53,3604,24.1,BUS,"22, 72, 72 /"
1288,Fermata 2166 - LARGO BORGARO,45.0961,7.66293,1394820.31,4994515.29,3597,21.5,BUS,"22, 72, 72 /"
1289,Fermata 2167 - LARGO BORGARO,45.09619,7.6631,1394833.86,4994525.06,3597,14.3,BUS,"22, 72, 72 /"
1290,Fermata 2168 - ASSISI,45.09514,7.66748,1395176.57,4994402.73,3980,21.4,BUS,"72, 72 /"
1291,Fermata 2169 - ASSISI,45.09535,7.66751,1395179.32,4994426.02,3980,23.5,BUS,"72, 72 /"
1292,Fermata 217 - OSPEDALE GRADENIGO,45.06907,7.70633,1398187.21,4991456.94,6095,14.8,"BUS, TRAM","3, 30, 66"
1293,Fermata 2170 - UMBRIA,45.08538,7.66867,1395252.36,4993316.94,3956,46.2,"BUS, TRAM","10, 52, 60, 67, 72, 72 /, W60"
1294,Fermata 2171 - LUINI,45.10052,7.65337,1394076.26,4995018.79,2922,18.0,BUS,72
1295,Fermata 2172 - SAURO,45.102,7.65694,1394359.88,4995178.54,3243,39.7,BUS,72
1296,Fermata 2173 - MANNO,45.10468,7.65435,1394161.06,4995479.65,2928,70.6,BUS,72 /
1297,Fermata 2174 - PRINCIPE EUGENIO,45.0793,7.6753,1395763.07,4992632.94,4519,37.8,"BUS, TRAM","10, 49, 52, 67, 72, 72 /"
1298,Fermata 2175 - BLIGNY,45.07753,7.67731,1395918.06,4992433.72,4512,23.2,BUS,"52, 67"
1299,Fermata 2176 - GIULIO,45.07684,7.67879,1396033.3,4992355.16,4716,33.4,BUS,"52, 67, STAR 2, W60"
1300,Fermata 2177 - ARBARELLO,45.07393,7.67545,1395765.11,4992036.18,4502,15.1,BUS,"52, 67"
1301,Fermata 2178 - GARIBALDI,45.07401,7.67692,1395880.97,4992043.18,4503,37.4,BUS,"52, 67, W60"
1302,Fermata 2179 - BERTOLA CAP,45.0698,7.68195,1396269.29,4991569.02,4879,26.8,BUS,"72, 72 /"
1303,Fermata 218 - OSPEDALE GRADENIGO,45.06941,7.70594,1398157.11,4991495.21,6099,11.8,"BUS, TRAM","3, 30, 66"
1304,Fermata 2180 - LANZA OVEST,45.05472,7.69536,1397297.92,4989876.66,5505,32.4,BUS,73
1305,Fermata 2181 - CURRENO N.41,45.05344,7.69322,1397127.12,4989737.19,5308,65.2,BUS,73
1306,Fermata 2182 - CURRENO N.41,45.05351,7.69302,1397111.49,4989745.22,5308,47.7,BUS,73
1307,Fermata 2183 - OSPEDALE SAN VITO,45.05088,7.69171,1397003.62,4989454.72,5302,20.8,BUS,73
1308,Fermata 2184 - OSPEDALE SAN VITO,45.05099,7.69156,1396992.0,4989467.13,5302,26.3,BUS,73
1309,Fermata 2185 - ANTICA DI SAN VITO OVEST,45.04807,7.6908,1396926.91,4989143.71,5299,52.5,BUS,73
1310,Fermata 2186 - ANTICA DI SAN VITO OVEST,45.04813,7.68995,1396860.07,4989151.46,5299,39.9,BUS,73
1311,Fermata 2187 - GATTI N.17,45.05397,7.69698,1397424.14,4989791.29,5503,79.7,BUS,73
1312,Fermata 2188 - ALBY,45.05361,7.69724,1397443.97,4989750.97,5503,35.1,BUS,73
1313,Fermata 2189 - RIGHINO,45.05113,7.69867,1397552.14,4989473.65,5693,30.8,BUS,73
1314,Fermata 219 - BORROMINI,45.06641,7.70963,1398442.28,4991157.29,7522,40.0,TRAM,3
1315,Fermata 2190 - CATONE N.30,45.0509,7.69863,1397548.58,4989448.15,5693,17.7,BUS,73
1316,Fermata 2191 - CATONE N.29,45.05068,7.70024,1397674.97,4989421.67,5693,111.5,BUS,73
1317,Fermata 2192 - CATONE N.29,45.05028,7.69952,1397617.56,4989378.15,5693,85.3,BUS,73
1318,Fermata 2193 - CATONE,45.05014,7.6976,1397466.11,4989365.03,5692,24.6,BUS,73
1319,Fermata 2194 - CATONE,45.05042,7.69765,1397470.55,4989396.07,5692,30.8,BUS,73
1320,Fermata 2195 - SETTIMIO SEVERO N.65,45.05025,7.69484,1397248.96,4989380.75,5502,24.7,BUS,73
1321,Fermata 2196 - SETTIMIO SEVERO N.65,45.05051,7.69445,1397218.72,4989410.13,5502,18.5,BUS,73
1322,Fermata 2197 - SETTIMIO SEVERO,45.04734,7.69476,1397237.45,4989057.58,5500,25.8,BUS,73
1323,Fermata 2198 - SETTIMIO SEVERO,45.04726,7.6944,1397208.96,4989049.15,5500,40.1,BUS,73
1324,Fermata 2199 - ANTICA DI SAN VITO EST,45.04533,7.69433,1397199.98,4988834.83,5491,16.5,BUS,73
1325,Fermata 22 - PALMIERI,45.07631,7.66087,1394621.82,4992319.48,3382,31.3,BUS,"36, W01"
1326,Fermata 220 - BORROMINI,45.06696,7.70929,1398416.48,4991218.82,6274,5.8,TRAM,3
1327,Fermata 2200 - ANTICA DI SAN VITO EST,45.04538,7.69411,1397182.75,4988840.67,5491,19.3,BUS,73
1328,Fermata 2201 - PONTE ISABELLA,45.04362,7.69443,1397204.8,4988644.74,5487,18.8,BUS,73
1329,Fermata 2202 - PONTE ISABELLA,45.0435,7.69426,1397191.19,4988631.63,5487,20.0,BUS,73
1330,Fermata 2203 - CHIESA DI SAN VITO,45.04326,7.69707,1397412.07,4988601.4,5486,14.4,BUS,73
1331,Fermata 2204 - CHIESA DI SAN VITO,45.04297,7.69745,1397441.48,4988568.7,5485,11.0,BUS,73
1332,Fermata 2205 - SAN VITO-REVIGLIASCO N.253,45.04214,7.70067,1397693.6,4988472.42,5687,171.2,BUS,73
1333,Fermata 2206 - SAN VITO-REVIGLIASCO N.253,45.04199,7.7006,1397687.82,4988455.84,5687,175.1,BUS,73
1334,Fermata 2207 - VAL PATTONERA,45.04072,7.70289,1397865.92,4988311.87,5879,236.0,BUS,73
1335,Fermata 2208 - VAL PATTONERA,45.04073,7.70269,1397850.18,4988313.23,5879,248.7,BUS,73
1337,Fermata 221 - HERMADA CAP,45.06422,7.71165,1398597.43,4990911.47,6265,19.3,TRAM,3
1348,Fermata 222 - CASA CIRCONDARIALE CAP,45.10134,7.61992,1391446.01,4995154.27,682,202.2,BUS,29
1350,Fermata 2221 - VAL PATTONERA N.106,45.03441,7.6923,1397020.51,4987624.31,5293,181.6,BUS,73
1351,Fermata 2222 - VAL PATTONERA N.109,45.03454,7.69224,1397016.02,4987638.83,5293,188.2,BUS,73
1352,Fermata 2223 - XXV APRILE,45.03366,7.6912,1396932.52,4987542.39,5293,61.6,BUS,73
1353,Fermata 2224 - XXV APRILE,45.03376,7.69092,1396910.64,4987553.86,5293,55.5,BUS,73
1354,Fermata 2225 - ZARA CAP,45.03982,7.68198,1396217.4,4988238.49,4603,35.9,BUS,73
1355,Fermata 2226 - BONSIGNORE CAP,45.06213,7.69875,1397578.09,4990695.55,5709,31.9,BUS,73
1356,Fermata 2227 - VANDALINO,45.07155,7.61893,1391311.61,4991846.19,420,21.5,BUS,"40, 62, 90, VE1"
1357,Fermata 2228 - PORTONE N.175,45.03961,7.59747,1389560.8,4988327.03,131,80.3,BUS,"38, 74, 95, 97"
1358,Fermata 2229 - PORTONE N.175,45.04018,7.59685,1389513.07,4988391.2,133,107.5,BUS,"38, 74, 95, 97"
1359,Fermata 223 - TOSELLI,45.06505,7.71404,1398787.05,4991000.68,6454,11.0,BUS,"56, 75"
1360,Fermata 2230 - BERTANI EST,45.03609,7.60516,1390159.75,4987925.53,101,25.2,BUS,"74, 95, 97"
1361,Fermata 2231 - BERTANI,45.03669,7.6044,1390101.03,4987993.21,106,46.1,BUS,"74, 95, 97"
1362,Fermata 2232 - BERTANI EST,45.03482,7.60578,1390206.15,4987783.6,89,64.4,BUS,74
1364,Fermata 2234 - CIMITERO PARCO,45.03217,7.60369,1390036.45,4987492.05,68,29.4,BUS,"38, 5, 74"
1365,Fermata 2235 - CIMITERO PARCO CAP,45.03271,7.60404,1390065.05,4987551.56,71,20.1,BUS,34
1367,Fermata 2237 - ORBASSANO,45.03363,7.61182,1390679.65,4987643.23,230,38.8,BUS,"1435, 74, 95, 97"
1368,Fermata 2238 - ORBASSANO,45.03277,7.61343,1390804.83,4987545.51,227,20.7,BUS,"1435, 74, 95, 97"
1369,Fermata 2239 - TRIPOLI,45.03563,7.64114,1392992.94,4987826.22,1876,47.9,BUS,74
1370,Fermata 2240 - TRIPOLI,45.03584,7.64151,1393022.47,4987849.06,1876,56.9,BUS,74
1371,Fermata 2241 - AGNELLI,45.03412,7.64357,1393181.53,4987655.26,2048,61.6,BUS,74
1372,Fermata 2242 - AGNELLI,45.0342,7.64426,1393236.03,4987663.24,2047,32.2,BUS,74
1373,Fermata 2243 - GRANERI,45.03208,7.64771,1393503.85,4987423.18,2232,25.0,BUS,74
1374,Fermata 2244 - UNIONE SOVIETICA,45.03248,7.64764,1393499.08,4987467.71,2232,29.0,BUS,74
1375,Fermata 2245 - CORSICA,45.03105,7.65115,1393772.92,4987304.24,2588,27.4,BUS,74
1376,Fermata 2246 - CORSICA,45.03138,7.65133,1393787.71,4987340.66,2590,31.1,BUS,74
1377,Fermata 2247 - CORSICA EST,45.02849,7.65118,1393770.55,4987019.81,2579,56.2,BUS,"63 /, 74"
1378,Fermata 2248 - PALAZZO DEL LAVORO,45.01861,7.66557,1394886.07,4985903.45,3458,81.1,BUS,74
1379,Fermata 2249 - PALAZZO DEL LAVORO,45.01854,7.66576,1394900.91,4985895.43,3458,78.5,BUS,"74, S18, S18B"
1380,Fermata 225 - OSPEDALE GIOVANNI BOSCO CAP,45.09656,7.70012,1397747.43,4994518.67,5817,31.8,BUS,"4N, 50, 92"
1381,Fermata 2250 - VINOVO,45.02136,7.66679,1394987.23,4986207.36,3652,21.4,BUS,74
1384,Fermata 2251 - VINOVO,45.02083,7.66673,1394981.53,4986148.56,3651,35.6,BUS,"74, S18, S18B"
1388,Fermata 2252 - PALAVELA,45.02405,7.66796,1395084.32,4986504.68,3656,20.3,BUS,74
1392,Fermata 2253 - PALAVELA,45.02331,7.6678,1395070.36,4986422.68,3654,47.9,BUS,"74, S18, S18B"
1393,Fermata 2254 - CADUTI SUL LAVORO,45.02663,7.6691,1395178.85,4986789.81,3836,28.9,BUS,"63 /, 74"
1394,Fermata 2255 - CADUTI SUL LAVORO,45.02685,7.66935,1395198.95,4986813.93,3837,8.1,BUS,"63 /, 74, S18, S18B"
1395,Fermata 2256 - VADO,45.03022,7.67061,1395304.36,4987186.67,4031,24.2,BUS,"63 /, 74"
1396,Fermata 2257 - VADO,45.03028,7.67078,1395317.86,4987193.12,4031,34.0,BUS,"63 /, 74, S18, S18B"
1397,Fermata 2258 - CTO,45.033,7.67182,1395404.74,4987493.94,4037,17.3,BUS,74
1398,Fermata 2259 - CTO,45.03312,7.67204,1395422.29,4987506.98,4037,34.1,BUS,"63 /, 74, S18, S18B"
1399,Fermata 226 - GIULIO CESARE,45.09724,7.69847,1397618.81,4994596.3,5821,47.5,BUS,"27, 75, 92"
1401,Fermata 2261 - PORTONE EST,45.04074,7.59249,1389170.75,4988459.37,138,31.6,BUS,74
1402,Fermata 2262 - CIMITERO PARCO,45.03211,7.60363,1390031.6,4987485.47,66,26.3,BUS,"38, 5, 74"
1403,Fermata 2263 - PORTONE EST,45.04084,7.59275,1389191.42,4988470.12,138,52.5,BUS,74
1404,Fermata 2264 - VALLETTE CAP,45.10392,7.62391,1391764.82,4995435.53,850,60.7,BUS,75
1405,Fermata 2265 - FERRARA,45.10587,7.64991,1393813.96,4995617.67,2726,8.1,BUS,"3545, 75, W60"
1406,Fermata 2266 - FERRARA,45.10635,7.65084,1393888.02,4995669.78,7324,23.0,BUS,"3545, 75, W60"
1407,Fermata 2267 - MANNO,45.10606,7.65416,1394148.67,4995633.21,7356,16.9,BUS,"75, W60"
1408,Fermata 2268 - LOMBARDIA,45.1053,7.66015,1394618.51,4995540.95,3430,34.2,BUS,"75, W60"
1409,Fermata 2269 - LOMBARDIA,45.10576,7.6601,1394615.42,4995592.12,3434,40.1,BUS,"75, W60"
1410,Fermata 2270 - CORSICA EST,45.02865,7.65114,1393767.69,4987037.63,2579,41.5,BUS,"14, 63, 63 /, 74"
1411,Fermata 2271 - MONTALENGHE,45.09944,7.67434,1395724.19,4994871.55,4578,9.9,BUS,75
1412,Fermata 2272 - MONTALENGHE,45.09927,7.67518,1395789.97,4994851.58,4577,30.4,"BUS, TRAM","10, 52, 67, 75"
1413,Fermata 2273 - CHIESA DELLA SALUTE,45.09897,7.67952,1396130.9,4994812.67,4784,11.3,BUS,75
1414,Fermata 2274 - CHIESA DELLA SALUTE,45.09887,7.6798,1396152.75,4994801.2,4784,34.9,"BUS, TRAM","10, 52, 67, 75"
1415,Fermata 2275 - RANDACCIO,45.09873,7.68228,1396347.63,4994782.46,4955,103.0,BUS,"69, 75"
1416,Fermata 2276 - RANDACCIO,45.09859,7.68342,1396437.07,4994765.45,5108,30.4,BUS,75
1417,Fermata 2277 - CIGNA,45.09627,7.68902,1396873.51,4994500.56,5257,40.8,BUS,"75, N04, N04B"
1418,Fermata 2278 - VERCELLI,45.09554,7.6912,1397043.73,4994416.68,5450,113.8,BUS,"75, N04, N04B"
1422,Fermata 2281 - CAMPUS EINAUDI,45.07494,7.6993,1397644.28,4992117.92,5746,32.5,BUS,"19, 68, STAR 1"
1423,Fermata 2282 - BOLOGNA,45.08286,7.69773,1397534.86,4992999.75,5772,38.7,BUS,"75, 77"
1424,Fermata 2283 - REGIO PARCO,45.08011,7.70032,1397733.79,4992690.97,7500,34.3,BUS,"75, 77"
1425,Fermata 2284 - REGIO PARCO,45.08019,7.70012,1397718.19,4992700.11,7500,16.8,BUS,"75, 77"
1426,Fermata 2285 - CIMITERO MONUMENTALE,45.07761,7.70208,1397867.86,4992411.02,5946,39.0,BUS,"19, 68, 75, 77"
1427,Fermata 2286 - STABILIMENTO GTT TORTONA,45.07477,7.70511,1398101.3,4992091.7,5941,31.7,BUS,"3006, 3107, 6, 68, 68+, 75, 77, E68, E68B"
1428,Fermata 2287 - STABILIMENTO GTT TORTONA,45.0743,7.70535,1398119.36,4992039.18,6118,50.5,BUS,"3107, 6, 68, 68+, 75, 77, E68, E68B, STAR 1"
1429,Fermata 2288 - BELGIO,45.07168,7.70754,1398287.09,4991745.37,6110,36.0,BUS,"6, 75"
1430,Fermata 2289 - BELGIO,45.07139,7.7075,1398283.43,4991713.2,6106,58.5,BUS,"6, 75, STAR 1"
1431,Fermata 2290 - TABACCHI CAP,45.06665,7.7213,1399361.43,4991169.37,6784,57.9,BUS,75
1432,Fermata 2291 - VERONA,45.07669,7.69868,1397598.6,4992313.12,5748,34.3,BUS,"19, 68"
1434,Fermata 2293 - CAMPUS EINAUDI,45.07504,7.69917,1397634.22,4992129.19,5746,38.3,BUS,"19, 6, 68, 68+, E68, E68B"
1447,Fermata 2305 - CIGNA,45.09611,7.68935,1396899.19,4994482.36,5257,69.1,BUS,"75, N04, N04B"
1449,Fermata 2307 - SOSPELLO,45.10395,7.66724,1395173.82,4995381.75,4002,53.0,BUS,77
1450,Fermata 2308 - SOSPELLO,45.10416,7.66718,1395169.49,4995405.16,4002,30.9,BUS,77
1451,Fermata 2309 - BONGHI,45.10048,7.67005,1395388.55,4994992.63,4203,49.7,BUS,77
1452,Fermata 231 - LAURO ROSSI,45.0948,7.69546,1397377.6,4994329.06,5637,47.4,"BUS, TRAM","1085, 24, 4, 75, 92"
1453,Fermata 2310 - BONGHI,45.10058,7.67009,1395391.88,4995003.68,4203,41.0,BUS,77
1454,Fermata 2311 - LARGO MASSAIA,45.09867,7.67142,1395493.04,4994789.78,4376,45.4,BUS,77
1455,Fermata 2312 - BALDISSERA,45.08979,7.67981,1396137.07,4993792.48,4758,25.2,BUS,"11, 49, 77"
1456,Fermata 2314 - PALERMO,45.0862,7.69373,1397226.04,4993375.87,5601,36.3,BUS,"18, 49, 77"
1457,Fermata 2315 - PALERMO,45.08631,7.69378,1397230.17,4993388.03,5601,42.0,BUS,"18, 49, 77"
1459,Fermata 2317 - CRISPI EST,45.08816,7.69023,1396954.12,4993598.06,5428,23.3,BUS,"49, 77"
1460,Fermata 2318 - CRISPI EST,45.08803,7.69035,1396963.33,4993583.47,5428,22.4,BUS,"11, 49, 77"
1461,Fermata 2319 - SEGANTINI,45.102,7.651,1393892.54,4995186.32,2923,18.1,BUS,72
1462,Fermata 232 - PALERMO,45.09083,7.69277,1397158.81,4993891.44,5438,33.2,"BUS, TRAM","4, 92, N04, N04B"
1463,Fermata 2320 - CADORE CAP,45.07586,7.72281,1399496.45,4992190.64,6830,33.3,BUS,77
1469,Fermata 2326 - CASALE CAP,45.07904,7.733,1400304.07,4992531.29,7009,25.1,BUS,"54, 78"
1470,Fermata 2327 - BRIGHENTI,45.07803,7.73766,1400669.1,4992413.35,7003,47.3,BUS,"54, 78"
1471,Fermata 2328 - BRIGHENTI,45.07851,7.7371,1400625.86,4992467.37,7003,22.3,BUS,"54, 78"
1472,Fermata 2329 - CARTMAN,45.07632,7.73896,1400768.46,4992221.79,6977,28.0,BUS,"54, 78"
1473,Fermata 233 - PALERMO,45.0916,7.6934,1397209.76,4993976.18,5629,40.1,"BUS, TRAM","4, 92, N04, N04B"
1474,Fermata 2330 - MONGRENO,45.07613,7.73927,1400792.53,4992200.3,6977,10.7,BUS,"54, 78"
1475,Fermata 2331 - MONGRENO N.114,45.07411,7.7405,1400885.86,4991974.39,6970,151.1,BUS,"54, 78"
1476,Fermata 2332 - MONGRENO N.134,45.07162,7.74062,1400890.99,4991697.63,6964,187.8,BUS,"54, 78"
1477,Fermata 2333 - TRAVERSE,45.07443,7.74399,1401161.12,4992005.67,6969,174.9,BUS,"54, 78"
1478,Fermata 2334 - VILLA PIA,45.06977,7.74348,1401112.94,4991488.61,6964,149.7,BUS,"54, 78"
1479,Fermata 2335 - CARTMAN N.59,45.07172,7.75214,1401798.0,4991694.69,6965,14.0,BUS,"54, 78"
1481,Fermata 2337 - TETTI BERTOGLIO,45.0702,7.75292,1401856.8,4991524.88,6965,167.0,BUS,"54, 78"
1482,Fermata 2338 - MONGRENO N. 329,45.0664,7.75042,1401653.48,4991105.77,6959,51.7,BUS,"54, 78"
1483,Fermata 2339 - CARTMAN N.115,45.06913,7.75355,1401904.56,4991405.25,6961,80.1,BUS,"54, 78"
1484,Fermata 234 - NOVARA,45.08717,7.69039,1396964.93,4993487.88,5421,36.6,"BUS, TRAM","1085, 11, 4, 92, N04, N04B"
1485,Fermata 2340 - ALTA DI MONGRENO CAP,45.06277,7.75317,1401863.76,4990699.17,6957,33.8,BUS,"54, 78"
1486,Fermata 2341 - CARTMAN N.123,45.06779,7.75582,1402080.97,4991253.64,6961,154.9,BUS,"54, 78"
1492,Fermata 2348 - BOLZANO CAP,45.07329,7.66763,1395148.39,4991975.2,3928,48.8,BUS,65
1494,Fermata 235 - NOVARA,45.08839,7.69121,1397031.66,4993622.37,5432,40.0,"BUS, TRAM","1085, 4, 92, N04, N04B"
1505,Fermata 236 - EMILIA,45.082,7.68708,1396695.12,4992917.76,5228,50.2,"BUS, TRAM","4, 92, N04, N04B"
1516,Fermata 237 - LAURO ROSSI,45.094,7.69483,1397326.6,4994240.98,5637,54.4,"BUS, TRAM","1085, 4, 92, N04, N04B"
1527,Fermata 238 - CARMAGNOLA,45.08509,7.68908,1396858.1,4993258.48,5410,31.4,"BUS, TRAM","4, 92, N04, N04B"
1536,Fermata 2388 - TELESIO,45.08376,7.63119,1392299.65,4993186.21,1152,67.1,BUS,71
1537,Fermata 2389 - OMERO OVEST,45.03719,7.62782,1391946.68,4988017.22,888,80.2,BUS,"12, 5, 62, 71, 74, 90, 94, S05, S05B"
1538,Fermata 239 - CARMAGNOLA,45.08432,7.68854,1396814.21,4993173.63,5231,52.0,"BUS, TRAM","11, 4, 92, N04, N04B"
1539,Fermata 2390 - NALLINO,45.0371,7.62819,1391975.66,4988006.72,888,57.0,BUS,"12, 5, 74, 94, S05, S05B"
1540,Fermata 2391 - SABOTINO OVEST,45.06537,7.64797,1393586.12,4991121.04,2482,16.4,BUS,"33, 42, 56, 94"
1541,Fermata 2392 - SABOTINO EST,45.065,7.65037,1393774.38,4991076.78,2644,56.7,BUS,"56, 94"
1542,Fermata 2393 - SOFIA CAP,45.09536,7.71649,1399033.37,4994364.79,6708,30.2,BUS,62
1543,Fermata 2394 - SOFIA OVEST,45.09572,7.71502,1398918.34,4994406.62,6536,34.9,BUS,62
1544,Fermata 2395 - ANCINA,45.09681,7.71362,1398810.11,4994529.46,6539,28.4,BUS,62
1545,Fermata 2396 - CORELLI,45.09784,7.71153,1398647.48,4994646.5,6355,47.0,BUS,62
1546,Fermata 2397 - CORELLI,45.09853,7.71085,1398595.2,4994724.01,6355,47.8,BUS,62
1547,Fermata 2398 - MERCADANTE,45.10097,7.70516,1398151.84,4995002.22,7507,27.0,BUS,62
1548,Fermata 2399 - MERCADANTE,45.10114,7.7053,1398163.16,4995020.93,7507,27.5,BUS,62
1549,Fermata 240 - BORGO DORA,45.07945,7.68522,1396544.13,4992636.86,5073,30.4,"BUS, TRAM","1085, 11, 19, 4, 50, 51, 92, N04, N04B"
1550,Fermata 2400 - DERNA EST,45.10199,7.70101,1397827.15,4995120.77,7508,26.9,BUS,62
1551,Fermata 2401 - DERNA EST,45.10223,7.70106,1397831.51,4995147.37,7509,33.5,BUS,62
1552,Fermata 2402 - VERCELLI,45.10639,7.69548,1397399.95,4995616.58,5679,16.8,BUS,"62, 90"
1553,Fermata 2403 - VERCELLI,45.10657,7.69547,1397399.49,4995636.59,5679,26.4,BUS,"62, 90"
1554,Fermata 2404 - POSTE E TELECOMUNICAZIONI,45.10728,7.69255,1397171.04,4995719.18,5470,32.0,BUS,"62, 90"
1555,Fermata 2405 - MUSEO MUFANT,45.10823,7.68952,1396934.39,4995828.57,5474,37.4,BUS,"62, 90"
1556,Fermata 2406 - MUSEO MUFANT,45.1086,7.68861,1396863.47,4995870.84,5475,1.2,BUS,"62, 90"
1557,Fermata 2407 - STAMPINI,45.11114,7.66305,1394857.39,4996185.95,3637,33.2,BUS,"62, 90"
1558,Fermata 2408 - STAMPINI NORD,45.11147,7.66297,1394851.7,4996222.71,3639,40.6,BUS,"62, 69, 90"
1559,Fermata 2409 - STAMPALIA,45.11175,7.65834,1394488.0,4996259.85,3260,62.4,BUS,"62, 90"
1560,Fermata 241 - BORGO DORA,45.08013,7.68585,1396594.94,4992711.6,5074,29.3,"BUS, TRAM","1085, 11, 4, 51, 92, N04, N04B"
1561,Fermata 2410 - STAMPALIA,45.11199,7.65832,1394486.87,4996286.54,3260,63.1,BUS,"11, 62, 77, 90"
1562,Fermata 2411 - DEPANIS,45.10924,7.65347,1394100.27,4995987.38,7338,28.4,BUS,"62, 90"
1563,Fermata 2412 - DEPANIS,45.10993,7.65369,1394118.85,4996063.74,7337,50.5,BUS,"62, 90"
1564,Fermata 2413 - GROSSETO,45.10714,7.64952,1393785.64,4995759.27,2728,102.2,BUS,"62, 90"
1565,Fermata 2414 - ALTESSANO,45.10543,7.6471,1393592.08,4995572.49,2543,28.3,BUS,"62, 75"
1566,Fermata 2415 - ALTESSANO,45.10531,7.64637,1393534.42,4995560.12,2543,33.8,BUS,"62, 75"
1567,Fermata 2416 - PIRANO,45.10277,7.64267,1393238.6,4995282.83,2178,97.3,BUS,"62, 75"
1568,Fermata 2417 - PIRANO,45.10333,7.64308,1393271.9,4995344.5,2179,54.4,BUS,"62, 75"
1570,Fermata 2419 - TOSCANA,45.10153,7.64,1393026.22,4995148.6,1992,53.5,BUS,62
1571,Fermata 242 - CORTE D'APPELLO,45.07366,7.68145,1396236.91,4991998.47,4897,18.2,"BUS, TRAM","11, 19, 27, 4, 51, 8, 92, N04, N04B, STAR 2, W60"
1572,Fermata 2421 - TOSCANA,45.10143,7.6405,1393065.37,4995136.83,1992,31.8,BUS,62
1573,Fermata 2423 - CIMAROSA EST,45.08561,7.70933,1398452.69,4993290.62,6323,39.5,BUS,2
1574,Fermata 2424 - PACCHIOTTI,45.07753,7.63644,1392701.17,4992487.13,1628,49.2,BUS,71
1575,Fermata 2425 - PACCHIOTTI,45.07774,7.63693,1392740.13,4992509.81,1628,19.7,BUS,71
1576,Fermata 2426 - LANZA OVEST,45.05479,7.6957,1397324.82,4989884.01,5506,41.8,BUS,73
1577,Fermata 2427 - BONSIGNORE,45.06234,7.69879,1397581.62,4990718.82,5709,16.8,TRAM,13
1578,Fermata 2428 - TARTINI,45.10014,7.70805,1398377.75,4994906.38,6189,23.2,BUS,62
1579,Fermata 2429 - PLINIO,45.01759,7.65676,1394190.04,4985801.62,2943,33.7,BUS,"35, 43, 99"
1580,Fermata 243 - DUOMO - MUSEI REALI,45.07426,7.68529,1396540.27,4992060.21,5052,51.4,"BUS, TRAM","11, 19, 27, 4, 51, 7, 8, 92, N04, N04B"
1581,Fermata 2430 - BENGASI SUD,45.01585,7.66093,1394515.41,4985602.88,3274,66.0,BUS,"1442, 34, 35, 38, 81"
1582,Fermata 2431 - PUGLIA C.4,45.10735,7.72603,1399805.02,4995684.9,6917,2.1,BUS,"20, 22, 24, 25, 5135"
1583,Fermata 2432 - ANCINA,45.09668,7.71351,1398801.22,4994515.15,6539,31.0,BUS,62
1587,Fermata 2436 - POTENZA,45.10344,7.66171,1394737.82,4995332.29,7404,41.2,BUS,"72, 72 /, W60"
1588,Fermata 24368 - BORGARO (STR. AREOPORTO / STR. FRANCESE),45.13394,7.65635,1394372.45,4998727.58,3452,182.0,BUS,"3165, 3329, N10"
1589,Fermata 2437 - LUINI,45.10072,7.65284,1394034.94,4995041.71,2922,40.8,BUS,72
1591,Fermata 2438 - CINCINNATO,45.10221,7.64739,1393608.91,4995214.39,2535,18.1,BUS,"72, 72 /"
1594,Fermata 2439 - SANSOVINO,45.10458,7.64596,1393500.81,4995479.56,2354,27.7,BUS,"72, 72 /"
1595,Fermata 244 - MONTE DI PIETÀ,45.0715,7.6799,1396110.99,4991760.51,4695,64.5,"BUS, TRAM","11, 19, 27, 4, 51, 8, 92, N04, N04B, STAR 2, W60"
1596,Fermata 2440 - SANSOVINO,45.10409,7.64605,1393506.98,4995425.01,2540,16.3,BUS,"72, 72 /"
1597,Fermata 2441 - STADIO,45.10892,7.64536,1393461.68,4995962.49,2359,12.6,BUS,"72, 72 /, VE1, W60"
1598,Fermata 2442 - STADIO,45.10963,7.64519,1393449.63,4996041.59,2360,17.1,BUS,"72, 72 /, VE1, W60"
1599,Fermata 2443 - DRUENTO,45.11179,7.64552,1393479.61,4996281.11,2363,17.9,BUS,"3545, 3990, 72, 72 /, VEX, W60"
1600,Fermata 2444 - DRUENTO,45.11128,7.64527,1393459.0,4996224.78,2361,47.2,BUS,"3545, 3990, 72, 72 /, VE1, VEX, W60"
1606,Fermata 245 - GARIBALDI,45.07195,7.68383,1396421.17,4991805.46,5048,30.0,"BUS, TRAM","11, 19, 27, 4, 51, 7, 8, 92, N04, N04B, STAR 2"
1609,Fermata 2452 - POLONIA,45.03643,7.6751,1395669.35,4987870.74,4226,20.2,BUS,42
1618,Fermata 2459 - BOZZOLO,45.03685,7.67192,1395419.64,4987921.51,4043,45.9,BUS,"34, 42, 63 /, 74"
1619,Fermata 246 - BERTOLA,45.06959,7.68079,1396177.59,4991547.18,4679,42.4,"BUS, TRAM","11, 15, 27, 4, 55, 92, S04"
1620,Fermata 2460 - OSPEDALE SANT'ANNA,45.03568,7.67306,1395507.3,4987790.06,4225,29.6,BUS,"34, 42"
1622,Fermata 2463 - POLONIA,45.03637,7.67521,1395677.9,4987863.94,4226,22.3,BUS,"42, 63 /"
1624,Fermata 2468 - PAROLETTI,45.09132,7.71302,1398753.19,4993920.32,6517,15.8,BUS,"49, 8, 93 /, N08"
1625,Fermata 2469 - PAROLETTI,45.0909,7.71231,1398696.57,4993874.55,6514,35.0,BUS,"49, 8, 93 /, N08"
1626,Fermata 247 - BERTOLA,45.06945,7.68216,1396285.18,4991529.87,4879,26.5,TRAM,"15, 4"
1627,Fermata 2470 - CENTALLO,45.10068,7.72441,1399665.89,4994945.93,6887,34.8,BUS,"27, 49, N08"
1628,Fermata 2471 - CASCINOTTO,45.10657,7.72763,1399929.53,4995596.27,6905,66.3,BUS,"20, 49, N08"
1629,Fermata 2472 - CASCINOTTO,45.10652,7.72745,1399915.28,4995590.93,6905,57.0,BUS,"20, 49, N08"
1631,Fermata 2474 - ABBADIA DI BERTOLLA,45.11304,7.73077,1400187.84,4996311.15,7146,39.9,BUS,"22, 24, 25, 49, N08"
1632,Fermata 2475 - ABBADIA DI BERTOLLA,45.11305,7.73063,1400176.85,4996312.43,7146,44.1,BUS,"22, 24, 25, 49, N08"
1633,Fermata 2476 - CEBROSA,45.11477,7.73302,1400367.84,4996500.56,7150,16.1,BUS,"22, 24, 25, 49, N08"
1634,Fermata 2477 - CEBROSA,45.11482,7.73265,1400338.82,4996506.57,7150,35.4,BUS,"22, 24, 25, 49, N08"
1637,Fermata 248 - ARCIVESCOVADO,45.06749,7.67923,1396050.97,4991315.89,4673,9.2,"BUS, TRAM","11, 15, 4, 55, 58, 58 /, 92, S04"
1647,Fermata 249 - ARCIVESCOVADO,45.06687,7.68041,1396142.75,4991245.5,4672,9.3,"BUS, TRAM","11, 15, 4, 55, 58, 58 /, 92, S04, STAR 1"
1648,Fermata 2492 - CASCINETTE C.6,45.11547,7.7209,1399415.72,4996593.34,6937,7.7,BUS,"22, 24, 5135"
1649,Fermata 2493 - VILLAGGIO OLIMPIA,45.12493,7.73053,1400189.71,4997632.32,7168,182.2,BUS,"3006, 3107, 3166, 5135, SE1, SE2"
1651,Fermata 2495 - TEPICE,45.03971,7.67213,1395441.39,4988238.95,4055,41.3,BUS,"17, 18, 24, 35, 93 /"
1652,Fermata 2496 - BENGASI CAP,45.01755,7.66251,1394643.02,4985789.67,3277,52.8,BUS,99
1653,Fermata 25 - STATUTO,45.0765,7.66954,1395304.6,4992329.32,4133,31.5,"BUS, TRAM","13, 56, 94, W01"
1654,Fermata 250 - SAN QUINTINO,45.06472,7.67716,1395882.98,4991010.84,4464,12.5,"BUS, TRAM","11, 4, 58, 58 /, 92, S04"
1657,Fermata 2502 - MUGHETTI OVEST,45.10372,7.62455,1391814.79,4995412.46,848,22.7,BUS,59
1658,Fermata 2503 - PERVINCHE NORD,45.10574,7.63582,1392705.24,4995621.84,1676,35.5,BUS,29
1659,Fermata 2504 - PEONIE,45.10603,7.63266,1392457.18,4995658.26,1520,51.5,BUS,29
1660,Fermata 2505 - PEONIE,45.10597,7.63282,1392469.65,4995651.38,1520,47.0,BUS,29
1661,Fermata 2506 - CICLAMINI,45.10605,7.62838,1392120.5,4995666.18,1021,5.7,BUS,29
1662,Fermata 2507 - CICLAMINI,45.10589,7.62934,1392195.73,4995647.13,1182,10.6,BUS,29
1663,Fermata 2508 - PRIMULE NORD,45.10609,7.62523,1391872.77,4995674.83,854,11.3,BUS,29
1664,Fermata 2509 - FILZI,45.02708,7.66535,1394884.25,4986844.67,3471,24.0,BUS,"18, 2014, 24, 34, 35, 93 /, M1S, S18, S18B"
1666,Fermata 2510 - VALLETTE CAP,45.10398,7.6244,1391803.48,4995441.54,850,23.7,BUS,"29, 59 /"
1667,Fermata 2511 - POLIZIANO,45.07737,7.713,1398726.95,4992370.62,6482,31.9,BUS,19
1668,Fermata 2512 - SERVAIS CAP,45.08516,7.61578,1391089.52,4993362.38,491,26.9,BUS,65
1669,Fermata 2513 - CARCANO,45.07687,7.71716,1399053.51,4992309.88,6661,105.2,BUS,19
1670,Fermata 2514 - CADORE,45.07632,7.7199,1399268.21,4992245.36,6835,131.1,BUS,"19, 77"
1671,Fermata 2515 - BRIANZA,45.07463,7.71856,1399159.76,4992059.29,6660,38.5,BUS,"19, 77"
1674,Fermata 2518 - CEBROSA NORD,45.1187,7.73161,1400263.78,4996938.89,7166,77.4,BUS,"22, 24"
1676,Fermata 252 - PORTA NUOVA,45.06252,7.67563,1395758.53,4990768.41,4454,78.1,BUS,"11, 12, 58, 58 /"
1679,Fermata 2522 - DALLE BANDE NERE,45.07954,7.73462,1400432.45,4992584.84,7019,70.4,BUS,"54, 78"
1680,Fermata 2523 - OSPEDALE MAURIZIANO,45.05007,7.66588,1394968.1,4989397.94,7406,42.7,"BUS, TRAM","4, 92, S04"
1683,Fermata 2526 - OSPEDALE MAURIZIANO,45.04978,7.66539,1394928.98,4989366.36,3691,23.8,TRAM,4
1684,Fermata 2527 - VESPUCCI,45.053,7.66901,1395219.93,4989719.38,3880,19.2,TRAM,4
1685,Fermata 2528 - LEPANTO,45.04655,7.66174,1394635.61,4989012.29,3312,12.4,TRAM,4
1687,Fermata 253 - PORTA NUOVA,45.06263,7.67746,1395902.81,4990778.27,4455,40.8,"BUS, TRAM","11, 12, 4, 58, 58 /, 92, S04"
1688,Fermata 2530 - CASERMA MORELLI,45.04371,7.65862,1394384.67,4988700.86,3134,61.3,TRAM,4
1689,Fermata 2531 - SOLFERINO CAP,45.06867,7.67726,1395898.03,4991449.52,4487,22.3,BUS,"59, 59 /"
1690,Fermata 2532 - SEBASTOPOLI,45.04125,7.65595,1394169.86,4988431.07,2977,18.6,TRAM,4
1691,Fermata 2533 - FILADELFIA,45.0396,7.65411,1394021.89,4988250.18,2784,36.1,"BUS, TRAM","4, 92, S04"
1692,Fermata 2534 - FILADELFIA,45.03942,7.65389,1394004.23,4988230.47,2785,15.7,TRAM,4
1694,Fermata 2536 - MONTEVIDEO,45.03697,7.65116,1393784.67,4987961.88,2606,18.5,TRAM,4
1695,Fermata 2537 - SAN MARINO,45.03557,7.6496,1393659.2,4987808.4,2424,27.9,"BUS, TRAM","4, 92, S04"
1696,Fermata 2538 - SAN MARINO,45.03526,7.64919,1393626.33,4987774.5,2424,26.3,TRAM,4
1697,Fermata 2539 - BIANCO,45.08246,7.61629,1391124.52,4993061.75,470,23.6,BUS,65
1698,Fermata 254 - SAN SECONDO,45.06139,7.67457,1395673.02,4990644.24,4258,20.2,BUS,"11, 12, 58, 58 /"
1699,Fermata 2540 - GIAMBONE,45.03251,7.6461,1393377.83,4987473.07,2234,19.7,TRAM,4
1701,Fermata 2542 - TAZZOLI,45.02925,7.64247,1393085.81,4987115.7,1865,17.7,TRAM,4
1702,Fermata 2543 - VALPERGA CALUSO,45.05194,7.68258,1396286.57,4989584.14,4849,29.3,BUS,"S45, S45B"
1710,Fermata 255 - MASSENA,45.06178,7.67375,1395609.17,4990688.62,4259,23.0,BUS,"11, 12, 58, 58 /"
1712,Fermata 2551 - ORBASSANO,45.02981,7.60856,1390415.56,4987223.27,56,14.3,BUS,"71, 90, 94, 95 /, 96, 97, 98"
1713,Fermata 2552 - CASALE,45.07842,7.73285,1400291.19,4992462.6,6997,44.9,BUS,54
1714,Fermata 2553 - DALLE BANDE NERE,45.07956,7.73475,1400442.71,4992586.9,7019,78.6,BUS,"54, 78"
1715,Fermata 2554 - VALENTINO,45.05451,7.68442,1396436.11,4989867.28,5015,31.4,BUS,"S45, S45B"
1720,Fermata 2559 - PUGLIA,45.10827,7.7284,1399993.08,4995784.17,6920,19.9,BUS,"25, 49, N08"
1721,Fermata 256 - LEGNANO,45.0608,7.67152,1395431.81,4990582.64,4090,43.7,"BUS, TRAM","1085, 14, 15, 1510, 1511, 4, 63"
1722,Fermata 2560 - PUGLIA,45.10861,7.72827,1399983.44,4995822.1,6922,49.1,BUS,"25, 49, N08"
1723,Fermata 2561 - LARGO GIACHINO NORD,45.09726,7.67131,1395481.81,4994633.28,4196,56.8,BUS,"11, W60"
1724,Fermata 2562 - LARGO GIACHINO NORD,45.09708,7.67132,1395482.27,4994613.27,4196,37.0,BUS,"11, 3165, 3329, W60"
1725,Fermata 2563 - PELLICO,45.0565,7.68587,1396553.87,4990086.5,5018,22.0,BUS,"S45, S45B"
1730,Fermata 2568 - BENEDETTO CROCE,45.02334,7.64636,1393381.27,4986454.03,7288,20.7,BUS,"2, 41, 63 /, 95, 95 /"
1732,Fermata 257 - LEGNANO,45.06094,7.6713,1395414.74,4990598.47,4091,49.7,"BUS, TRAM","14, 15, 63"
1747,Fermata 2584 - DEL FRANCESE,45.13439,7.65801,1394503.81,4998775.4,3452,47.1,BUS,"26, 69"
1756,Fermata 2592 - DEL FRANCESE OVEST,45.13466,7.65637,1394375.35,4998807.54,3452,158.6,BUS,"26, 3329, 69, N10"
1760,Fermata 2597 - VERONESE,45.11086,7.66346,1394889.12,4996154.31,3637,42.7,BUS,"3329, 69"
1762,Fermata 260 - EINAUDI,45.05764,7.66901,1395228.41,4990234.84,3896,16.0,"BUS, TRAM","14, 15, 1510, 1511, 63"
1763,Fermata 2601 - PIO VII,45.02733,7.65478,1394052.01,4986886.22,7328,39.3,BUS,"14, 18, 41, 63, 63 /, 74, S18, S18B"
1764,Fermata 2602 - PIO VII,45.0275,7.65476,1394050.75,4986905.13,7328,49.8,BUS,"14, 18, 63, 63 /, 74, 95, 95 /, S18, S18B"
1765,Fermata 2603 - STAZIONE LINGOTTO,45.02623,7.65655,1394189.42,4986761.71,2756,47.9,BUS,"14, 18, 63, 63 /, 74, S18, S18B"
1766,Fermata 2604 - STAZIONE LINGOTTO,45.02628,7.65665,1394197.39,4986767.13,2756,54.6,BUS,"14, 18, 63, 63 /, 74, 95, 95 /, S18, S18B"
1767,Fermata 2605 - MONTE CORNO,45.02574,7.65476,1394047.5,4986709.62,2755,37.3,BUS,"14, 18, 41, 63, 63 /, 74, S18, S18B"
1768,Fermata 2606 - MONTE CORNO,45.02561,7.65471,1394043.32,4986695.24,2754,38.8,BUS,"14, 63, 63 /, 74, 95, 95 /"
1772,Fermata 261 - SOMMEILLER,45.05678,7.66858,1395192.98,4990139.86,3890,30.4,BUS,"1085, 14, 1510, 1511, 63, S05, S05B"
1776,Fermata 2613 - CARENA,45.07831,7.6693,1395289.02,4992530.71,4141,25.1,BUS,60
1777,Fermata 2614 - VALPERGA CALUSO,45.05083,7.68144,1396194.79,4989462.29,4623,57.9,BUS,"S45, S45B"
1778,Fermata 2615 - OXILIA EST,45.10475,7.70096,1397828.14,4995427.45,5852,49.3,BUS,"46, 90"
1779,Fermata 2616 - TOSCANA,45.10014,7.6486,1393700.26,4994982.84,2529,25.2,BUS,72
1780,Fermata 2617 - LOMBARDIA,45.09733,7.64752,1393610.07,4994672.1,2524,75.4,BUS,29
1781,Fermata 2618 - LOMBARDIA,45.09746,7.64747,1393606.37,4994686.6,2524,73.5,BUS,29
1783,Fermata 262 - VESPUCCI,45.0544,7.6663,1395009.1,4989878.42,3700,23.0,BUS,"14, 1510, 1511, 63, S05, S05B"
1784,Fermata 2620 - SANTA GIULIA,45.07218,7.69303,1397145.79,4991819.27,5365,47.3,"BUS, TRAM","16 CD, 6, 68, 68+, E68, E68B, N08"
1785,Fermata 2621 - GROSSETO,45.10565,7.64517,1393440.65,4995599.47,2356,78.7,BUS,"72, 72 /"
1786,Fermata 2622 - CIRENE OVEST,45.09759,7.63267,1392442.11,4994720.63,1500,36.3,BUS,"32, 59, 59 /"
1788,Fermata 2624 - PELLERINA,45.08988,7.64354,1393283.02,4993849.71,2159,13.6,BUS,"1442, 32"
1789,Fermata 2625 - APPIO CLAUDIO,45.08526,7.65051,1393822.95,4993327.29,2682,52.1,BUS,"1442, 32"
1790,Fermata 2626 - LECCE,45.08711,7.65034,1393813.0,4993533.04,2684,12.5,BUS,32
1791,Fermata 2627 - PELLERINA,45.09055,7.64198,1393161.51,4993926.2,2159,140.8,BUS,"1442, 32"
1793,Fermata 2629 - CIRENE OVEST,45.09766,7.63287,1392457.98,4994728.14,1500,26.3,BUS,"32, 59, 59 /"
1794,Fermata 263 - VESPUCCI,45.05423,7.66648,1395022.96,4989859.3,3699,35.8,BUS,"1085, 14, 1510, 1511, 63, S05, S05B"
1795,Fermata 2630 - STRADA SUPERGA N.101,45.0826,7.74474,1401234.24,4992912.37,7048,5.8,BUS,"79 /, SPX"
1796,Fermata 2631 - MODENA,45.08082,7.73158,1400195.41,4992730.78,7029,49.4,BUS,"79 /, SPX"
1798,Fermata 2633 - STAZIONE LINGOTTO,45.02589,7.65629,1394168.31,4986724.28,2953,25.4,BUS,41
1804,Fermata 264 - OSPEDALE MAURIZIANO,45.05265,7.66431,1394849.19,4989686.6,3512,41.4,BUS,"14, 1510, 1511, 63, S05, S05B"
1805,Fermata 2640 - MOLINO,45.12527,7.69308,1397245.05,4997717.04,5683,40.8,BUS,26
1806,Fermata 2641 - BORGATA VILLARETTO,45.13202,7.687,1396779.08,4998474.66,5287,44.3,BUS,26
1807,Fermata 2642 - STRADA SUPERGA N.99,45.08247,7.74469,1401230.09,4992897.99,7048,10.4,BUS,"79 /, SPX"
1808,Fermata 2643 - V CIRCOSCRIZIONE,45.10079,7.66778,1395210.52,4995030.01,3993,17.7,BUS,"11, W60"
1809,Fermata 2644 - V CIRCOSCRIZIONE,45.10065,7.66774,1395207.12,4995014.5,3993,4.6,BUS,"11, W60"
1810,Fermata 2645 - GROSSETO,45.10689,7.64971,1393800.12,4995731.25,2728,73.2,BUS,"62, 90"
1811,Fermata 2646 - SIRACUSA,45.05564,7.63342,1392422.38,4990059.37,1281,34.4,BUS,66
1812,Fermata 2647 - SIRACUSA,45.05544,7.63372,1392445.63,4990036.75,1281,63.5,BUS,66
1813,Fermata 2648 - GUIDO RENI,45.05651,7.62897,1392073.63,4990161.95,935,6.1,BUS,66
1814,Fermata 2649 - GUIDO RENI,45.05653,7.62845,1392032.72,4990164.86,936,5.6,BUS,66
1815,Fermata 265 - OSPEDALE MAURIZIANO,45.0517,7.66366,1394796.27,4989581.9,3509,45.7,BUS,"1085, 14, 1510, 1511, 63, S05, S05B"
1816,Fermata 2650 - SOMALIA,45.05648,7.62456,1391726.33,4990164.51,768,190.2,BUS,56
1819,Fermata 2653 - MASSAUA OVEST,45.07452,7.61753,1391207.04,4992178.02,446,21.6,BUS,"36, W01"
1820,Fermata 2654 - MASSAUA OVEST,45.0744,7.61804,1391246.96,4992164.0,442,15.6,BUS,"36, M1S, W01"
1825,Fermata 2659 - SALVEMINI,45.04642,7.61746,1391148.19,4989056.47,389,107.5,BUS,44
1826,Fermata 266 - DE NICOLA,45.0507,7.66222,1394681.04,4989472.69,3506,33.5,BUS,"14, 63"
1827,Fermata 2660 - DON BORIO CAP,45.04464,7.61792,1391181.04,4988858.11,387,175.1,BUS,"44, 98"
1828,Fermata 2661 - SALVEMINI,45.0463,7.61613,1391043.22,4989044.93,389,209.6,BUS,44
1829,Fermata 2662 - PANCALIERI,45.03669,7.60267,1389964.77,4987995.56,110,25.2,BUS,"38, 74"
1830,Fermata 2663 - PANCALIERI,45.03631,7.60335,1390017.6,4987952.42,104,29.2,BUS,"38, 74"
1831,Fermata 2664 - SALVEMINI N.51,45.04586,7.62166,1391477.89,4988988.61,581,43.6,BUS,"55, 58 /, 98"
1834,Fermata 2667 - VILLARETTO N.175,45.12966,7.68508,1396623.83,4998214.94,5282,41.2,BUS,26
1835,Fermata 2668 - PORTA SUSA SUD,45.06938,7.66477,1394916.09,4991544.54,3732,40.8,BUS,55
1837,Fermata 267 - TIRRENO,45.04954,7.66127,1394604.09,4989345.06,3320,38.3,BUS,"1085, 14, 1510, 1511, 63, 66"
1849,Fermata 2680 - DON BOSCO,45.08217,7.67029,1395373.99,4992958.24,4151,24.2,BUS,"52, 60, 67"
1852,Fermata 2683 - MONGRENO N.247,45.0669,7.74879,1401526.01,4991163.3,6959,187.9,BUS,"54, 78"
1853,Fermata 2684 - MONGRENO N.335,45.06461,7.75233,1401800.78,4990904.6,6957,216.6,BUS,"54, 78"
1854,Fermata 2685 - SASSI CAP,45.08089,7.732,1400228.58,4992738.04,7560,74.3,BUS,"79 /, SPX"
1855,Fermata 2686 - STRADA SUPERGA N.90,45.08311,7.74172,1400997.44,4992972.72,7050,67.4,BUS,"79 /, SPX"
1856,Fermata 2687 - VILLA CLARA,45.08051,7.74865,1401538.38,4992675.42,7024,106.4,BUS,"79 /, SPX"
1857,Fermata 2688 - PIAN GAMBINO,45.0784,7.75821,1402287.22,4992429.42,6999,6.3,BUS,"79 /, SPX"
1858,Fermata 2689 - TETTI ROCCO,45.07699,7.76364,1402712.21,4992266.23,6983,63.1,BUS,"79 /, SPX"
1859,Fermata 269 - COSTANTINO IL GRANDE,45.04902,7.66038,1394533.05,4989288.45,3319,31.1,BUS,"14, 1510, 1511, 63, 66"
1860,Fermata 2690 - GEISSER,45.07786,7.77099,1403292.21,4992354.07,6993,30.8,BUS,"79 /, SPX"
1861,Fermata 2691 - BASILICA DI SUPERGA CAP,45.07984,7.76691,1402974.43,4992578.91,7010,28.2,BUS,"79 /, SPX"
1862,Fermata 2692 - GEISSER NORD,45.078,7.77075,1403273.55,4992369.91,6993,39.7,BUS,"79 /, SPX"
1863,Fermata 2693 - TETTI ROCCO,45.07732,7.76399,1402740.32,4992302.47,6983,107.9,BUS,"79 /, SPX"
1864,Fermata 2694 - PIAN GAMBINO,45.07851,7.75754,1402234.67,4992442.45,6999,48.3,BUS,"79 /, SPX"
1865,Fermata 2695 - VILLA CLARA,45.08059,7.74869,1401541.67,4992684.26,7024,105.4,BUS,"79 /, SPX"
1870,Fermata 27 - XVIII DICEMBRE,45.07406,7.6682,1395194.66,4992060.0,3931,25.7,"BUS, TRAM","1085, 13, 13+, 46, 49, 56, 72, 72 /, 91, N10, W01"
1871,Fermata 270 - UNIONE SOVIETICA,45.04691,7.66162,1394626.82,4989052.44,3313,39.6,BUS,66
8744,Fermata 2702 - STADIO NORD,45.11198,7.64479,1393422.54,4996303.18,2362,35.9,BUS,159
1873,Fermata 2703 - STADIO NORD,45.1122,7.64345,1393317.54,4996329.39,2364,14.5,BUS,"159, VE1"
1874,Fermata 2704 - STADIO OVEST,45.11239,7.639,1392967.85,4996356.38,2007,6.0,BUS,VE1
1875,Fermata 2705 - STADIO OVEST,45.11248,7.63931,1392992.4,4996365.97,2007,21.1,BUS,VE1
1876,Fermata 2706 - ALESSANDRIA,45.11275,7.63424,1392594.09,4996402.69,1524,51.2,BUS,"159, VE1"
1877,Fermata 2707 - ALESSANDRIA,45.11297,7.63376,1392556.75,4996427.77,1524,21.1,BUS,"159, VE1"
1878,Fermata 2708 - TRAVES,45.11319,7.62935,1392210.26,4996458.08,1191,11.5,BUS,"159, VE1"
1879,Fermata 2709 - TRAVES,45.11335,7.6291,1392190.9,4996476.19,1191,29.8,BUS,"159, 59, VE1"
1880,Fermata 271 - TURATI,45.04711,7.66154,1394620.89,4989074.76,3313,47.7,BUS,"14, 17, 63, 66"
1889,Fermata 2719 - DON BOSCO,45.08256,7.66982,1395337.71,4993002.17,4152,26.6,BUS,"52, 60, 67"
1890,Fermata 272 - CASERMA MORELLI,45.04396,7.65898,1394413.49,4988728.16,3134,24.8,"BUS, TRAM","14, 4, 63, 92, S04"
1899,Fermata 2729 - TASSONI CAP,45.08477,7.6557,1394230.5,4993266.06,3055,19.6,BUS,32
1900,Fermata 273 - CASERMA MORELLI,45.04416,7.65936,1394443.78,4988749.88,3134,19.8,BUS,"14, 63, 92, S04"
1901,Fermata 2730 - PRIMULE SUD,45.09821,7.62836,1392104.15,4994795.25,1005,1.5,BUS,"32, 59, 59 /"
1902,Fermata 2731 - PRIMULE SUD,45.09841,7.628,1392076.21,4994817.95,1005,35.8,BUS,"32, 59, 59 /"
1903,Fermata 2732 - AGLIETTA,45.09886,7.62361,1391731.64,4994873.81,841,58.5,BUS,"29, 32"
1904,Fermata 2733 - AGLIETTA,45.09924,7.62206,1391610.41,4994918.1,842,64.9,BUS,32
1911,Fermata 274 - SEBASTOPOLI,45.04172,7.65649,1394213.25,4988482.57,2978,18.6,"BUS, TRAM","4, 92, S04"
1916,Fermata 2744 - VILLARETTO N.175,45.12976,7.68616,1396708.94,4998224.67,5282,44.5,BUS,26
1922,Fermata 275 - SEBASTOPOLI,45.04099,7.65584,1394160.71,4988402.33,2974,37.3,BUS,"17, 92, S04"
1933,Fermata 276 - MONTEVIDEO,45.03724,7.65149,1393811.16,4987991.44,2605,32.0,"BUS, TRAM","1442, 1510, 1511, 4, 92, S04"
1938,Fermata 2764 - ALTESSANO,45.10663,7.64541,1393461.35,4995708.02,7299,32.0,BUS,90
1940,Fermata 2767 - DEL FRANCESE N.25,45.1339,7.66307,1394900.78,4998714.37,3819,50.7,BUS,26
1941,Fermata 2768 - DEL FRANCESE N.21,45.13431,7.66272,1394874.02,4998760.37,3642,17.5,BUS,26
1943,Fermata 277 - MONTEVIDEO,45.03667,7.651,1393771.51,4987928.76,2605,45.3,BUS,"1085, 1442, 1510, 1511, 92, S04"
1952,Fermata 2778 - CHAMBERY,45.06952,7.61883,1391299.88,4991620.82,412,39.3,BUS,"40, 62, 90"
1954,Fermata 278 - GIAMBONE,45.03303,7.64679,1393433.15,4987529.93,2235,24.2,"BUS, TRAM","1442, 1510, 1511, 4, 92, S04"
1957,Fermata 2782 - GIACHINO,45.08991,7.67575,1395817.79,4993811.03,4548,18.2,BUS,"11, 67, 77"
1958,Fermata 2783 - GIACHINO,45.08988,7.67697,1395913.74,4993806.13,4549,18.3,BUS,"11, 67, 77"
1959,Fermata 2784 - MOLINO,45.12518,7.69317,1397251.97,4997706.93,5683,31.7,BUS,26
1961,Fermata 2786 - VILLARETTO N.157,45.13126,7.68691,1396770.63,4998390.34,5287,40.8,BUS,26
1962,Fermata 2787 - LIVORNO,45.09036,7.67143,1395478.66,4993866.6,4178,31.5,BUS,"11, 67, 77"
1963,Fermata 2788 - LIVORNO,45.0903,7.67119,1395459.66,4993860.24,4178,23.2,BUS,"11, 67, 77"
1965,Fermata 279 - GIAMBONE,45.0322,7.64599,1393368.59,4987438.78,2233,54.6,BUS,"1085, 1442, 1510, 1511, 92, S04"
1975,Fermata 28 - XVIII DICEMBRE,45.07437,7.66847,1395216.48,4992094.09,3932,15.6,"BUS, TRAM","13, 56, 72, 91, N10"
1976,Fermata 280 - TAZZOLI EST,45.02977,7.64313,1393138.77,4987172.6,2041,16.4,"BUS, TRAM","1510, 1511, 4, 92, S04"
1988,Fermata 281 - TAZZOLI,45.02914,7.64256,1393092.7,4987103.36,2040,27.0,BUS,"1085, 1510, 1511, S04"
1999,Fermata 282 - TRAIANO,45.0263,7.63915,1392818.76,4986792.38,1695,38.2,"BUS, TRAM","18, 4, 62, S04"
2010,Fermata 283 - TRAIANO,45.02565,7.63872,1392783.67,4986720.74,1695,42.2,BUS,"18, 63 /, 95 /, S04"
2018,Fermata 2837 - CASCINA FALCHERA,45.12663,7.7035,1398066.96,4997854.92,6064,12.7,BUS,"46, N04"
2019,Fermata 2838 - CASCINA FALCHERA,45.12631,7.70375,1398086.05,4997819.06,6064,40.7,BUS,"46, N04"
2020,Fermata 2839 - FALCHERA,45.1224,7.70347,1398057.06,4997385.04,6061,22.4,BUS,"26, 3092, 3131, 3133, 46, N04"
2021,Fermata 284 - TRAIANO,45.02645,7.63732,1392674.87,4986811.47,1550,38.5,"BUS, TRAM","10, 40, 41, 62, 90, 94, 96, 97, 98, 99"
2022,Fermata 2840 - FALCHERA,45.1226,7.70366,1398072.36,4997407.02,6061,26.2,BUS,"26, 3092, 3131, 3133, 46, 5135, N04"
2032,Fermata 285 - DROSSO CAP,45.0137,7.62518,1391694.43,4985411.24,687,33.3,TRAM,4
2079,Fermata 2892 - CHIERI N.193,45.05562,7.74629,1401309.78,4989913.25,6955,229.5,BUS,"30, E68B"
2080,Fermata 2893 - REAGLIE,45.05898,7.74363,1401106.13,4990289.76,6955,230.2,BUS,"30, E68B"
2084,Fermata 2897 - D'HARCOURT,45.06576,7.73243,1400236.09,4991056.71,6958,13.3,BUS,"30, E68B"
2085,Fermata 2898 - D'HARCOURT,45.06616,7.73216,1400215.53,4991101.48,6958,62.2,BUS,"30, E68B"
2086,Fermata 2899 - MARCO AURELIO,45.07023,7.7274,1399847.91,4991559.5,6799,25.9,BUS,30
2087,Fermata 29 - QUESTURA,45.07084,7.66866,1395224.98,4991701.69,3921,41.3,"BUS, TRAM","10, 91"
2089,Fermata 2900 - MARCO AURELIO,45.07022,7.72836,1399923.46,4991557.2,6801,22.6,BUS,"30, E68B"
2091,Fermata 2902 - SAN MAURIZIO CAP,45.06575,7.69843,1397559.37,4991098.1,5716,29.9,BUS,30
2120,Fermata 2929 - CASCINETTE N.424,45.11451,7.71765,1399158.39,4996490.74,6734,57.7,BUS,"22, 24"
2142,Fermata 2949 - VILLARETTO N.197,45.12998,7.68296,1396457.7,4998253.2,4977,40.2,BUS,26
2155,Fermata 2960 - VILLARETTO,45.1298,7.6832,1396476.24,4998232.9,4977,63.1,BUS,26
2156,Fermata 2962 - SETTEMBRINI C.20,45.02964,7.61719,1391095.08,4987192.74,357,37.7,"BUS, TRAM","10, 1085, 1510, 1511, 2014, 3106, 3329, 38, 43, 90, 91, 92, 94, 95 /, 96, 97, 98, 99"
2157,Fermata 2963 - SETTEMBRINI C.19,45.0296,7.61817,1391172.2,4987186.97,355,75.4,"BUS, TRAM","10, 1085, 1510, 1511, 2014, 3106, 3329, 38, 43, 90, 91, 92, 94, 95 /, 96, 97, 98, 99"
2158,Fermata 2964 - SETTEMBRINI C.18,45.02828,7.62074,1391372.16,4987036.88,544,33.9,BUS,"1085, 1510, 1511, 2014, 3106, 3329, 38, 43, 90, 91, 92, 94, 95 /, 96, 97, 98, 99"
2159,Fermata 2965 - SETTEMBRINI C.18,45.02824,7.62168,1391446.13,4987031.18,544,40.3,BUS,"1085, 1510, 1511, 2014, 3106, 3329, 38, 43, 90, 91, 92, 94, 95 /, 96, 97, 98, 99"
2160,Fermata 2966 - SETTEMBRINI C.17,45.02586,7.6267,1391837.11,4986760.06,699,43.0,"BUS, TRAM","10, 1085, 1510, 1511, 2014, 3106, 3329, 38, 43, 90, 91, 92, 94, 95 /, 96, 97, 98, 99"
2161,Fermata 2967 - SETTEMBRINI C.17,45.02642,7.62635,1391810.6,4986822.74,699,84.7,"BUS, TRAM","10, 1085, 1510, 1511, 2014, 3106, 3329, 38, 43, 90, 91, 92, 94, 95 /, 96, 97, 98, 99"
2162,Fermata 2968 - SETTEMBRINI C.16,45.02497,7.62909,1392023.73,4986658.0,874,14.7,"BUS, TRAM","10, 1085, 1510, 1511, 2014, 3106, 3329, 38, 43, 90, 91, 92, 94, 95 /, 96, 97, 98, 99"
2163,Fermata 2969 - SETTEMBRINI C.16,45.02549,7.62873,1391996.34,4986716.25,877,26.8,"BUS, TRAM","10, 1085, 1510, 1511, 2014, 3106, 3329, 38, 43, 90, 91, 92, 94, 95 /, 96, 97, 98, 99"
2165,Fermata 2970 - SETTEMBRINI C.15,45.02413,7.63132,1392197.83,4986561.71,1053,31.5,"BUS, TRAM","10, 1085, 1510, 1511, 2014, 3106, 3329, 38, 43, 90, 91, 92, 94, 95 /, 96, 97, 98, 99"
2166,Fermata 2971 - SETTEMBRINI C.15,45.02455,7.63115,1392185.23,4986608.6,1054,36.1,"BUS, TRAM","10, 1085, 1510, 1511, 2014, 3106, 3329, 38, 43, 90, 91, 92, 94, 95 /, 96, 97, 98, 99"
2167,Fermata 2972 - SETTEMBRINI C.8,45.02323,7.63371,1392384.44,4986458.55,1226,44.6,"BUS, TRAM","10, 1085, 38, 43, 90, 91, 92, 94, 95 /, 96, 97, 98, 99"
2168,Fermata 2973 - SETTEMBRINI C.19,45.02891,7.61908,1391242.58,4987109.1,355,31.5,"BUS, TRAM","10, 1085, 1510, 1511, 2014, 3106, 3329, 38, 43, 90, 91, 92, 94, 95 /, 96, 97, 98, 99"
2171,Fermata 2976 - SETTEMBRINI C.8,45.0236,7.63361,1392377.26,4986499.79,1228,48.5,"BUS, TRAM","10, 1085, 1510, 1511, 38, 43, 90, 91, 92, 94, 95 /, 96, 97, 98, 99"
2175,Fermata 298 - SVINCOLO MIRAFIORI,45.02992,7.60787,1390361.42,4987236.43,57,23.1,BUS,"34, 38, 43, 5, S05, S05B"
2186,Fermata 299 - SETTEMBRINI,45.03106,7.61206,1390693.66,4987357.4,221,84.2,BUS,"1085, 1510, 1511, 38, 43, 5, 71, 90, 94, 95 /, 96, 97, 98, S05, S05B"
2197,Fermata 3 - BRUNELLESCHI,45.07467,7.62456,1391760.69,4992185.25,807,37.9,BUS,"36, W01"
2198,Fermata 30 - QUESTURA,45.07124,7.66912,1395261.93,4991745.53,4121,23.4,"BUS, TRAM","10, 19, 7, 8, 91"
2199,Fermata 300 - SETTEMBRINI,45.03158,7.61453,1390889.22,4987411.83,219,16.0,BUS,"1085, 1510, 1511, 38, 43, 5, S05, S05B"
2210,Fermata 301 - ORBASSANO C.11,45.03223,7.61774,1391143.32,4987479.72,363,26.1,BUS,"1435, 5, 71, 74, 91, 92, 95, 97, 99, S05, S05B"
2211,Fermata 3010 - MARTINETTO,45.08518,7.65582,1394240.7,4993311.45,3057,18.5,"BUS, TRAM","16 CS, 59, 59 /, 9"
2212,Fermata 3011 - MARTINETTO,45.08536,7.6561,1394263.07,4993331.08,3059,46.2,TRAM,"16 CD, 9"
2213,Fermata 3012 - OSPEDALE MARIA VITTORIA,45.08173,7.65579,1394231.97,4992928.22,3041,29.9,TRAM,"16 CS, 9"
2214,Fermata 3013 - OSPEDALE MARIA VITTORIA,45.08181,7.65586,1394237.63,4992937.02,3041,38.7,TRAM,"16 CD, 9"
2217,Fermata 3016 - BALDISSERA NORD,45.09063,7.67759,1395963.9,4993888.65,4760,48.1,BUS,"11, 3329, 67, 91, N10"
2220,Fermata 302 - ORBASSANO C.11,45.03225,7.61708,1391091.36,4987482.83,359,40.4,BUS,"5, 71, 91, 92, 99, S05, S05B"
2231,Fermata 303 - SICCARDI CAP,45.07296,7.67568,1395781.45,4991928.13,7456,21.2,BUS,5
2242,Fermata 304 - CERNAIA,45.07082,7.67415,1395657.12,4991692.37,4293,45.9,BUS,5
2253,Fermata 305 - CATTANEO SUD,45.03496,7.62395,1391637.65,4987774.66,558,42.4,BUS,"5, 71, 74, 91, 92, 95, 97, 99, S05, S05B"
2264,Fermata 306 - CATTANEO SUD,45.03505,7.62333,1391588.98,4987785.49,557,29.2,BUS,"5, 71, 74, 91, 92, 95, 97, 99, S05, S05B"
2269,Fermata 3064 - MARONCELLI,45.0163,7.66836,1395101.68,4985643.21,3646,106.7,BUS,"2014, 45, 45 /"
2270,Fermata 3065 - MARONCELLI,45.01812,7.66921,1395171.97,4985844.3,3821,77.9,BUS,"45, 45 /"
2271,Fermata 3066 - PALAVELA,45.0204,7.66952,1395200.56,4986097.18,3823,42.0,BUS,"45, 45 /"
2272,Fermata 3067 - PALAVELA,45.02023,7.66993,1395232.56,4986077.76,3823,24.9,BUS,"45, 45 /"
2273,Fermata 3068 - MILLEFONTI,45.02836,7.67219,1395425.43,4986978.0,4026,27.7,BUS,"45, 45 /"
2274,Fermata 3069 - MILLEFONTI,45.02911,7.67289,1395481.94,4987060.41,4029,76.7,BUS,"45, 45 /"
2275,Fermata 307 - CATTANEO,45.03614,7.62627,1391822.62,4987902.64,719,26.9,BUS,"12, 5, 62, 71, 74, 90, 94, S05, S05B"
2276,Fermata 3070 - OSPEDALE CTO,45.03435,7.67596,1395733.31,4987638.57,4404,49.3,BUS,"45, 45 /, 63 /"
2277,Fermata 3071 - OSPEDALE CTO,45.03422,7.67635,1395763.79,4987623.62,4404,62.3,BUS,"45, 45 /"
2286,Fermata 308 - CATTANEO,45.03618,7.62581,1391786.46,4987907.7,714,26.7,BUS,"12, 5, 62, 71, 74, 90, 94, S05, S05B"
2287,Fermata 3080 - TOLLEGNO,45.08511,7.70051,1397757.67,4993246.19,5777,35.9,BUS,75
2288,Fermata 3081 - CONFIENZA,45.07055,7.67673,1395859.72,4991659.05,4493,21.3,BUS,"29, 67"
2297,Fermata 309 - OMERO,45.03821,7.63044,1392154.97,4988127.03,1068,37.1,BUS,"1085, 12, 5, 58, 74, 94, S05, S05B"
2308,Fermata 31 - VITTORIO EMANUELE II,45.0678,7.6665,1395049.38,4991366.77,3729,46.9,"BUS, TRAM","10, 1085, 60, 91, W15, W15B"
2309,Fermata 310 - OMERO,45.03835,7.63014,1392131.6,4988142.99,890,34.4,BUS,"1085, 12, 5, 58, 74, 94, S05, S05B"
2324,Fermata 311 - PITAGORA,45.04063,7.63523,1392536.78,4988389.5,1418,66.9,BUS,"1085, 5, 94, S05, S05B"
2325,Fermata 3110 - DEL CRESTO,45.0577,7.74577,1401272.42,4990144.95,6955,10.2,BUS,"30, E68B"
2335,Fermata 312 - PITAGORA,45.04062,7.63485,1392506.83,4988388.89,1252,62.0,BUS,"5, 94, S05, S05B"
2342,Fermata 3127 - VILLA REY,45.06316,7.71934,1399200.99,4990784.1,6623,8.4,BUS,54
2343,Fermata 3128 - BRAMANTE CAP,45.0424,7.67212,1395445.5,4988537.8,4062,28.7,BUS,"45, 45 /"
2344,Fermata 3129 - ORBASSANO CAP,45.04584,7.64381,1393222.25,4988956.92,2077,9.0,BUS,22
2345,Fermata 313 - BOSTON,45.04194,7.63799,1392756.61,4988531.37,1726,26.5,BUS,"1085, 5, 94, S05, S05B"
2346,Fermata 3130 - MARIA ADELAIDE,45.07517,7.69297,1397146.43,4992151.5,5567,82.1,BUS,19
2347,Fermata 3131 - MARIA ADELAIDE,45.07517,7.69315,1397160.6,4992151.27,5567,74.1,BUS,19
2348,Fermata 3132 - SEBASTOPOLI,45.04167,7.65432,1394042.25,4988479.86,2789,37.0,BUS,"1510, 1511, 17"
2351,Fermata 3135 - AGNELLI EST,45.04108,7.64816,1393556.0,4988422.4,2425,26.4,BUS,17
2352,Fermata 3136 - AGNELLI EST,45.04089,7.64813,1393553.28,4988401.33,2425,31.1,BUS,17
2356,Fermata 314 - BOSTON,45.04241,7.63861,1392806.32,4988582.76,1727,43.5,BUS,"1085, 5, 94, S05, S05B"
2357,Fermata 3140 - TRIPOLI,45.04237,7.64446,1393266.98,4988570.58,2064,19.0,BUS,17
2365,Fermata 3149 - MORETTA,45.06766,7.65503,1394146.16,4991366.17,3014,36.3,BUS,56
2366,Fermata 315 - FILADELFIA,45.04359,7.64127,1393018.02,4988710.32,1893,19.6,BUS,"12, 5, 94, S05, S05B"
2368,Fermata 3151 - MORETTA,45.06762,7.65479,1394127.2,4991362.04,3014,30.3,BUS,56
2375,Fermata 316 - FILADELFIA,45.04364,7.64098,1392995.27,4988716.26,1891,17.7,BUS,"5, 94, S05, S05B"
2384,Fermata 317 - SANTA RITA,45.04595,7.64538,1393346.1,4988967.07,2259,15.2,BUS,"1085, 12, 22, 5, 55, 94, S05, S05B"
2387,Fermata 3172 - ANTICA DI GRUGLIASCO EST,45.05833,7.6204,1391402.28,4990375.6,604,179.6,BUS,"44, 56"
2392,Fermata 3177 - ANTICA DI GRUGLIASCO,45.05844,7.61995,1391367.06,4990388.43,604,201.1,BUS,44
2395,Fermata 318 - SANTA RITA,45.04602,7.64529,1393339.14,4988974.96,2259,16.2,BUS,"1085, 12, 22, 5, 55, 94, S05, S05B"
2398,Fermata 3182 - LEONCAVALLO,45.08649,7.69952,1397682.22,4993400.74,5782,12.4,BUS,75
2399,Fermata 3185 - VERCELLI,45.08404,7.68461,1396504.41,4993147.55,5083,33.6,BUS,11
2400,Fermata 3186 - VERCELLI,45.08398,7.68448,1396494.07,4993141.05,5083,39.6,BUS,11
2401,Fermata 3187 - BOTTESINI,45.08802,7.69818,1397579.51,4993572.41,5791,32.0,BUS,75
2404,Fermata 319 - MOMBARCARO,45.04724,7.64742,1393509.15,4989107.69,2262,26.6,BUS,"12, 5, S05, S05B"
2406,Fermata 3191 - CIMITERO PARCO CAP,45.03215,7.60382,1390046.65,4987489.65,68,22.2,BUS,102
2411,Fermata 3196 - MONGINEVRO EST,45.06576,7.65531,1394164.7,4991154.73,3011,24.8,BUS,56
2412,Fermata 3197 - MONGINEVRO EST,45.06576,7.65514,1394151.31,4991154.95,3011,23.9,BUS,56
2413,Fermata 3198 - ADRIANO OVEST,45.07036,7.65548,1394186.57,4991665.52,3016,53.6,BUS,"56, STAR 1"
2414,Fermata 3199 - ADRIANO OVEST,45.07021,7.65523,1394166.62,4991649.19,3016,30.9,BUS,56
2415,Fermata 32 - VITTORIO EMANUELE II,45.06793,7.66676,1395070.09,4991380.88,3911,41.8,"BUS, TRAM","10, 1085, 7, 91, M1S, W15, W15B"
2416,Fermata 320 - MOMBARCARO,45.04732,7.64726,1393496.7,4989116.79,2262,18.2,BUS,"12, 5, S05, S05B"
2418,Fermata 3201 - CAMPO 21,45.03544,7.60167,1389883.6,4987858.06,91,13.1,BUS,102
2419,Fermata 3202 - CAMPO 26,45.03516,7.5997,1389727.89,4987829.64,98,107.1,BUS,102
2420,Fermata 3203 - CAMPO 38,45.03697,7.59692,1389512.4,4988034.5,118,20.4,BUS,102
2421,Fermata 3204 - CAMPO 47,45.03689,7.5945,1389321.63,4988028.92,111,50.6,BUS,102
2422,Fermata 3205 - CAMPO DELLA MEMORIA,45.03582,7.59541,1389391.24,4987908.81,102,17.3,BUS,102
2426,Fermata 321 - CAPRERA,45.04958,7.65102,1393796.99,4989362.91,2610,35.7,BUS,"12, 5, S05, S05B"
2427,Fermata 3210 - PESCHIERA,45.06707,7.6451,1393363.34,4991313.67,2299,46.1,BUS,55
2428,Fermata 3211 - FREJUS,45.07023,7.64668,1393493.59,4991662.63,2307,47.2,BUS,55
2432,Fermata 3216 - DERNA,45.10085,7.69938,1397696.87,4994996.19,5837,11.4,"BUS, TRAM","1085, 24, 4"
2433,Fermata 3217 - DERNA,45.10062,7.69919,1397681.51,4994970.88,5837,40.7,"BUS, TRAM","1085, 4"
2434,Fermata 3218 - GOTTARDO,45.09784,7.69737,1397533.34,4994664.35,5823,17.1,TRAM,4
2436,Fermata 322 - CAPRERA,45.04911,7.64995,1393711.86,4989312.1,2609,47.7,BUS,"12, 5, S05, S05B"
2437,Fermata 3220 - CAMPO 34,45.0334,7.59565,1389405.48,4987639.65,77,76.1,BUS,102
2438,Fermata 3221 - CAMPO 25,45.03303,7.59855,1389633.21,4987594.58,76,67.3,BUS,102
2447,Fermata 323 - GESSI,45.05107,7.65322,1393972.99,4989525.55,2795,54.0,BUS,"12, 5, S05, S05B"
2450,Fermata 3232 - HERMADA CAP,45.06452,7.71114,1398557.81,4990945.44,6265,33.7,BUS,6
2453,Fermata 3235 - BOCCHERINI,45.1014,7.69293,1397190.38,4995065.47,5661,113.7,BUS,"46, N04, N04B"
2454,Fermata 3236 - BOCCHERINI,45.10133,7.69265,1397168.22,4995058.05,5661,131.6,BUS,"46, N04, N04B"
2458,Fermata 324 - GESSI,45.05095,7.65269,1393931.04,4989512.91,2795,25.5,BUS,"12, 5, S05, S05B"
2462,Fermata 3244 - CAMPUS EINAUDI,45.07451,7.70112,1397786.77,4992067.85,5744,71.8,BUS,"6, 68+, E68, E68B, STAR 1"
2465,Fermata 325 - ORBASSANO,45.05281,7.65682,1394259.69,4989714.13,2983,59.8,BUS,"5, 64, 66, S05, S05B"
2472,Fermata 3256 - PONCHIELLI,45.08814,7.69862,1397614.35,4993585.18,5792,21.6,BUS,75
2473,Fermata 3258 - PARCO SEMPIONE,45.09827,7.68978,1396936.91,4994721.77,5454,97.4,BUS,"46, N04, N04B"
2474,Fermata 3259 - PARCO SEMPIONE,45.09858,7.69027,1396976.02,4994755.58,5455,123.1,BUS,"46, N04, N04B"
2475,Fermata 326 - ORBASSANO,45.05308,7.6567,1394250.74,4989744.28,2983,38.1,BUS,"5, 64, 66, S05, S05B"
2476,Fermata 3260 - LAURO ROSSI,45.09611,7.6882,1396808.7,4994483.83,5257,29.9,BUS,46
2477,Fermata 3261 - LAURO ROSSI,45.09579,7.68825,1396812.06,4994448.22,5255,36.6,BUS,46
2478,Fermata 3262 - VALPRATO,45.09319,7.68621,1396646.85,4994161.98,5250,12.2,BUS,46
2479,Fermata 3263 - VALPRATO,45.0928,7.6861,1396637.49,4994118.8,5250,32.1,BUS,46
2480,Fermata 3265 - VIGEVANO,45.09005,7.68424,1396486.15,4993815.68,5097,15.3,BUS,46
2481,Fermata 3266 - CRUTO,45.09074,7.70514,1398132.07,4993865.78,6156,32.2,BUS,75
2482,Fermata 3267 - CRUTO,45.09082,7.70534,1398147.95,4993874.42,6156,28.3,BUS,75
2483,Fermata 327 - CASSINI,45.05217,7.65934,1394456.95,4989639.74,3329,37.1,BUS,"5, 64, 66, S05, S05B"
2489,Fermata 3275 - PORTA SUSA SUD,45.0693,7.6659,1395004.9,4991534.19,3733,32.9,BUS,"19, 55, 60, 8, W15, W15B"
2490,Fermata 3276 - MARMOLADA,45.05521,7.65049,1393765.69,4989989.04,2622,18.3,BUS,58
2492,Fermata 3278 - RIVALTA,45.0562,7.65267,1393939.17,4990096.16,2808,21.0,BUS,58
2493,Fermata 3279 - ROBILANT NORD,45.06164,7.64535,1393372.92,4990710.12,2286,32.9,BUS,"55, 56"
2494,Fermata 328 - CASSINI,45.05215,7.66058,1394554.56,4989635.9,3328,58.5,BUS,"5, 64, 66, S05, S05B"
2495,Fermata 3280 - BRACCINI,45.05913,7.65617,1394220.17,4990417.07,2997,46.2,BUS,12
2496,Fermata 3281 - PESCHIERA,45.06157,7.65829,1394391.58,4990685.37,3162,9.3,BUS,12
2497,Fermata 3282 - PESCHIERA,45.0617,7.65791,1394361.9,4990700.3,7360,4.1,BUS,12
2498,Fermata 3283 - POLITECNICO,45.06448,7.66029,1394554.4,4991006.03,3358,20.8,BUS,12
2499,Fermata 3284 - POLITECNICO,45.06462,7.65999,1394531.04,4991021.97,3358,41.2,BUS,12
2500,Fermata 3285 - DUCA DEGLI ABRUZZI,45.06507,7.66406,1394852.29,4991066.66,3538,29.5,BUS,"12, STAR 1"
2501,Fermata 3286 - FERRUCCI,45.07102,7.65604,1394231.88,4991738.11,3019,32.2,"BUS, TRAM","55, 68, 9"
2502,Fermata 3287 - FERRUCCI,45.07072,7.65653,1394269.89,4991704.14,3019,81.9,"BUS, TRAM","55, 68, 9"
2505,Fermata 329 - CABOTO,45.05394,7.66298,1394746.83,4989831.63,3513,67.9,BUS,"42, 5, 64"
2515,Fermata 33 - GALILEO FERRARIS,45.06604,7.66954,1395285.49,4991167.31,7423,26.8,"BUS, TRAM","68, 9"
2516,Fermata 330 - CABOTO,45.05407,7.66276,1394729.75,4989846.36,3517,64.7,BUS,"42, 5, 64"
2517,Fermata 3300 - MOLINETTE EST,45.04231,7.67768,1395883.24,4988520.63,7455,16.1,BUS,42
2518,Fermata 3301 - MARINAI D'ITALIA,45.04421,7.68156,1396192.26,4988726.72,4833,29.4,BUS,42
2519,Fermata 3302 - CHIABRERA,45.04612,7.68041,1396105.15,4988940.37,4611,20.3,BUS,"42, S45, S45B"
2521,Fermata 3304 - GENÈ,45.0769,7.69029,1396938.59,4992347.1,5379,41.1,BUS,19
2522,Fermata 3305 - XI FEBBRAIO,45.07958,7.68836,1396791.5,4992647.29,5225,32.7,BUS,19
2523,Fermata 3306 - MILLELIRE,45.01532,7.65183,1393797.39,4985555.9,2561,129.7,BUS,35
2524,Fermata 3307 - COLLI,45.07782,7.77357,1403495.21,4992346.54,6993,185.1,BUS,79 /
2527,Fermata 331 - COLOMBO,45.05624,7.66459,1394877.82,4990085.05,3520,18.3,BUS,"42, 5, 64"
2538,Fermata 332 - COLOMBO,45.05606,7.66414,1394842.06,4990065.63,3521,51.7,BUS,"42, 5, 64"
2540,Fermata 3321 - COLLI,45.07837,7.77266,1403424.51,4992408.73,6993,116.3,BUS,79 /
2541,Fermata 3323 - GEISSER,45.07796,7.77104,1403296.31,4992365.12,6993,20.2,BUS,"79 /, SPX"
2542,Fermata 3324 - MASSAUA CAP,45.07454,7.62138,1391510.13,4992175.07,637,7.8,BUS,"36, W01"
2543,Fermata 3325 - TORINO ESPOSIZIONI,45.05012,7.68162,1396207.68,4989383.18,4623,22.8,BUS,"67, S45, S45B"
2545,Fermata 333 - EINAUDI,45.05883,7.66633,1395019.57,4990370.51,3708,36.2,BUS,"5, 64"
2549,Fermata 3333 - DUCA DEGLI ABRUZZI,45.06451,7.66598,1395002.42,4991001.96,3720,19.3,BUS,"12, 33, 58, 58 /, STAR 1"
2550,Fermata 3334 - MORANDI,45.01145,7.63288,1392296.95,4985151.02,1029,17.8,BUS,63
2553,Fermata 3337 - CASTELLO DI MIRAFIORI N.52,45.01181,7.62935,1392019.46,4985195.71,686,124.8,BUS,63
2554,Fermata 3338 - MORANDI,45.01119,7.63351,1392346.11,4985121.3,1029,40.9,BUS,63
2556,Fermata 334 - EINAUDI,45.0588,7.66605,1394997.47,4990367.54,3709,28.2,BUS,"5, 64"
2565,Fermata 3348 - STATUTO,45.07702,7.66957,1395307.91,4992387.05,4135,29.0,BUS,"29, 49, 59, 59 /"
2566,Fermata 335 - PASTRENGO,45.06106,7.66782,1395140.97,4990616.31,3899,41.6,BUS,"5, 64"
2567,Fermata 3350 - DROVETTI,45.07323,7.66447,1394899.53,4991972.63,3749,32.4,BUS,"56, 94"
2568,Fermata 3351 - PALMIERI,45.07459,7.66061,1394598.19,4992128.74,3377,71.2,BUS,56
2569,Fermata 3352 - CAMPO 11,45.03228,7.59888,1389657.76,4987510.82,69,11.3,BUS,102
2570,Fermata 3353 - CASTELLO DI MIRAFIORI N.45,45.01231,7.62883,1391979.43,4985251.95,686,75.0,BUS,63
2571,Fermata 3354 - SAFFI,45.07259,7.65167,1393890.78,4991918.25,2655,24.3,BUS,55
2572,Fermata 3355 - CESANA,45.07239,7.65182,1393902.22,4991895.83,2849,29.4,BUS,55
2574,Fermata 3357 - UNIONE SOVIETICA,45.01285,7.62547,1391715.68,4985316.43,514,70.7,BUS,63
2575,Fermata 3358 - CASTELLO DI MIRAFIORI,45.01348,7.62483,1391666.43,4985387.27,514,45.0,TRAM,4
2576,Fermata 3359 - FARINELLI,45.01656,7.62835,1391949.6,4985724.72,693,57.1,TRAM,4
2577,Fermata 336 - PASTRENGO,45.06121,7.66779,1395138.88,4990633.01,3901,47.3,BUS,"5, 64"
2578,Fermata 3360 - PLAVA,45.0158,7.62741,1391874.1,4985641.55,692,24.9,TRAM,4
2579,Fermata 3361 - PAVESE,45.01842,7.63044,1392117.77,4985928.56,870,53.5,TRAM,4
2580,Fermata 3362 - PAVESE,45.01763,7.62947,1392039.86,4985842.1,869,43.5,TRAM,4
2581,Fermata 3363 - BARBERA,45.02004,7.63224,1392262.64,4986106.13,1047,39.5,TRAM,4
2582,Fermata 3364 - BISCARETTI,45.01925,7.63128,1392185.52,4986019.65,1045,37.1,TRAM,4
2583,Fermata 3365 - VIGLIANI,45.02242,7.63473,1392463.28,4986367.21,1387,44.9,TRAM,4
2584,Fermata 3366 - SETTEMBRINI,45.02223,7.63445,1392440.87,4986346.48,7222,33.3,TRAM,4
2586,Fermata 3368 - CAIO MARIO,45.02419,7.63541,1392520.17,4986562.94,1390,72.6,TRAM,4
2588,Fermata 337 - STATI UNITI,45.06294,7.6692,1395253.06,4990823.37,4097,44.0,BUS,"5, 64"
2592,Fermata 3374 - SCIREA,45.10642,7.63901,1392957.47,4995693.15,1996,70.5,BUS,90
2593,Fermata 3375 - ALTESSANO,45.10612,7.64446,1393385.67,4995652.62,2357,16.9,BUS,"90, VE1"
2594,Fermata 3376 - SCIREA,45.10702,7.63879,1392941.29,4995760.1,1810,29.6,BUS,90
2598,Fermata 338 - STATI UNITI,45.06284,7.66888,1395227.68,4990812.68,3903,62.1,BUS,"5, 64"
2599,Fermata 3381 - DELLA ROCCA,45.05911,7.68957,1396849.9,4990371.72,7481,16.9,BUS,"S45, S45B, STAR 2"
2601,Fermata 3383 - PESCATORE,45.06474,7.69771,1397500.88,4990986.81,5715,6.5,BUS,"13+, 24, 53, 70, 93 /, S45, S45B"
2602,Fermata 3384 - SOFIA,45.09489,7.71485,1398903.5,4994314.62,6531,41.6,BUS,"19N, 27"
2603,Fermata 3385 - ANCINA,45.09604,7.71241,1398713.54,4994445.43,6534,63.7,BUS,"19N, 27"
2604,Fermata 3386 - CORELLI,45.0973,7.70972,1398504.11,4994588.78,7525,9.2,BUS,"19N, 27"
2605,Fermata 3387 - TARTINI,45.09884,7.70644,1398248.76,4994763.99,6187,63.9,BUS,"19N, 27"
2606,Fermata 3388 - MASCAGNI,45.09855,7.70337,1398006.7,4994735.64,6004,37.7,BUS,"19N, 27"
2607,Fermata 3389 - MASCAGNI,45.09849,7.70357,1398022.32,4994728.72,6004,38.8,BUS,27
2608,Fermata 339 - VELA - G.A.M.,45.06432,7.6701,1395326.43,4990975.51,4100,25.5,BUS,"5, 64, STAR 1"
2609,Fermata 3390 - TARTINI,45.09832,7.7062,1398228.96,4994706.52,6187,16.9,BUS,27
2610,Fermata 3391 - CORELLI,45.09687,7.70935,1398474.23,4994541.48,6350,16.4,BUS,27
2611,Fermata 3392 - ANCINA,45.0956,7.71208,1398686.79,4994396.97,6534,40.6,BUS,"19N, 27"
2612,Fermata 3393 - SOFIA,45.09433,7.71478,1398897.0,4994252.5,6531,27.9,BUS,"19N, 27"
2613,Fermata 3394 - VIRIGLIO,45.09135,7.70132,1397832.55,4993938.37,5977,46.9,BUS,18
2614,Fermata 3395 - BOTTESINI,45.08927,7.69854,1397610.07,4993710.82,5797,12.8,BUS,18
2615,Fermata 3396 - CLEMENTI,45.08773,7.69542,1397361.78,4993543.69,5606,39.7,BUS,18
2616,Fermata 3397 - CLEMENTI,45.08784,7.69607,1397413.13,4993555.09,5606,19.0,BUS,18
2617,Fermata 3399 - ROVEDA,45.01983,7.6045,1390076.62,4986120.1,7169,12.3,BUS,63 /
2618,Fermata 34 - GALILEO FERRARIS,45.06614,7.6696,1395290.39,4991178.34,4109,25.2,"BUS, TRAM","68, 7, 9"
2619,Fermata 340 - VELA - G.A.M.,45.06448,7.67008,1395325.15,4990993.31,4101,32.9,BUS,"5, 64, STAR 1"
2620,Fermata 3400 - D'AZEGLIO CAP,45.05122,7.68216,1396252.2,4989504.69,4848,33.6,TRAM,9
2622,Fermata 3402 - VALENTINO,45.05436,7.684,1396402.76,4989851.16,5015,56.2,BUS,"S45, S45B, STAR 2"
2623,Fermata 3404 - PELLICO,45.05682,7.68582,1396550.51,4990122.11,5018,15.0,BUS,"S45, S45B, STAR 2"
2624,Fermata 3406 - OSPEDALE AMEDEO DI SAVOIA,45.08951,7.65945,1394534.35,4993787.73,3402,47.2,BUS,22
2625,Fermata 3407 - OSPEDALE AMEDEO DI SAVOIA,45.0888,7.659,1394497.63,4993709.44,3401,34.9,BUS,22
2626,Fermata 3408 - PIERO DELLA FRANCESCA,45.09125,7.66182,1394724.06,4993977.94,3586,44.9,BUS,22
2627,Fermata 3409 - PIERO DELLA FRANCESCA,45.09138,7.66254,1394780.95,4993991.44,7396,34.3,BUS,22
2628,Fermata 341 - XI FEBBRAIO,45.07532,7.68719,1396691.74,4992175.54,5216,66.9,BUS,27
2629,Fermata 3410 - STAMPALIA CAP,45.11199,7.65902,1394541.94,4996285.62,3447,75.0,BUS,159
2632,Fermata 3414 - MADONNA DI CAMPAGNA,45.10415,7.66299,1394839.82,4995409.49,3618,19.7,"BUS, TRAM","2, 22, 9, W60"
2633,Fermata 3415 - PLAVA C.30,45.02233,7.61051,1390554.91,4986389.68,202,19.8,BUS,"63 /, 71, 90, 94, 95 /, 96, 97, 98, 99"
2635,Fermata 3418 - SOLFERINO CAP,45.06882,7.67655,1395842.41,4991467.09,4488,31.4,BUS,63
2636,Fermata 342 - VITTORIO EMANUELE II,45.06627,7.67128,1395422.89,4991190.61,4108,25.5,BUS,"5, 52"
2637,Fermata 3420 - XI FEBBRAIO,45.07842,7.68898,1396838.21,4992517.63,5384,72.2,BUS,"19, 3006, 3092, 3107, 3131, 3133, 3166"
2638,Fermata 3421 - GENÈ,45.07699,7.69001,1396916.71,4992357.46,5383,37.8,BUS,19
2640,Fermata 3423 - OMERO CAP,45.03742,7.62974,1392098.35,4988040.21,889,45.5,BUS,44
2641,Fermata 3424 - BOLOGNA,45.08349,7.69728,1397500.57,4993070.31,5774,31.0,BUS,"18, 77"
2642,Fermata 3425 - QUARELLO SUD,45.01908,7.61149,1390625.93,4986027.31,184,23.0,BUS,"34, 38, 63 /, 95 /"
2643,Fermata 3426 - STAMPALIA CAP,45.11256,7.65809,1394469.83,4996350.16,3263,89.5,TRAM,9
2644,Fermata 3427 - GAIDANO N.8,45.03946,7.62676,1391867.47,4988270.81,724,20.6,BUS,"12, 44, 58"
2645,Fermata 3428 - ALLASON CAP,45.03841,7.61581,1391003.03,4988168.85,235,20.5,BUS,12
2646,Fermata 3429 - DE CANAL,45.0355,7.6381,1392753.24,4987815.8,1561,9.7,BUS,12
2647,Fermata 343 - REVEL,45.06839,7.67318,1395576.33,4991423.67,4284,55.2,BUS,"5, 52"
2648,Fermata 3430 - DE CANAL,45.03566,7.638,1392745.66,4987833.71,1561,21.3,BUS,12
2649,Fermata 3431 - SANREMO,45.0333,7.63621,1392600.25,4987573.91,1401,52.4,BUS,12
2650,Fermata 3432 - SANREMO,45.03345,7.63615,1392595.8,4987590.65,1402,46.0,BUS,12
2651,Fermata 3433 - SIRACUSA,45.0353,7.63296,1392347.99,4987800.41,1239,12.4,BUS,12
2652,Fermata 3434 - SIRACUSA,45.0354,7.63289,1392342.67,4987811.61,1239,18.7,BUS,12
2653,Fermata 3435 - OMERO,45.03652,7.62958,1392084.05,4987940.44,886,29.0,BUS,12
2654,Fermata 3436 - OMERO,45.03633,7.63035,1392144.35,4987918.3,1065,7.1,BUS,12
2655,Fermata 3437 - CENTRALE DEL LATTE,45.04467,7.63757,1392728.64,4988835.2,1580,16.5,BUS,58 /
2656,Fermata 3438 - CENTRALE DEL LATTE,45.04475,7.63752,1392724.85,4988844.15,1580,24.7,BUS,58 /
2657,Fermata 3439 - SIRACUSA,45.04611,7.63333,1392397.42,4989000.8,1263,15.9,BUS,58 /
2658,Fermata 344 - REVEL,45.06859,7.67265,1395534.97,4991446.57,4284,36.7,BUS,"5, 52"
2659,Fermata 3440 - SIRACUSA,45.04628,7.63312,1392381.2,4989019.96,1265,12.6,BUS,58 /
2660,Fermata 3441 - GUIDO RENI,45.04719,7.63028,1392159.25,4989124.84,1081,29.9,BUS,58 /
2661,Fermata 3442 - GUIDO RENI,45.04729,7.63026,1392157.86,4989135.97,1081,36.1,BUS,58 /
2663,Fermata 3445 - SABOTINO,45.06422,7.65055,1393787.11,4990989.89,2642,33.0,"BUS, TRAM","15, 33, 42"
2665,Fermata 3447 - SABOTINO,45.06449,7.6502,1393760.05,4991020.34,2476,65.8,"BUS, TRAM","15, 33, 42"
2666,Fermata 3448 - ARTOM CAP,45.01494,7.64856,1393539.02,4985517.98,2376,19.4,BUS,35
2667,Fermata 3449 - CANDIOLO,45.01651,7.65027,1393676.67,4985690.14,2382,34.1,BUS,35
2668,Fermata 345 - CERNAIA,45.07069,7.6747,1395700.18,4991677.22,4293,25.3,BUS,"5, 52"
2669,Fermata 3450 - MARONCELLI,45.01789,7.66358,1394727.95,4985826.05,3459,38.4,BUS,35
2671,Fermata 3452 - CABRINI,45.01362,7.6237,1391577.66,4985404.34,514,94.3,BUS,63
2672,Fermata 3453 - PALMA DI CESNOLA,45.01757,7.64998,1393655.79,4985808.28,7317,59.1,BUS,"35, 43, 99"
2675,Fermata 3456 - STATI UNITI CAP,45.06261,7.67148,1395431.96,4990783.76,4261,62.2,BUS,11
2676,Fermata 3457 - SETTIMO,45.10478,7.7275,1399916.17,4995397.57,6902,61.0,BUS,"20, 27"
2677,Fermata 3458 - GALILEO FERRARIS,45.05186,7.66182,1394651.67,4989602.07,3327,17.5,BUS,"42, S05, S05B"
2682,Fermata 3463 - STATUTO,45.07685,7.66926,1395283.2,4992368.57,4135,23.2,BUS,60
2687,Fermata 3468 - ORBASSANO C.11,45.03232,7.61685,1391073.38,4987490.92,223,56.2,BUS,"1435, 74, 95, 97"
2688,Fermata 3469 - GLADIOLI,45.10187,7.63016,1392252.67,4995199.44,1173,5.3,BUS,29
2689,Fermata 347 - MOTORIZZAZIONE,45.0341,7.60566,1390195.32,4987703.78,82,25.5,BUS,"34, 38, 5"
2690,Fermata 3470 - PRIMULE N.18,45.10032,7.62767,1392053.84,4995030.58,1010,14.5,BUS,29
2691,Fermata 3471 - PRIMULE N.18,45.10053,7.62732,1392026.7,4995054.37,1010,22.7,BUS,29
2700,Fermata 348 - MOTORIZZAZIONE,45.03385,7.60503,1390145.22,4987676.86,82,38.9,BUS,"102, 74"
2711,Fermata 349 - ARBARELLO CAP,45.07231,7.67524,1395745.63,4991856.49,4496,25.2,BUS,67
2714,Fermata 3492 - PORTA NUOVA,45.06235,7.67714,1395877.1,4990747.58,4455,1.9,"BUS, TRAM","4, 92, S04"
2717,Fermata 3495 - DON BORIO,45.04464,7.61703,1391110.94,4988859.3,387,220.7,BUS,44
2718,Fermata 3496 - FOLIGNO,45.10056,7.66019,1394612.93,4995014.32,3423,22.7,TRAM,9
2719,Fermata 3497 - LARGO TOSCANA,45.09743,7.6581,1394442.72,4994669.33,3233,11.5,TRAM,9
2722,Fermata 35 - RE UMBERTO,45.06412,7.67487,1395701.6,4990947.13,4461,20.9,"BUS, TRAM","52, 64, 67, 68, 9, M1S"
2723,Fermata 350 - MASSARI CAP,45.10645,7.68046,1396218.43,4995642.42,4798,87.8,"BUS, TRAM","10, N10"
2725,Fermata 3501 - RIVOLI NORD,45.07599,7.64341,1393246.91,4992306.83,2132,39.1,BUS,"2, 22"
2726,Fermata 3502 - RIVOLI NORD,45.07594,7.64389,1393284.6,4992300.64,2132,46.4,BUS,"2, 22"
2728,Fermata 3505 - GORINI,45.04159,7.5938,1389275.56,4988552.0,138,169.8,BUS,"38, 74, 95, 97"
2731,Fermata 3508 - SESIA,45.09005,7.69349,1397214.06,4993803.88,5618,26.3,BUS,"24, 27"
2732,Fermata 3509 - MONTANARO,45.09272,7.6953,1397361.28,4994098.19,5631,104.4,BUS,27
2733,Fermata 351 - GROSSETO,45.1048,7.67889,1396091.92,4995461.14,4795,35.3,"BUS, TRAM","10, 52, 67, 69, 91, B1, N10"
2734,Fermata 3510 - MONTANARO,45.0926,7.6948,1397321.73,4994085.49,5630,77.9,BUS,27
2735,Fermata 3511 - SPONTINI,45.09402,7.69743,1397531.22,4994239.91,5811,31.4,BUS,27
2736,Fermata 3512 - SANTHIÀ,45.09267,7.69826,1397594.12,4994088.88,5809,87.0,BUS,27
2737,Fermata 3513 - SEMPIONE,45.09613,7.69878,1397641.22,4994472.6,5814,15.4,BUS,27
2738,Fermata 3514 - CHERUBINI,45.0932,7.7006,1397779.2,4994144.8,5808,13.1,BUS,27
2739,Fermata 3515 - BOTTESINI,45.0893,7.69884,1397633.73,4993713.77,5797,27.8,BUS,18
2740,Fermata 3516 - VIRIGLIO,45.09144,7.70169,1397861.83,4993947.9,5977,47.9,BUS,18
2741,Fermata 3517 - RESPIGHI,45.09333,7.70289,1397959.63,4994156.35,5981,59.4,BUS,"18, 75"
2744,Fermata 352 - GROSSETO,45.10399,7.68141,1396288.71,4995367.92,4962,16.0,"BUS, TRAM","10, 52, 67, 69, 91, N10"
2747,Fermata 3522 - FOLIGNO,45.10017,7.66035,1394624.8,4994970.79,3423,22.5,TRAM,9
2749,Fermata 3524 - MASSARI,45.10835,7.66181,1394754.71,4995877.61,3633,9.1,TRAM,9
2750,Fermata 3525 - VERONESE,45.11236,7.65976,1394600.83,4996325.76,3447,4.2,TRAM,9
2758,Fermata 3533 - CONI ZUGNA,45.01816,7.62141,1391405.79,4985911.75,346,109.1,BUS,"34, 38, 71"
2759,Fermata 3534 - CONI ZUGNA,45.01789,7.62122,1391390.31,4985882.01,344,96.2,BUS,"34, 38, 71"
2760,Fermata 3535 - AOSTA N.133,45.08953,7.70204,1397885.96,4993735.27,5966,34.1,BUS,75
2761,Fermata 3536 - AOSTA N.133,45.08942,7.70215,1397894.42,4993722.92,5966,29.0,BUS,75
2762,Fermata 3537 - NOVARA,45.08717,7.69335,1397197.88,4993484.11,5605,34.2,BUS,"24, 27"
2763,Fermata 3538 - GERMAGNANO,45.11507,7.69887,1397682.17,4996576.56,5874,48.5,BUS,"50, 51"
2764,Fermata 354 - COPPINO,45.10071,7.68092,1396244.21,4995004.17,4957,96.6,"BUS, TRAM","10, 52, 67, 69, 91, N10"
2765,Fermata 3540 - VERDI,45.06878,7.69068,1396954.69,4991444.55,5352,27.7,BUS,"18, 6, 68, 68+, STAR 1"
2767,Fermata 3542 - GROSSO CAP,45.04929,7.62255,1391554.47,4989368.46,7186,53.1,BUS,58 /
2768,Fermata 3544 - TRM,45.03604,7.58835,1388835.57,4987942.93,107,10.4,BUS,74
2769,Fermata 3545 - INGHILTERRA CAP,45.07372,7.66701,1395100.37,4992023.77,3751,71.4,BUS,60
2770,Fermata 3546 - TORRICELLI,45.05635,7.65469,1394098.5,4990110.18,2993,34.2,BUS,12
2771,Fermata 3547 - TORRICELLI,45.05622,7.65501,1394123.46,4990095.32,2993,22.9,BUS,12
2772,Fermata 3548 - ROSSELLI,45.0535,7.65491,1394110.56,4989793.28,2984,18.2,BUS,12
2773,Fermata 3549 - ROSSELLI,45.05354,7.65515,1394129.54,4989797.41,2987,16.9,BUS,12
2775,Fermata 3550 - BRACCINI,45.05909,7.65655,1394250.01,4990412.13,2999,42.7,BUS,12
2782,Fermata 3557 - PARCO DELLA CONFLUENZA,45.09409,7.71659,1399039.0,4994223.58,6699,43.1,BUS,19N
2783,Fermata 3558 - PARK STURA CAP,45.12038,7.71104,1398648.85,4997151.12,6559,33.1,BUS,26
2785,Fermata 356 - BREGLIO,45.09855,7.68046,1396204.1,4994764.8,4956,35.7,BUS,"52, 67, 91, N10"
2786,Fermata 3560 - STAZIONE STURA,45.12148,7.71316,1398817.54,4997270.66,6561,31.3,BUS,"20, 26, 51, SE1, SE2"
2787,Fermata 3561 - COMO,45.08415,7.69612,1397410.46,4993145.1,5588,30.2,BUS,"18, 49"
2788,Fermata 3562 - DUCHESSA JOLANDA,45.07245,7.66551,1394979.97,4991884.63,7414,32.6,BUS,60
2789,Fermata 3563 - DUCHESSA JOLANDA EST,45.07291,7.66617,1395032.76,4991934.88,3748,37.7,BUS,"56, 60, 94"
2790,Fermata 3564 - CAVALLI,45.06981,7.66365,1394828.71,4991593.77,3552,25.8,BUS,STAR 1
2791,Fermata 3565 - UNIONE EUROPEA,45.07029,7.66433,1394883.12,4991646.21,3553,34.0,BUS,60
2792,Fermata 3567 - REGINA MARGHERITA,45.08024,7.67125,1395446.02,4992742.59,4145,82.4,BUS,"49, 60"
2795,Fermata 357 - GIARDINI REALI,45.07231,7.68989,1396898.85,4991837.71,5366,33.2,TRAM,7
2802,Fermata 3576 - PORTA SUSA SUD,45.07012,7.66571,1394991.44,4991625.53,3735,12.9,BUS,"M1S, W15"
2803,Fermata 3577 - BOLZANO CAP,45.07258,7.667,1395097.5,4991897.14,3748,45.4,BUS,8
2806,Fermata 358 - SAORGIO,45.09681,7.67968,1396139.57,4994572.5,4780,57.3,BUS,"52, 67, 91, N10"
2808,Fermata 3581 - PORTA SUSA CAP,45.07217,7.66671,1395073.92,4991851.97,3743,12.8,BUS,"19, 3971"
2809,Fermata 3582 - CARLO FELICE,45.06373,7.679,1396026.05,4990898.49,4658,35.1,BUS,"35, 6, 68+"
7904,Fermata 3584 - FOSSATA,45.09844,7.68535,1396588.66,4994746.31,5106,31.9,BUS,75
7905,Fermata 3585 - FOSSATA,45.09856,7.6847,1396537.73,4994760.48,5107,33.3,BUS,"69, 75"
7898,Fermata 3587 - VITTORIO EMANUELE II CAP,45.06221,7.68091,1396173.67,4990727.18,4647,38.0,BUS,64
7899,Fermata 3588 - VITTORIO EMANUELE II CAP,45.06364,7.67693,1395862.91,4990891.15,4459,33.6,BUS,12
7901,Fermata 3589 - PAROLETTI,45.09154,7.71489,1398900.73,4993942.42,6516,19.1,BUS,19N
2811,Fermata 359 - RONDÒ RIVELLA,45.07411,7.68899,1396831.24,4992038.82,5374,60.7,TRAM,7
7902,Fermata 3590 - PAROLETTI,45.09165,7.71509,1398916.66,4993954.39,6516,30.0,BUS,19N
7903,Fermata 3591 - CARCANO,45.0802,7.71428,1398832.7,4992683.41,6487,22.0,BUS,19N
7926,Fermata 3592 - NIEVO EST,45.07809,7.71011,1398500.75,4992454.23,6296,24.2,BUS,19
7927,Fermata 3593 - CORRADINO CAP,45.01763,7.66207,1394608.5,4985799.13,3277,23.9,BUS,84
7928,Fermata 3594 - FARINI CAP,45.07079,7.70369,1397982.44,4991651.35,5930,42.9,BUS,66
8027,Fermata 3596 - MEDICI,45.07971,7.64647,1393494.69,4992716.05,2503,17.9,BUS,"1085, 2, 22"
8028,Fermata 3597 - MEDICI,45.07955,7.64621,1393473.92,4992698.62,2321,29.4,BUS,"1085, 2, 22"
7984,Fermata 3598 - MONTE ORTIGARA CAP,45.06885,7.62614,1391874.07,4991536.59,790,29.8,BUS,"42, VE1"
2812,Fermata 36 - RE UMBERTO,45.0643,7.67473,1395690.91,4990967.31,4463,37.0,"BUS, TRAM","11, 52, 58, 58 /, 64, 67, 68, 7, 9, M1S, STAR 1"
2813,Fermata 360 - VIBÒ,45.09428,7.67849,1396041.35,4994292.97,4775,15.2,BUS,"52, 67, 91, N10"
2814,Fermata 361 - CHIESA DELLA SALUTE,45.09222,7.67706,1395925.08,4994065.96,4766,32.1,BUS,"11, 52, 67, 91, N10"
2815,Fermata 362 - CHIESA DELLA SALUTE,45.09251,7.67765,1395972.03,4994097.42,4769,40.4,BUS,"52, 67, 91, N10"
8143,Fermata 3623 - VENTIMIGLIA CAP,45.03451,7.67265,1395472.87,4987660.61,4224,11.4,BUS,17
8106,Fermata 3628 - BENGASI OVEST,45.0178,7.66114,1394535.54,4985819.23,3278,18.9,BUS,"35, 43"
2816,Fermata 363 - BALDISSERA,45.08946,7.6787,1396049.12,4993757.24,7469,13.7,BUS,"11, 91, N10"
2817,Fermata 364 - BALDISSERA,45.08962,7.67858,1396039.97,4993775.17,7469,14.9,BUS,"11, 91, N10"
2818,Fermata 365 - CUNEO,45.08722,7.68076,1396207.17,4993505.75,4929,33.7,BUS,"11, 91, N10"
2819,Fermata 366 - CUNEO,45.088,7.68024,1396167.66,4993593.07,4751,12.1,BUS,"11, 91, N10"
8358,Fermata 3664 - DONATORE DI SANGUE CAP,45.09645,7.70032,1397762.97,4994506.2,5995,49.7,BUS,19N
8359,Fermata 3665 - MONTE ROSA,45.09798,7.7011,1397827.07,4994675.18,6000,29.0,BUS,19N
2820,Fermata 367 - FORTINO,45.08449,7.67993,1396136.9,4993203.54,4736,17.1,BUS,"46, 91, N10"
2821,Fermata 368 - FORTINO,45.08412,7.67991,1396134.66,4993162.46,4736,27.2,BUS,"46, 91, N10"
8604,Fermata 3683 - BRAMANTE CAP,45.04236,7.67234,1395462.76,4988533.07,4062,30.2,BUS,47
8709,Fermata 3687 - SOPRAELEVATA,45.12054,7.71649,1399077.78,4997162.07,6743,58.4,BUS,"SE1, SE2"
8710,Fermata 3688 - SOPRAELEVATA,45.12031,7.71505,1398964.12,4997138.32,6743,57.9,BUS,"SE1, SE2"
2822,Fermata 369 - MARIA AUSILIATRICE,45.08099,7.67752,1395940.88,4992817.82,4524,90.8,BUS,"46, 91, N10"
2823,Fermata 370 - MARIA AUSILIATRICE,45.0811,7.67775,1395959.18,4992829.74,4728,101.6,BUS,"46, 91, N10"
2824,Fermata 371 - RONDÒ FORCA,45.07893,7.67507,1395744.3,4992592.13,4316,52.2,"BUS, TRAM","10, 46, 91, N10"
2825,Fermata 372 - RONDÒ FORCA,45.0789,7.67548,1395776.51,4992588.27,4519,36.4,"BUS, TRAM","10, 46, 72, 72 /, 91, N10"
8802,Fermata 3726 - FOSSATA OVEST,45.09868,7.6859,1396632.36,4994772.27,5109,41.1,BUS,"3971, B1"
8803,Fermata 3727 - SAORGIO EST,45.09629,7.68385,1396466.75,4994509.39,4951,55.0,BUS,B1
8804,Fermata 3728 - FOSSATA EST,45.09874,7.68635,1396667.88,4994778.36,5109,72.3,BUS,B1
8805,Fermata 3729 - SAORGIO OVEST,45.0963,7.6834,1396431.36,4994511.07,4951,26.5,BUS,B1
2826,Fermata 373 - STATUTO NORD,45.07713,7.67032,1395367.15,4992398.3,4134,41.4,"BUS, TRAM","10, 46, 49, 72, 72 /, 91, N10"
8812,Fermata 3732 - DEL RIDOTTO,45.0922,7.67929,1396100.52,4994060.87,4767,30.4,BUS,B1
8813,Fermata 3733 - CERVINO,45.09211,7.67952,1396118.46,4994050.58,4767,31.0,BUS,B1
8817,Fermata 3734 - DE MARCHI,45.10735,7.67595,1395865.26,4995748.21,4589,39.5,BUS,69
8818,Fermata 3735 - VANINETTI,45.10787,7.67247,1395592.44,4995810.46,4391,77.3,BUS,69
8819,Fermata 3736 - SCIALOJA CAP MUFANT,45.10731,7.69003,1396972.85,4995725.72,5469,30.8,BUS,B1
8829,Fermata 3737 - CAPELLI,45.08364,7.63503,1392601.64,4993167.77,1479,122.2,BUS,71
8830,Fermata 3738 - SALBERTRAND,45.08352,7.63584,1392665.17,4993153.37,1636,65.7,BUS,71
8831,Fermata 3739 - OLEGGIO,45.08361,7.63295,1392437.89,4993167.2,1318,15.0,BUS,71
2827,Fermata 374 - STATUTO NORD,45.07723,7.67046,1395378.35,4992409.23,4136,26.5,"BUS, TRAM","10, 1085, 72, 72 /, 91, N10"
8853,Fermata 3742 - BIXIO CAP,45.06904,7.65559,1394192.8,4991518.74,3015,13.9,BUS,STAR 1
8854,Fermata 3743 - MANIN CAP,45.07177,7.70284,1397917.28,4991761.29,5934,19.5,BUS,STAR 1
8858,Fermata 3747 - D'AZEGLIO CAP,45.05112,7.68164,1396211.07,4989494.25,4848,51.6,BUS,STAR 2
2828,Fermata 375 - STATI UNITI,45.0652,7.66466,1394899.76,4991080.33,3538,21.2,"BUS, TRAM","10, 91, W15, W15B"
2829,Fermata 376 - POLITECNICO,45.06258,7.66277,1394746.16,4990791.73,3534,64.6,"BUS, TRAM","10, 33, 58, 58 /, 91, W15, W15B"
8909,Fermata 3764 - MAUTO,45.03115,7.67425,1395592.79,4987285.28,4219,52.1,BUS,"45, 45 /, 63 /"
2830,Fermata 377 - STATI UNITI,45.06467,7.66444,1394881.47,4991021.73,3721,43.9,"BUS, TRAM","10, 33, 58, 58 /, 91, W15, W15B"
2831,Fermata 378 - EINAUDI,45.06062,7.66136,1394631.55,4990575.83,3348,34.5,"BUS, TRAM","10, 33, 58, 58 /, 91, W15, W15B"
2832,Fermata 379 - EINAUDI,45.05975,7.66089,1394592.94,4990479.79,3343,18.3,"BUS, TRAM","10, 58, 58 /, 91"
2833,Fermata 380 - VESPUCCI,45.05754,7.65918,1394454.24,4990236.51,3153,17.5,"BUS, TRAM","10, 1085, 58, 58 /, 91"
2834,Fermata 381 - VESPUCCI,45.05729,7.65913,1394449.84,4990208.8,3336,23.6,"BUS, TRAM","10, 1085, 91"
2835,Fermata 382 - FRATELLI CARLE,45.05405,7.65666,1394249.38,4989852.09,2986,51.4,"BUS, TRAM","10, 1085, 91"
2836,Fermata 383 - FRATELLI CARLE,45.05422,7.657,1394276.47,4989870.53,3146,31.6,"BUS, TRAM","10, 1085, 91"
2837,Fermata 384 - CASERMA MONTE GRAPPA,45.05094,7.65447,1394071.19,4989509.47,2796,59.5,"BUS, TRAM","10, 91"
2838,Fermata 385 - CASERMA MONTE GRAPPA,45.05116,7.65482,1394099.16,4989533.45,2796,25.7,"BUS, TRAM","10, 91"
2839,Fermata 386 - CAPRERA,45.04817,7.65246,1393907.78,4989204.38,2792,33.4,"BUS, TRAM","10, 91"
2840,Fermata 387 - CAPRERA,45.04783,7.65243,1393904.79,4989166.65,2790,29.3,"BUS, TRAM","10, 91"
2841,Fermata 388 - SEBASTOPOLI,45.04402,7.64951,1393667.77,4988747.23,2429,35.5,"BUS, TRAM","10, 91"
2842,Fermata 389 - SEBASTOPOLI,45.04344,7.64929,1393649.37,4988683.09,2428,34.7,"BUS, TRAM","10, 91"
2843,Fermata 39 - PORTA NUOVA,45.06255,7.6791,1396031.78,4990767.27,4651,23.3,"BUS, TRAM","33, 35, 52, 6, 61, 64, 67, 68, 68+, 9, M1S"
2844,Fermata 390 - FILADELFIA,45.04142,7.64767,1393518.04,4988460.81,2251,33.0,"BUS, TRAM","10, 91"
2845,Fermata 391 - FILADELFIA,45.04092,7.6475,1393503.72,4988405.49,2425,30.5,"BUS, TRAM","10, 91"
2846,Fermata 392 - SAN MARINO,45.03736,7.64478,1393282.87,4988013.6,2245,57.3,"BUS, TRAM","10, 91"
2847,Fermata 393 - SAN MARINO,45.03822,7.64552,1393342.75,4988108.16,2053,60.6,"BUS, TRAM","10, 91"
2848,Fermata 394 - COSENZA,45.03521,7.64323,1393156.78,4987776.8,2049,50.5,"BUS, TRAM","10, 91"
2851,Fermata 4 - BRUNELLESCHI,45.07486,7.62455,1391760.26,4992206.37,807,16.8,BUS,"36, W01"
2852,Fermata 40 - PORTA NUOVA,45.06284,7.67883,1396011.05,4990799.84,4652,33.1,"BUS, TRAM","33, 52, 64, 67, 68, 7, 9, M1S, STAR 1"
2853,Fermata 400 - CHIESA DELLA SALUTE,45.09301,7.67619,1395858.06,4994154.85,4558,34.2,BUS,11
2854,Fermata 4001 - PALAGIUSTIZIA,45.07078,7.6617,1394676.99,4991704.06,3370,18.2,BUS,STAR 1
2861,Fermata 4016 - MAGENTA,45.06774,7.66222,1394712.34,4991365.67,3543,37.9,BUS,STAR 1
2867,Fermata 4024 - FERRARI,45.06898,7.69471,1397272.3,4991461.64,5544,15.3,BUS,STAR 1
2868,Fermata 4025 - MONTEBELLO,45.06951,7.69294,1397133.91,4991522.77,5353,18.0,BUS,STAR 1
2869,Fermata 4026 - GUASTALLA,45.07054,7.69747,1397492.36,4991631.44,5553,49.2,BUS,STAR 1
2891,Fermata 4058 - ROMA,45.06811,7.68366,1396400.84,4991379.09,5035,48.0,BUS,"STAR 1, STAR 2"
2903,Fermata 407 - DRUENTO,45.11369,7.6559,1394299.65,4996478.56,3265,43.0,BUS,"11, 77"
2913,Fermata 408 - CALTANISSETTA,45.11004,7.65917,1394550.14,4996068.8,3441,6.0,"BUS, TRAM","11, 77, 9"
2918,Fermata 4084 - CARLO EMANUELE II,45.06651,7.68824,1396758.51,4991195.48,5195,10.3,BUS,"STAR 1, STAR 2"
2919,Fermata 4089 - MUSEO SINDONE,45.07592,7.67667,1395864.76,4992255.68,4709,104.1,BUS,STAR 2
2920,Fermata 409 - CASTELLO CAP,45.07071,7.68682,1396654.3,4991663.88,5208,27.5,TRAM,7
2921,Fermata 4090 - PIAVE,45.07571,7.67555,1395776.22,4992233.8,4507,116.1,BUS,STAR 2
2922,Fermata 4091 - ORFANE,45.07508,7.67916,1396059.23,4992159.16,4707,11.8,BUS,STAR 2
2923,Fermata 4092 - ORFANE,45.07466,7.67855,1396010.45,4992113.29,4705,17.8,BUS,STAR 2
2924,Fermata 4093 - MILANO,45.07357,7.68163,1396250.92,4991988.24,4897,14.5,BUS,STAR 2
2930,Fermata 41 - MARCONI,45.05783,7.67712,1395867.32,4990245.47,4447,32.5,BUS,"24, 35, 93 /, M1S, S05, S05B"
2931,Fermata 410 - BROSSO,45.10845,7.66055,1394655.77,4995890.36,3439,10.0,"BUS, TRAM","11, 77, 9"
2934,Fermata 4104 - OSPEDALE GRADENIGO,45.06989,7.70496,1398080.82,4991549.76,5928,43.9,BUS,STAR 1
2940,Fermata 4107 - STATUTO,45.07693,7.67043,1395375.44,4992375.94,4134,34.5,BUS,"46, STAR 2"
2941,Fermata 4109 - BOLZANO CAP,45.07163,7.66651,1395057.18,4991792.24,3740,38.6,BUS,STAR 2
2942,Fermata 411 - VERONESE,45.11078,7.66066,1394668.72,4996149.06,3442,36.8,BUS,"11, 60, 77"
2943,Fermata 4110 - VITTORIO EMANUELE II,45.0649,7.67436,1395662.87,4991034.44,4270,37.0,BUS,STAR 1
2950,Fermata 4118 - BERTOLA,45.07342,7.67196,1395489.46,4991984.03,4302,21.9,BUS,STAR 2
2951,Fermata 4119 - GARIBALDI OVEST,45.07554,7.67335,1395602.74,4992217.75,4306,31.5,BUS,STAR 2
2953,Fermata 4120 - ALLIONI,45.07755,7.67204,1395503.29,4992442.73,4139,65.1,BUS,STAR 2
2955,Fermata 4123 - XVIII DICEMBRE,45.07353,7.66879,1395240.14,4992000.35,7425,18.7,BUS,STAR 2
2956,Fermata 413 - LARGO GROSSETO NORD,45.10574,7.66277,1394825.44,4995586.42,3622,49.3,"BUS, TRAM","11, 77, 9"
2957,Fermata 4134 - MAGENTA,45.06769,7.66393,1394846.86,4991357.89,3544,27.0,BUS,STAR 1
2958,Fermata 414 - LARGO GROSSETO NORD,45.10728,7.66249,1394806.24,4995757.86,3631,59.8,BUS,"11, 77"
2959,Fermata 415 - LARGO GROSSETO SUD,45.10479,7.6642,1394936.19,4995479.02,3807,30.7,BUS,"11, 3990, VEX, W60"
2960,Fermata 416 - LARGO GROSSETO SUD,45.10478,7.66403,1394922.8,4995478.13,3807,37.1,BUS,"11, 3165, 3329, 3990, VEX, W60"
2961,Fermata 417 - MADONNA DI CAMPAGNA,45.10208,7.66653,1395114.54,4995174.94,3996,2.9,BUS,"11, W60"
2962,Fermata 418 - MADONNA DI CAMPAGNA,45.10196,7.66677,1395133.2,4995161.29,3996,24.8,BUS,"11, W60"
2963,Fermata 419 - BREGLIO,45.09904,7.66918,1395317.47,4994833.78,4200,30.0,BUS,"11, W60"
2964,Fermata 42 - MARCONI,45.05773,7.67721,1395874.22,4990234.25,4446,29.5,BUS,"24, 35, 93 /, M1S, S05, S05B"
2965,Fermata 420 - BREGLIO,45.09929,7.66908,1395310.06,4994861.68,4200,57.4,BUS,"11, W60"
2966,Fermata 421 - LARGO GIACHINO SUD,45.09584,7.67279,1395595.67,4994473.62,4366,31.0,BUS,"11, 52"
2967,Fermata 422 - LARGO GIACHINO SUD,45.09601,7.67275,1395592.84,4994492.56,4366,47.8,"BUS, TRAM","10, 11, 52, 67"
2968,Fermata 423 - VITTORIA,45.09379,7.67514,1395776.85,4994242.85,4560,37.1,BUS,"11, 52, 67, 91, N10"
2969,Fermata 425 - RE UMBERTO,45.05746,7.66802,1395150.13,4990216.12,3892,44.9,TRAM,"15, 16 CS"
2970,Fermata 426 - GALILEO FERRARIS,45.05818,7.66654,1395034.92,4990298.03,3708,38.1,TRAM,"15, 16 CD"
2971,Fermata 427 - GALILEO FERRARIS,45.05855,7.66502,1394915.92,4990341.11,3707,45.7,"BUS, TRAM","15, 16 CS, 42"
2972,Fermata 428 - DE GASPERI,45.05916,7.66404,1394839.87,4990410.15,3527,51.2,"BUS, TRAM","15, 16 CD, 42"
2976,Fermata 432 - SICCARDI,45.07108,7.67573,1395781.97,4991719.21,4494,25.1,BUS,"67, W60"
2977,Fermata 433 - CERNAIA,45.07148,7.67484,1395712.64,4991764.8,4296,32.5,BUS,"52, 67"
2978,Fermata 434 - VITTIME DI BOLOGNA N.7,45.10094,7.72942,1400060.52,4994968.61,7105,83.8,BUS,"20, 27"
2982,Fermata 439 - CAMPANELLA CAP,45.0822,7.63227,1392381.72,4993011.47,1313,23.3,TRAM,13
2984,Fermata 440 - CAPELLI,45.08175,7.63507,1392601.25,4992957.76,1478,92.1,TRAM,13
2985,Fermata 441 - CAPELLI,45.0818,7.63538,1392625.74,4992962.9,1478,102.5,TRAM,13
2986,Fermata 442 - MONTE GRAPPA,45.0815,7.63801,1392832.17,4992926.08,1781,15.5,TRAM,13
2987,Fermata 443 - MONTE GRAPPA,45.08151,7.63871,1392887.28,4992926.27,1958,15.2,TRAM,13
2988,Fermata 444 - GHEMME,45.08115,7.64168,1393120.36,4992882.34,2142,58.0,TRAM,13
2989,Fermata 445 - GHEMME,45.08122,7.64214,1393156.7,4992889.51,2142,22.6,TRAM,13
2990,Fermata 446 - BELLI,45.08103,7.64478,1393364.13,4992864.92,2325,58.0,TRAM,13
2991,Fermata 447 - BELLI,45.08107,7.64505,1393385.45,4992869.01,2325,37.3,TRAM,13
2992,Fermata 448 - LECCE,45.08094,7.6466,1393507.2,4992852.52,2507,28.5,TRAM,13
2993,Fermata 449 - LECCE,45.08084,7.64769,1393592.81,4992839.98,2506,18.9,TRAM,13
2994,Fermata 45 - NIZZA,45.05167,7.67469,1395664.78,4989564.29,4432,39.4,BUS,"24, 35, 93 /, M1S"
2995,Fermata 450 - SVIZZERA,45.08023,7.64996,1393770.34,4992769.23,2672,27.4,TRAM,13
2996,Fermata 451 - SVIZZERA,45.08013,7.65061,1393821.31,4992757.27,2672,24.9,TRAM,13
2997,Fermata 452 - RISORGIMENTO,45.07963,7.65279,1393991.97,4992698.86,7334,8.4,TRAM,13
2998,Fermata 453 - RISORGIMENTO,45.07974,7.65231,1393954.39,4992711.71,7334,47.6,TRAM,13
3001,Fermata 456 - FABRIZI,45.0802,7.6562,1394261.41,4992757.72,3196,45.3,TRAM,"13, 16 CD, 9"
3002,Fermata 457 - FABRIZI,45.07997,7.65602,1394246.82,4992732.4,3039,18.5,TRAM,"13, 16 CS, 9"
3003,Fermata 458 - OSPEDALE MARIA VITTORIA,45.08117,7.65678,1394308.85,4992864.72,3198,9.6,"BUS, TRAM","13, 65"
3004,Fermata 459 - OSPEDALE MARIA VITTORIA,45.08111,7.65703,1394328.42,4992857.72,3198,11.2,"BUS, TRAM","13, 65"
3005,Fermata 46 - NIZZA,45.05182,7.67481,1395674.5,4989580.8,4247,30.7,BUS,"24, 35, 93 /, M1S"
3006,Fermata 460 - COLLEGNO,45.08005,7.65991,1394553.14,4992736.21,3385,39.5,"BUS, TRAM","13, 65"
3007,Fermata 461 - COLLEGNO,45.07992,7.66061,1394607.99,4992720.85,3385,18.6,"BUS, TRAM","13, 65"
3008,Fermata 462 - SCHINA,45.07867,7.6637,1394848.91,4992577.97,3573,22.5,"BUS, TRAM","13, 65"
3009,Fermata 463 - SCHINA,45.07861,7.66416,1394885.0,4992570.7,3573,14.4,"BUS, TRAM","13, 65"
3012,Fermata 466 - STATUTO,45.07691,7.66943,1395296.69,4992375.01,4135,23.9,"BUS, TRAM","13, 36, 56, 65, 94, W01"
3013,Fermata 467 - SICCARDI,45.07144,7.67444,1395681.08,4991760.87,4296,36.9,"BUS, TRAM","13, 13+, 19, 29, 51, 56, 59, 59 /, 7, 72, 72 /, 8, N10, W01, W15, W15B"
3014,Fermata 468 - SICCARDI,45.07119,7.67521,1395741.23,4991732.11,4296,35.9,"BUS, TRAM","13, 13+, 19, 29, 51, 56, 59, 59 /, 72, 72 /, 8, N10, W01, W15, W15B, W60"
3015,Fermata 469 - BERTOLA,45.07056,7.68136,1396224.22,4991654.21,4883,24.4,"BUS, TRAM","11, 13, 13+, 19, 51, 56, 8, N04, N04B, N10, W01, W15, W15B, W60"
3016,Fermata 47 - DANTE,45.04696,7.67285,1395511.31,4989043.43,4239,56.6,BUS,"24, 35, 93 /, M1S"
3017,Fermata 470 - BERTOLA,45.0705,7.68044,1396151.68,4991648.72,4686,16.7,"BUS, TRAM","13, 13+, 56, 72, 72 /, N10, W01, W15, W15B, W60"
3018,Fermata 471 - CASTELLO,45.07036,7.6855,1396549.76,4991626.69,5046,26.6,"BUS, TRAM","13, 13+, 15, 3990, 55, 56, N04, N04B, N10, S04, VEX, W01, W15, W15B, W60"
3019,Fermata 472 - CASTELLO,45.07064,7.68488,1396501.45,4991658.58,5045,25.1,"BUS, TRAM","13, 13+, 15, 3990, 55, 56, N04, N04B, N10, S04, STAR 2, VEX, W01, W15, W15B, W60"
3021,Fermata 474 - ACCADEMIA ALBERTINA,45.06828,7.69003,1396902.62,4991389.83,7491,8.3,"BUS, TRAM","13, 13+, 15, 55, 56, 7, N04, N10, S04, W01, W15, W15B, W60"
3022,Fermata 475 - ROSSINI,45.06806,7.69042,1396932.92,4991364.89,7490,17.5,"BUS, TRAM","13, 13+, 15, 55, 56, 61, N04, N04B, N10, S04, S05, S18, S18B, STAR 2, W01, W15, W15B, W60"
3023,Fermata 476 - SANT'OTTAVIO,45.06672,7.69244,1397089.54,4991213.46,5345,26.1,"BUS, TRAM","13, 13+, 15, 24, 55, 56, 61, 7, 93 /, N04, N10, S04, S05, S18, S18B, STAR 2, W01, W15, W15B, W60"
3024,Fermata 477 - SANT'OTTAVIO,45.0665,7.69282,1397119.06,4991188.54,5345,14.2,"BUS, TRAM","13, 13+, 15, 55, 56, 61, N04, N04B, N10, S04, S05, S18, S18B, STAR 2, W01, W15, W15B, W60"
3025,Fermata 478 - VITTORIO VENETO,45.06466,7.69561,1397335.41,4990980.59,5527,58.8,"BUS, TRAM","13, 13+, 15, 24, 30, 3990, 53, 55, 56, 61, 7, 70, 93 /, E68, E68B, N04, N04B, N08, N10, S04, S05, S18, S18B, S45, S45B, SPX, STAR 2, VEX, W01, W15, W15B, W60"
3026,Fermata 479 - VITTORIO VENETO,45.06492,7.69527,1397309.11,4991009.9,5532,55.0,"BUS, TRAM","13, 13+, 3990, 56, 61, E68, N04, N04B, N08, N10, S04, S05, S18, S18B, STAR 2, VEX, W01, W15, W15B, W60"
3027,Fermata 48 - DANTE,45.04701,7.67299,1395522.42,4989048.8,4239,49.3,BUS,"24, 35, 93 /, M1S"
3028,Fermata 480 - GRAN MADRE CAP,45.06271,7.69906,1397603.54,4990759.59,5713,10.8,TRAM,13
3029,Fermata 482 - SAPRI,45.01063,7.65281,1393865.94,4985033.6,2553,60.0,BUS,"34, 35, 38"
3030,Fermata 483 - ARTOM,45.00961,7.65086,1393710.39,4984922.85,2368,33.8,BUS,"34, 38"
3031,Fermata 484 - ARTOM,45.00958,7.65108,1393727.67,4984919.23,2550,26.5,BUS,"34, 35, 38"
3032,Fermata 485 - CASTELLO DI MIRAFIORI NORD,45.0107,7.64965,1393617.06,4985045.53,2369,74.1,BUS,"14, S18, S18B"
3033,Fermata 486 - CASTELLO DI MIRAFIORI,45.00904,7.6497,1393617.92,4984861.05,2367,32.9,BUS,"14, S18, S18B"
3034,Fermata 487 - GARRONE,45.01318,7.64912,1393579.89,4985321.73,2374,49.1,BUS,"14, S18, S18B"
3035,Fermata 488 - GARRONE,45.01208,7.64917,1393581.79,4985199.46,2371,37.9,BUS,"14, 35, S18, S18B"
3036,Fermata 489 - VIGLIANI,45.01636,7.64847,1393534.57,4985675.85,7304,22.0,BUS,"14, 35, S18, S18B"
3038,Fermata 490 - PANETTI,45.014,7.64873,1393550.68,4985413.33,2375,33.4,BUS,"14, S18, S18B"
3039,Fermata 491 - DUINO,45.01914,7.64912,1393590.93,4985983.82,2387,65.3,BUS,"1085, 14, S18, S18B"
3040,Fermata 492 - DUINO,45.01958,7.64898,1393580.72,4986032.88,2387,26.4,BUS,"14, S18, S18B"
3041,Fermata 493 - BOVETTI,45.01437,7.63761,1392675.14,4985469.12,1373,45.5,BUS,"34, 38, 63"
3042,Fermata 494 - BOVETTI,45.01427,7.63746,1392663.13,4985458.21,1373,48.5,BUS,"34, 38, 63"
3043,Fermata 495 - FLEMING - C.N.R.,45.01644,7.63843,1392743.62,4985697.99,1530,18.4,BUS,"34, 38, 63"
3044,Fermata 496 - FLEMING - C.N.R.,45.0168,7.63844,1392745.08,4985737.97,1530,22.0,BUS,"34, 38, 63"
3045,Fermata 497 - BARBERA,45.01881,7.6394,1392824.47,4985959.99,1690,43.3,BUS,63
3046,Fermata 498 - BARBERA,45.01836,7.63892,1392785.81,4985910.63,1690,19.4,BUS,63
3047,Fermata 499 - PIOBESI,45.02057,7.6406,1392922.31,4986153.92,7271,19.8,BUS,"1085, 1442, 43, 63, 99"
3048,Fermata 5 - EXILLES,45.07498,7.6318,1392331.16,4992210.02,1134,33.2,BUS,"36, W01"
3049,Fermata 50 - TEPICE,45.03981,7.67008,1395280.11,4988252.71,4056,25.7,BUS,"17, 18, 24, 35, 93 /, S18, S18B"
3050,Fermata 500 - PIOBESI,45.02035,7.64141,1392985.72,4986128.4,7272,29.4,BUS,"1085, 1442, 43, 63, 99"
3051,Fermata 5000 - VIGLIANI CAP,45.0177,7.65129,1393759.25,4985821.0,7318,45.2,BUS,24
3053,Fermata 5002 - DUINO,45.01858,7.65671,1394187.92,4985911.66,2944,36.0,BUS,24
3054,Fermata 5005 - COSENZA,45.03443,7.64298,1393135.63,4987690.48,2048,24.1,"BUS, TRAM","10, 91"
3055,Fermata 5007 - LAURO ROSSI EST,45.09465,7.69509,1397348.22,4994312.86,5637,25.5,BUS,"24, 27"
3056,Fermata 501 - VIGLIANI,45.01895,7.6442,1393202.93,4985969.19,2023,32.6,BUS,63
3057,Fermata 5010 - CASCINETTE,45.1157,7.70876,1398461.22,4996634.07,6366,15.4,BUS,"20, 4N"
3058,Fermata 5011 - CASCINETTE,45.1158,7.70945,1398515.67,4996644.31,6368,51.7,BUS,"20, 4N"
3060,Fermata 5016 - REGINA MARGHERITA,45.08579,7.65511,1394185.95,4993380.14,3060,34.4,BUS,22
3061,Fermata 502 - VIGLIANI,45.01975,7.64438,1393218.6,4986057.83,2024,56.7,BUS,63
3062,Fermata 5021 - REGINA MARGHERITA,45.08583,7.65437,1394127.79,4993385.55,3058,43.3,BUS,22
3070,Fermata 503 - TRAIANO OVEST,45.02273,7.64647,1393388.81,4986386.12,7287,58.6,BUS,63
3073,Fermata 504 - TRAIANO OVEST,45.0222,7.64594,1393346.07,4986327.94,2212,38.3,BUS,63
3075,Fermata 5042 - MAZZINI,45.06026,7.69215,1397055.11,4990496.18,5325,26.7,BUS,"24, 93 /, S05B, S45, S45B"
3076,Fermata 5043 - GIULIA DI BAROLO,45.06743,7.69687,1397439.56,4991286.71,5723,63.0,BUS,"24, 93 /, E68, E68B, N08"
3077,Fermata 5044 - VERDI,45.06655,7.6976,1397495.46,4991188.02,5720,12.0,BUS,"24, 93 /, E68, N08, S05B"
3078,Fermata 5047 - CAIO MARIO CAP,45.024,7.63597,1392563.94,4986541.09,1541,85.1,BUS,"91, 92"
3079,Fermata 505 - TRAIANO,45.02249,7.65095,1393741.32,4986353.57,2570,75.6,BUS,"1085, 14, 41, 63, 63 /, 74, 95, 95 /, S18, S18B"
3080,Fermata 5053 - PALAGIUSTIZIA,45.06913,7.65913,1394471.64,4991524.11,3363,57.8,BUS,"94, STAR 1"
3081,Fermata 5058 - TAZZOLI CAP,45.03503,7.62624,1391818.16,4987779.37,710,33.2,BUS,"93 /, 95, 96"
3082,Fermata 506 - TRAIANO,45.02263,7.65076,1393726.61,4986369.37,2570,84.0,BUS,"1085, 14, 41, 63, 63 /, 74, 95, 95 /, S18, S18B"
3083,Fermata 5061 - FACCIOLI CAP,45.02316,7.62269,1391516.1,4986465.49,536,56.4,BUS,"90, 94, 95 /, 97, 98"
3084,Fermata 5065 - ROSSINI,45.07164,7.69255,1397107.03,4991759.89,5363,17.7,BUS,"24, 93 /, N04, N04B, W01"
3085,Fermata 5066 - ROSSINI,45.07235,7.69216,1397077.61,4991839.26,5367,49.0,BUS,"24, 93 /"
3086,Fermata 5067 - MOLE ANTONELLIANA,45.07054,7.69364,1397190.86,4991636.3,5552,28.4,BUS,"24, 93 /, E68, E68B, N04, N04B, N08, W01"
3087,Fermata 5068 - MOLE ANTONELLIANA,45.07095,7.69339,1397171.92,4991682.17,5552,60.6,BUS,"24, 93 /, E68, E68B, N08"
3088,Fermata 5069 - PALAZZO NUOVO,45.06866,7.69552,1397335.49,4991425.06,5545,29.6,BUS,"24, 93 /, E68, E68B, N04, N04B, N08, W01"
3089,Fermata 507 - PASSO BUOLE,45.02466,7.6523,1393851.7,4986592.86,2574,31.4,BUS,"1085, 14, 41, 63, 63 /, 74, 95, 95 /, S18, S18B"
3090,Fermata 5070 - PALAZZO NUOVO,45.06918,7.69514,1397306.5,4991483.31,5546,20.4,BUS,"24, 93 /, E68, E68B, N08"
3091,Fermata 5071 - GIOLITTI,45.06218,7.6937,1397180.59,4990707.51,5524,68.1,BUS,"24, 93 /, S05B, S45, S45B"
3093,Fermata 5073 - AGNELLI,45.03038,7.64076,1392953.21,4987243.5,1866,52.6,BUS,"92, 93 /"
3094,Fermata 5074 - AGNELLI,45.03054,7.63934,1392841.65,4987263.15,1866,99.5,BUS,"91, 92, 93 /, 94, 95, 96, 99"
3097,Fermata 508 - PASSO BUOLE,45.02524,7.65225,1393848.83,4986657.36,2574,33.1,BUS,"1085, 14, 41, 63, 63 /, 74, 95, 95 /, S18, S18B"
3099,Fermata 5082 - CORDERO,45.04552,7.61856,1391233.11,4988955.01,389,150.8,BUS,98
3102,Fermata 5089 - PLAVA CAP,45.02308,7.60805,1390362.53,4986476.33,7171,13.9,BUS,99
3104,Fermata 5090 - STAZIONE LINGOTTO CAP,45.02534,7.65662,1394193.29,4986662.75,2953,42.3,BUS,"95, 95 /"
3106,Fermata 5094 - TAZZOLI,45.02893,7.64184,1393035.58,4987080.99,1864,39.2,BUS,93 /
3110,Fermata 51 - BISALTA,45.03639,7.66877,1395170.68,4987874.48,3853,21.3,BUS,"17, 18, 2014, 24, 35, 93 /, S18, S18B"
3111,Fermata 510 - ASUNCION,45.03429,7.64833,1393556.79,4987667.87,2418,38.6,BUS,"92, S04"
3113,Fermata 5102 - CATTANEO CAP,45.03576,7.62583,1391787.24,4987861.02,714,26.7,BUS,S05
3114,Fermata 511 - GIAMBONE,45.0305,7.65514,1394086.22,4987237.91,2762,22.1,BUS,"14, 63"
3121,Fermata 512 - UNIONE SOVIETICA,45.04136,7.65654,1394216.53,4988442.51,2975,15.0,BUS,"14, 17, 63"
3123,Fermata 5127 - LUNGO STURA CAP,45.11171,7.70817,1398407.73,4996191.56,6199,52.0,BUS,25
3125,Fermata 513 - GALIMBERTI,45.03271,7.653,1393921.72,4987486.22,2769,36.7,BUS,"14, 63"
3126,Fermata 514 - GALIMBERTI,45.03285,7.65637,1394187.44,4987497.36,2960,24.6,BUS,"14, 1435, 63"
3127,Fermata 515 - MADONNA DELLE ROSE,45.03423,7.65398,1394001.73,4987653.79,2776,19.3,BUS,"14, 63"
3128,Fermata 516 - MONTEVIDEO,45.03504,7.6577,1394296.25,4987738.91,3121,12.0,BUS,"14, 63"
3129,Fermata 517 - REDUZZI,45.03694,7.6557,1394142.21,4987952.59,2967,61.9,BUS,"14, 63"
3130,Fermata 518 - SPAVENTA,45.04013,7.661,1394565.54,4988300.05,3297,41.1,BUS,"17, 2014"
3131,Fermata 519 - SPANO,45.03968,7.65746,1394285.89,4988254.68,3127,39.0,BUS,"14, 63"
3132,Fermata 52 - BIGLIERI,45.03397,7.66782,1395091.43,4987606.87,3847,20.8,BUS,"18, 2014, 24, 34, 35, 93 /, S18, S18B"
3133,Fermata 520 - STEFFENONE,45.04182,7.66215,1394659.22,4988486.3,3484,34.6,BUS,"17, 2014"
3134,Fermata 521 - SEBASTOPOLI,45.03945,7.66041,1394517.82,4988225.28,3295,42.1,BUS,"14, 63"
3135,Fermata 522 - BRAMANTE,45.04437,7.66397,1394807.23,4988767.21,3490,24.8,BUS,"17, 2014"
3136,Fermata 523 - GIORDANO BRUNO,45.04527,7.66442,1394844.32,4988866.61,3492,24.3,BUS,66
3137,Fermata 525 - VITTORIO EMANUELE II,45.06418,7.67363,1395604.09,4990955.4,4269,28.2,"BUS, TRAM","14, 15, 33, 63"
3138,Fermata 526 - MATTEOTTI,45.06687,7.67598,1395793.99,4991251.2,4475,31.5,BUS,"11, 14, 63, 67"
3139,Fermata 527 - MATTEOTTI,45.06683,7.67535,1395744.32,4991247.57,4473,12.5,BUS,"14, 63, 67"
3141,Fermata 53 - FINALMARINA,45.03273,7.66734,1395051.35,4987469.74,3677,18.2,BUS,"18, 24, 34, 35, 93 /"
3142,Fermata 531 - BRISSOGNE CAP,45.06264,7.62105,1391461.62,4990853.53,611,30.6,"BUS, TRAM","15, W15, W15B"
3143,Fermata 532 - BIONAZ,45.06448,7.62192,1391533.6,4991056.77,614,33.2,"BUS, TRAM","15, 64, W15, W15B"
3144,Fermata 533 - DE SANCTIS,45.0644,7.623,1391618.47,4991046.43,612,21.7,"BUS, TRAM","15, 64, W15, W15B"
3145,Fermata 534 - BRUNELLESCHI,45.06429,7.62687,1391922.94,4991029.04,778,35.1,"BUS, TRAM","15, 64, W15, W15B"
3146,Fermata 535 - SACRA SAN MICHELE,45.06416,7.62882,1392076.22,4991011.99,946,27.5,"BUS, TRAM","15, 64, W15, W15B"
3147,Fermata 536 - MONTE CUCCO,45.06444,7.6314,1392279.86,4991039.66,1112,23.9,"BUS, TRAM","15, 64, W15, W15B"
3148,Fermata 537 - VITTORIO EMANUELE II,45.06423,7.67396,1395630.16,4990960.53,4268,12.0,"BUS, TRAM","14, 15, 33, 4, 63"
3149,Fermata 538 - SERAO,45.06455,7.63417,1392498.15,4991048.19,1457,18.2,"BUS, TRAM","15, 64, W15, W15B"
3150,Fermata 539 - MONTE CUCCO,45.06444,7.63238,1392357.02,4991038.35,1289,91.3,"BUS, TRAM","15, 64, W15, W15B"
8376,Fermata 54 - MILLEFONTI,45.02883,7.66583,1394925.26,4987038.45,3670,42.0,BUS,"24, 34, 93 /, S18, S18B"
3151,Fermata 540 - TRAPANI,45.0646,7.63731,1392745.45,4991049.58,1605,39.8,"BUS, TRAM","15, W15, W15B"
3152,Fermata 541 - TRAPANI,45.06455,7.63558,1392609.16,4991046.32,1606,56.2,"BUS, TRAM","15, 64, W15, W15B"
3153,Fermata 544 - GENOLA,45.06455,7.64103,1393038.22,4991039.1,1928,15.2,"BUS, TRAM","15, W15, W15B"
3154,Fermata 545 - GENOLA,45.06451,7.6406,1393004.3,4991035.22,1928,20.2,"BUS, TRAM","15, W15, W15B"
3155,Fermata 546 - RACCONIGI,45.06454,7.64545,1393386.18,4991032.15,2292,30.9,"BUS, TRAM","15, W15, W15B"
3157,Fermata 547 - RACCONIGI,45.06448,7.64413,1393282.15,4991027.22,2102,3.1,"BUS, TRAM","15, W15, W15B"
3158,Fermata 548 - SABOTINO OVEST,45.06474,7.64734,1393535.35,4991051.88,2478,10.0,"BUS, TRAM","15, W15, W15B"
3159,Fermata 549 - SABOTINO OVEST,45.06478,7.64811,1393596.05,4991055.31,2477,29.4,"BUS, TRAM","15, W15, W15B"
3160,Fermata 550 - SABOTINO EST,45.06504,7.65007,1393750.84,4991081.61,2479,43.6,BUS,"56, 94"
3161,Fermata 551 - GERMANASCA,45.06526,7.65247,1393940.19,4991102.9,2834,16.1,BUS,"56, 94"
3162,Fermata 552 - GERMANASCA,45.06519,7.65216,1393915.65,4991095.54,2834,9.5,BUS,"56, 94"
3164,Fermata 553 - FERRUCCI,45.0656,7.65579,1394202.19,4991136.33,3011,46.5,BUS,94
3165,Fermata 554 - FERRUCCI,45.06559,7.65634,1394245.47,4991134.5,3171,47.5,BUS,94
3166,Fermata 555 - BIXIO,45.06752,7.65853,1394421.44,4991346.04,3175,43.0,BUS,94
3167,Fermata 557 - PALAGIUSTIZIA,45.06931,7.66046,1394576.67,4991542.38,3362,54.7,"BUS, TRAM","55, 68, 9"
3168,Fermata 558 - PALAGIUSTIZIA,45.06957,7.66008,1394547.23,4991571.75,7379,27.1,"BUS, TRAM","55, 68, 9"
3169,Fermata 559 - INGHILTERRA,45.06861,7.66231,1394721.02,4991462.2,3547,15.5,BUS,68
3171,Fermata 561 - VINZAGLIO,45.06748,7.66555,1394974.01,4991332.46,3727,38.9,"BUS, TRAM","68, 9, M1S"
3172,Fermata 562 - VINZAGLIO,45.06764,7.66545,1394966.43,4991350.36,3730,39.3,"BUS, TRAM","68, 9"
3173,Fermata 563 - VITTORIO VENETO NORD,45.06571,7.69567,1397342.01,4991097.15,5532,42.3,"BUS, TRAM","15, 30, 53, 55, 70, E68B, N04, N04B, W01"
3174,Fermata 564 - SANTA GIULIA,45.06915,7.7001,1397696.91,4991473.69,5725,31.8,"BUS, TRAM","15, 30, 55, STAR 1"
3175,Fermata 565 - SAN MAURIZIO,45.06733,7.6977,1397504.72,4991274.55,5723,34.5,"BUS, TRAM","15, 30, 55"
3176,Fermata 566 - SAN MAURIZIO,45.06614,7.69944,1397639.58,4991140.15,5717,61.8,"BUS, TRAM","15, 30, 55"
3177,Fermata 567 - SANTA GIULIA,45.06774,7.70151,1397805.39,4991315.27,5922,8.6,"BUS, TRAM","15, 30, 55"
3178,Fermata 568 - REGINA MARGHERITA,45.06954,7.70383,1397991.24,4991512.31,5927,31.9,"BUS, TRAM","15, 30, 55"
3179,Fermata 569 - UNIONE SOVIETICA,45.04691,7.66136,1394606.35,4989052.77,3313,59.9,BUS,"14, 63"
3180,Fermata 57 - SOMMARIVA,45.02284,7.66352,1394732.3,4986376.02,3466,93.7,BUS,"18, 2014, 24, 34, 35, 93 /, S18, S18B"
3181,Fermata 570 - REGINA MARGHERITA,45.071,7.70241,1397882.06,4991676.29,5931,51.0,"BUS, TRAM","15, 55, 66, STAR 1"
3182,Fermata 571 - RICASOLI,45.07095,7.70567,1398138.59,4991666.63,6107,23.1,"BUS, TRAM","15, SPX"
3183,Fermata 572 - RICASOLI,45.07179,7.70559,1398133.79,4991760.04,6108,23.4,"BUS, TRAM","15, SPX"
3184,Fermata 573 - TORTONA,45.07209,7.70832,1398349.22,4991789.93,6110,61.0,"BUS, TRAM","15, 3107, 68, 77, E68, E68B"
3185,Fermata 574 - TORTONA,45.07226,7.70868,1398377.86,4991808.37,6285,88.0,"BUS, TRAM","15, 3006, 3107, 68, 77, E68, E68B"
3188,Fermata 577 - CHIETI,45.07294,7.71335,1398746.67,4991878.05,6477,16.3,"BUS, TRAM","15, 3107, 68, 77, E68, E68B"
3189,Fermata 578 - CHIETI,45.07314,7.714,1398798.19,4991899.46,6478,1.3,"BUS, TRAM","15, 3006, 3107, 68, 77, E68, E68B"
3190,Fermata 579 - BRIANZA,45.07374,7.71804,1399117.26,4991961.06,6654,47.7,"BUS, TRAM","15, 3107, 68, E68, E68B"
3191,Fermata 58 - BEINETTE,45.0202,7.66251,1394647.89,4986084.06,3281,16.8,BUS,"24, 34, 35, S18, S18B"
3192,Fermata 580 - BRIANZA,45.07376,7.71755,1399078.73,4991963.9,6655,71.9,"BUS, TRAM","15, 3006, 3107, 68, 77, E68, E68B"
3193,Fermata 581 - PALLANZA,45.0743,7.72134,1399378.01,4992019.16,6657,97.6,"BUS, TRAM","15, 68, E68, E68B"
3194,Fermata 582 - PALLANZA,45.07439,7.72131,1399375.8,4992029.2,6657,97.2,"BUS, TRAM","15, 19, 68, 77, E68, E68B"
3195,Fermata 583 - CADORE,45.07485,7.7246,1399635.58,4992076.21,6819,10.0,"BUS, TRAM","15, 3107, 68, E68, E68B"
3196,Fermata 584 - CADORE,45.07491,7.72432,1399613.65,4992083.22,6818,11.3,"BUS, TRAM","15, 3006, 3107, 68, E68, E68B"
3197,Fermata 585 - PASINI,45.07539,7.72987,1400051.35,4992129.67,6973,8.6,"BUS, TRAM","15, 3107, 68, E68"
3198,Fermata 586 - PASINI,45.07547,7.72987,1400051.49,4992138.56,6973,8.6,"BUS, TRAM","15, 3006, 3107, 68, E68, E68B"
3199,Fermata 587 - MONGRENO,45.07891,7.73215,1400236.94,4992517.9,7000,64.9,"BUS, TRAM","15, 3106, 3107, 61, 68, 78, E68"
3200,Fermata 588 - MONGRENO,45.0786,7.73218,1400238.76,4992483.42,7000,30.5,"BUS, TRAM","15, 3006, 3106, 3107, 61, 68, E68"
3201,Fermata 589 - SASSI-SUPERGA,45.08104,7.73076,1400131.25,4992756.24,7029,58.0,"BUS, TRAM","15, 3106, 3107, 61, 68, E68"
3202,Fermata 590 - SASSI-SUPERGA,45.08075,7.73079,1400133.11,4992723.98,7029,29.9,"BUS, TRAM","15, 3006, 3106, 3107, 61, 68, E68"
3203,Fermata 591 - CORIOLANO CAP,45.08132,7.73022,1400089.24,4992788.01,6842,89.4,TRAM,15
3204,Fermata 592 - SABOTINO CAP,45.06448,7.65035,1393771.84,4991019.04,2642,65.8,TRAM,16 CD
3205,Fermata 593 - VIGONE,45.06662,7.65122,1393844.3,4991255.63,2647,33.0,TRAM,16 CD
3206,Fermata 594 - ADRIANO OVEST,45.0696,7.65383,1394055.28,4991583.26,2843,63.2,TRAM,16 CD
3207,Fermata 595 - ADRIANO,45.07273,7.65586,1394220.86,4991928.31,3023,21.6,"BUS, TRAM","16 CD, 56, 9"
3209,Fermata 597 - BERNINI,45.07729,7.65639,1394271.0,4992434.19,3032,28.6,TRAM,"16 CD, 9"
3211,Fermata 60 - TESTONA,45.01931,7.66417,1394777.04,4985983.03,3460,47.5,BUS,"2014, 24, 34, 35"
3212,Fermata 600 - AUDITORIUM,45.07086,7.69209,1397069.42,4991673.82,5360,8.7,BUS,"18, 6, 68, 68+"
3223,Fermata 601 - MOLE ANTONELLIANA,45.07059,7.69381,1397204.33,4991641.64,5552,14.2,TRAM,16 CD
3234,Fermata 602 - PALAZZO NUOVO,45.06888,7.69551,1397335.09,4991449.52,5545,16.2,TRAM,16 CD
3244,Fermata 603 - VANCHIGLIA,45.06711,7.69724,1397468.12,4991250.69,5723,19.5,TRAM,16 CD
3255,Fermata 604 - VITTORIO VENETO,45.06491,7.69643,1397400.41,4991007.32,5530,15.6,"BUS, TRAM","13+, 16 CD, 24, 93 /, E68, N08, S05B"
3265,Fermata 605 - GIOLITTI,45.06242,7.69379,1397188.1,4990734.05,5524,40.9,TRAM,"16 CD, 7"
3276,Fermata 606 - MAZZINI,45.06026,7.69203,1397045.66,4990496.34,5325,20.8,TRAM,"16 CD, 7"
3287,Fermata 607 - DELLA ROCCA,45.05913,7.6891,1396812.93,4990374.54,7481,20.3,"BUS, TRAM","16 CD, 24, 33, 52, 7, 93 /, S05B"
3298,Fermata 608 - ELLERO,45.03431,7.66918,1395199.18,4987642.88,3848,27.7,BUS,17
3305,Fermata 609 - PELLICO,45.05667,7.68604,1396567.56,4990105.16,5018,20.3,TRAM,"16 CD, 9"
3315,Fermata 61 - SOMMARIVA,45.02294,7.66567,1394901.88,4986384.34,3655,37.1,BUS,"18, 24, 34, 35, 93 /"
3316,Fermata 610 - VALENTINO,45.05493,7.68479,1396466.0,4989913.47,5015,36.3,TRAM,"16 CD, 9"
3327,Fermata 611 - GIURIA,45.05248,7.68183,1396228.49,4989645.09,4850,19.1,TRAM,"16 CD, 9"
3338,Fermata 612 - MADAMA CRISTINA EST,45.05311,7.68003,1396087.89,4989717.38,4626,26.1,TRAM,"16 CD, 9"
3348,Fermata 613 - NIZZA,45.05387,7.67611,1395780.6,4989806.86,4248,59.0,TRAM,16 CD
3357,Fermata 614 - TURATI,45.05567,7.67097,1395379.14,4990013.45,4084,62.5,"BUS, TRAM","16 CD, 4, S05, S05B"
3360,Fermata 615 - RE UMBERTO,45.0569,7.66931,1395250.68,4990152.24,3891,26.1,TRAM,"16 CD, 4"
3369,Fermata 616 - DUCA DEGLI ABRUZZI,45.06006,7.66172,1394658.86,4990513.15,3346,23.1,"BUS, TRAM","15, 16 CD, 42"
3375,Fermata 6165 - ARTOM CAP,45.01624,7.64821,1393513.86,4985662.86,7304,3.2,BUS,S18
3380,Fermata 617 - MEDITERRANEO,45.06126,7.65858,1394413.84,4990650.55,3162,32.6,"BUS, TRAM","15, 16 CD, 33, 42, W15, W15B"
3389,Fermata 618 - FERRUCCI,45.06242,7.65556,1394178.21,4990783.36,3006,21.8,"BUS, TRAM","15, 16 CD, 33, 42, W15, W15B"
3398,Fermata 619 - SAN PAOLO,45.06358,7.65256,1393944.17,4990916.15,2830,28.5,"BUS, TRAM","15, 16 CD, 33, 42, W15, W15B"
3402,Fermata 62 - VALENZA,45.02505,7.66654,1394974.28,4986617.61,3658,28.5,BUS,"18, 2014, 24, 34, 35, 93 /, M1S"
3403,Fermata 620 - SABOTINO CAP,45.06411,7.65066,1393795.56,4990977.53,2642,18.6,TRAM,16 CS
3404,Fermata 621 - SAN PAOLO,45.06338,7.65272,1393956.39,4990893.73,2829,30.0,"BUS, TRAM","15, 16 CS, 33, 42, W15, W15B"
3405,Fermata 622 - FERRUCCI,45.06215,7.65569,1394187.95,4990753.2,3004,45.0,"BUS, TRAM","15, 16 CS, 33, 42, W15, W15B"
3406,Fermata 623 - MEDITERRANEO,45.06143,7.65758,1394335.43,4990670.74,3161,12.0,"BUS, TRAM","15, 16 CS, 33, 42, W15, W15B"
3407,Fermata 624 - DUCA DEGLI ABRUZZI,45.06039,7.66029,1394546.88,4990551.67,3349,29.3,"BUS, TRAM","15, 16 CS, 33, 42, W15, W15B"
3408,Fermata 625 - TURATI,45.05537,7.67089,1395372.3,4989980.23,4084,44.4,"BUS, TRAM","16 CS, S05, S05B"
3409,Fermata 626 - NIZZA,45.05371,7.67659,1395818.1,4989788.46,4248,100.1,TRAM,16 CS
3410,Fermata 627 - MADAMA CRISTINA,45.05322,7.67939,1396037.69,4989730.43,4626,26.0,TRAM,16 CS
3411,Fermata 628 - GIURIA,45.05234,7.68202,1396243.2,4989629.29,4850,39.2,TRAM,16 CS
3412,Fermata 629 - VALENTINO,45.05447,7.68451,1396443.12,4989862.72,5015,37.2,TRAM,"16 CS, 9"
3413,Fermata 63 - MILLEFONTI,45.02858,7.66805,1395099.69,4987007.8,3840,15.1,BUS,"18, 2014, 24, 34, 35, 93 /"
3414,Fermata 630 - PELLICO,45.05644,7.68597,1396561.64,4990079.7,5018,31.2,TRAM,"16 CS, 9"
3415,Fermata 631 - VITTORIO EMANUELE II,45.05902,7.68784,1396713.53,4990363.93,5173,24.8,TRAM,"16 CS, 9"
3416,Fermata 632 - DELLA ROCCA,45.05867,7.69004,1396886.12,4990322.24,5322,70.4,"BUS, TRAM","16 CS, 33, 52, S05B, S45, S45B, STAR 2"
3417,Fermata 633 - MAZZINI,45.06064,7.69239,1397074.69,4990538.09,7486,12.3,TRAM,16 CS
3418,Fermata 634 - GIOLITTI,45.06258,7.69398,1397203.35,4990751.59,5524,19.1,TRAM,16 CS
3419,Fermata 635 - VITTORIO VENETO EST,45.06516,7.69683,1397432.35,4991034.58,5530,56.8,"BUS, TRAM","16 CS, 30, E68, E68B, N08, S05B"
3420,Fermata 636 - VANCHIGLIA,45.06691,7.6975,1397488.23,4991228.14,5723,17.0,TRAM,16 CS
3421,Fermata 637 - PALAZZO NUOVO,45.06922,7.69523,1397313.66,4991487.64,5548,23.4,TRAM,16 CS
3422,Fermata 638 - MOLE ANTONELLIANA,45.07081,7.69363,1397190.56,4991666.31,5552,36.1,TRAM,16 CS
3423,Fermata 64 - GARESSIO,45.03063,7.66891,1395171.19,4987234.42,3843,32.0,BUS,"18, 2014, 24, 34, 35, 93 /, M1S"
3424,Fermata 640 - REGINA MARGHERITA,45.07306,7.69368,1397198.53,4991916.2,5562,37.6,"BUS, TRAM","16 CS, 18, 6, 68, 68+, E68, E68B, N08, STAR 1"
3426,Fermata 642 - PERGOLESI,45.09279,7.71431,1398857.3,4994082.01,6521,19.4,BUS,"49, 8, 93 /, N08"
3427,Fermata 643 - PERGOLESI,45.0931,7.71478,1398894.83,4994115.86,6524,35.7,BUS,"49, 8, 93 /, N08"
3428,Fermata 644 - BERNINI,45.077,7.6562,1394255.51,4992402.23,3188,26.4,TRAM,"16 CS, 9"
3430,Fermata 646 - ADRIANO,45.07246,7.65566,1394204.62,4991898.58,3021,43.7,"BUS, TRAM","16 CS, 56, 9"
3431,Fermata 648 - VINADIO,45.06899,7.6529,1393980.94,4991516.71,2842,84.7,TRAM,16 CS
3432,Fermata 649 - SABOTINO NORD,45.06512,7.64974,1393725.0,4991090.94,2479,27.3,TRAM,16 CS
3433,Fermata 65 - FINALMARINA,45.03216,7.66955,1395224.4,4987403.56,3844,31.3,BUS,"18, 24, 34, 35, 93 /"
3444,Fermata 66 - BAIARDI,45.03485,7.67066,1395316.74,4987700.95,4042,69.7,BUS,"18, 2014, 24, 34, 35, 42, 63 /, 74, 93 /, S18, S18B"
3453,Fermata 67 - SPEZIA,45.03718,7.67175,1395406.85,4987958.38,4049,35.6,BUS,"18, 2014, 24, 35, 93 /, M1S, S18, S18B"
3454,Fermata 670 - POLITECNICO,45.06277,7.66304,1394767.76,4990812.48,3534,42.0,"BUS, TRAM","10, 33, 58, 58 /, 91, W15, W15B"
3464,Fermata 68 - MOLINETTE OVEST,45.04163,7.67255,1395477.97,4988451.7,4232,82.4,BUS,"17, 18, 2014, 24, 35, 93 /, M1S, S18, S18B"
3475,Fermata 69 - PONCHIELLI CAP,45.08628,7.70511,1398121.77,4993370.36,5957,59.9,BUS,2
3476,Fermata 690 - GORINI,45.04179,7.59288,1389203.49,4988575.48,138,151.6,BUS,"38, 95, 97"
3477,Fermata 691 - GORINI OVEST,45.04261,7.59156,1389101.12,4988668.38,141,234.9,BUS,"38, 95, 97"
3478,Fermata 692 - GORINI,45.0393,7.59123,1389068.72,4988301.13,135,5.4,BUS,74
3479,Fermata 693 - GORINI CAP,45.03941,7.59166,1389102.81,4988312.76,135,37.4,BUS,74
3486,Fermata 70 - BOLOGNA,45.09169,7.71124,1398613.77,4993963.65,6332,21.5,BUS,2
3488,Fermata 702 - ALFIERI,45.05464,7.62404,1391681.91,4989960.8,767,27.1,BUS,56
3490,Fermata 704 - BOLOGNA,45.08759,7.70803,1398353.9,4993512.21,6151,48.3,BUS,2
3491,Fermata 705 - LESNA,45.05243,7.62361,1391643.87,4989715.86,602,55.2,BUS,56
3492,Fermata 706 - LESNA,45.05248,7.62328,1391617.98,4989721.86,602,38.2,BUS,56
3493,Fermata 707 - VEGLIA EST,45.05363,7.62842,1392024.9,4989842.74,929,9.8,BUS,56
3494,Fermata 708 - VEGLIA EST,45.05366,7.62807,1391997.39,4989846.54,929,33.1,BUS,56
3496,Fermata 71 - FUSINATO,45.09131,7.71104,1398597.36,4993921.69,6329,12.0,BUS,2
3497,Fermata 710 - GUIDO RENI,45.05386,7.63083,1392215.1,4989865.08,930,78.1,BUS,56
3498,Fermata 711 - SIRACUSA,45.05287,7.6338,1392447.11,4989751.14,1441,52.7,BUS,"56, 71"
3500,Fermata 713 - BAROCCHIO EST,45.05076,7.62057,1391401.33,4989534.42,599,36.5,BUS,17
3501,Fermata 714 - BAROCCHIO EST,45.05101,7.62136,1391464.01,4989561.13,598,29.6,BUS,17
3502,Fermata 715 - CASALEGNO,45.05059,7.62471,1391727.02,4989509.98,752,41.6,BUS,"17, 55"
3503,Fermata 716 - CASALEGNO,45.05087,7.62468,1391725.19,4989541.13,752,38.0,BUS,"17, 55"
3504,Fermata 717 - CRESCENZIO,45.05045,7.62782,1391971.66,4989490.27,920,38.1,BUS,"17, 55"
3505,Fermata 718 - GUIDO RENI,45.05054,7.63022,1392160.82,4989497.07,7209,13.9,BUS,"17, 55"
3506,Fermata 719 - GUIDO RENI,45.05009,7.6305,1392182.03,4989446.71,7210,25.0,BUS,"17, 55, 62"
3507,Fermata 72 - CORELLI,45.0939,7.70649,1398243.92,4994215.13,6167,31.2,BUS,2
3508,Fermata 720 - SIRACUSA,45.04961,7.63283,1392364.61,4989390.28,7223,12.4,BUS,"17, 55, 62"
3509,Fermata 721 - SIRACUSA,45.04908,7.63335,1392404.56,4989330.71,1271,38.7,BUS,"17, 55, 62"
3510,Fermata 722 - SIRACUSA EST,45.04842,7.63627,1392633.28,4989253.51,1585,18.8,BUS,"1442, 17, 55, 62"
3511,Fermata 723 - SIRACUSA EST,45.04836,7.6356,1392580.4,4989247.74,1430,14.4,BUS,"1442, 17, 55, 62"
3512,Fermata 724 - ROVERETO,45.04714,7.63906,1392850.6,4989107.62,1731,37.2,BUS,"1085, 17, 55, 62"
3513,Fermata 725 - ROVERETO,45.04757,7.63872,1392824.63,4989155.84,1732,41.9,BUS,"1085, 17, 55, 62"
3514,Fermata 726 - GORIZIA,45.04643,7.64109,1393009.14,4989026.06,1898,38.9,BUS,"17, 55, 62"
3515,Fermata 727 - GORIZIA,45.0467,7.64131,1393026.97,4989055.76,1898,43.1,BUS,"17, 55, 62"
3516,Fermata 728 - ORBASSANO,45.04553,7.64359,1393204.35,4988922.77,2077,30.1,BUS,"17, 62"
3517,Fermata 729 - ORBASSANO,45.04543,7.64521,1393331.74,4988909.53,2259,50.7,BUS,"17, 62"
3518,Fermata 73 - CHERUBINI,45.09351,7.70641,1398236.93,4994171.91,6165,12.2,BUS,2
3521,Fermata 734 - TUNISI,45.04075,7.6578,1394314.64,4988373.1,3129,16.1,BUS,"14, 17, 63"
3522,Fermata 735 - TUNISI,45.04079,7.65819,1394345.43,4988377.04,3129,15.1,BUS,17
3523,Fermata 736 - SEBASTOPOLI SUD,45.04009,7.66115,1394577.28,4988295.41,3297,44.2,BUS,"17, 2014"
3524,Fermata 737 - STEFFENONE,45.04241,7.66278,1394709.92,4988551.02,3485,18.8,BUS,"17, 2014"
3525,Fermata 738 - BRAMANTE,45.04456,7.66429,1394832.78,4988787.9,3490,53.3,BUS,"17, 2014"
3526,Fermata 739 - CARDUCCI,45.04173,7.67083,1395342.68,4988465.03,4060,24.8,BUS,"17, 18, 24, 35, 93 /, M1S, S18, S18B"
3527,Fermata 74 - OSPEDALE GIOVANNI BOSCO,45.09592,7.70151,1397855.66,4994445.82,5993,55.7,BUS,"2, 75"
3528,Fermata 740 - CARDUCCI,45.04303,7.67084,1395345.84,4988609.44,4066,8.5,BUS,"17, 2014, 66"
3530,Fermata 745 - SETTEMBRINI C.20,45.0303,7.61637,1391031.73,4987267.16,357,60.1,BUS,"1085, 1510, 1511, 2014, 3106, 3329, 38, 43, 90, 91, 92, 94, 95 /, 96, 97, 98, 99"
3532,Fermata 747 - SOFIA CAP,45.09432,7.71687,1399061.44,4994248.78,6705,49.1,BUS,"18, N08"
3533,Fermata 748 - SOFIA,45.09435,7.71594,1398988.31,4994253.27,6704,31.5,BUS,"18, 49, 8, 93 /, N08"
3534,Fermata 749 - CROCE ROSSA,45.08909,7.71008,1398517.88,4993676.27,6325,35.1,BUS,"2, 3006, 3092, 3107, 3131, 3133, 3166, 49, 8, 93 /, N08"
3535,Fermata 75 - AMBROSIO,45.09476,7.70337,1397999.94,4994314.6,5987,22.8,BUS,2
3536,Fermata 750 - CROCE ROSSA,45.08907,7.71031,1398535.95,4993673.76,6325,21.3,BUS,"2, 3006, 3092, 3107, 3131, 3133, 3166, 49, 5135, 8, 93 /, N08"
3537,Fermata 751 - CIMAROSA,45.08818,7.7079,1398344.71,4993577.92,6151,24.6,BUS,"49, 8, 93 /, N08"
3538,Fermata 752 - CIMAROSA,45.08818,7.70836,1398380.91,4993577.34,6151,51.9,BUS,"2, 49, 8, 93 /, N08"
3539,Fermata 753 - PONCHIELLI,45.08685,7.70492,1398107.83,4993433.92,5957,49.9,BUS,"3006, 3092, 3107, 3131, 3133, 3166, 49, 8, 93 /, N08"
3540,Fermata 754 - PONCHIELLI,45.08664,7.70486,1398102.74,4993410.66,5957,33.8,BUS,"3006, 3092, 3107, 3131, 3133, 3166, 49, 5135, 8, 93 /, N08"
3541,Fermata 755 - PACINI,45.08504,7.70097,1397793.75,4993237.83,5777,19.9,BUS,"49, 8, 93 /, N08"
3542,Fermata 756 - PACINI,45.08472,7.70076,1397776.65,4993202.54,5777,19.5,BUS,"49, 8, 93 /, N08"
3543,Fermata 757 - NOVARA,45.08358,7.69768,1397532.21,4993079.8,5772,44.0,BUS,"3006, 3092, 3107, 3131, 3133, 3166, 49, 8, 93 /, N08"
3544,Fermata 758 - NOVARA,45.08347,7.69787,1397546.97,4993067.34,5773,33.6,BUS,"3006, 3092, 3107, 3131, 3133, 3166, 49, 5135, 75, 8, 93 /, N08"
3545,Fermata 759 - PADOVA,45.08221,7.69487,1397308.61,4992931.17,5582,18.9,BUS,"18, 8, 93 /, N08"
3546,Fermata 76 - MONTE ROSA,45.09623,7.6997,1397713.79,4994482.54,5817,42.8,BUS,"2, 4N, 50, 75, 92"
3547,Fermata 760 - PADOVA,45.08264,7.69589,1397389.65,4992977.64,5584,14.5,BUS,"18, 8, 93 /, N08"
3548,Fermata 761 - VITTORIO EMANUELE II,45.06109,7.6853,1396517.28,4990597.13,5024,50.8,BUS,"18, 24, 6, 61, 68, 68+, 93 /, S05, S18, S18B"
3549,Fermata 762 - PARMA,45.08072,7.69164,1397051.71,4992769.75,5396,11.8,BUS,"18, 3006, 3092, 3107, 3131, 3133, 3166, 5135, 8, N08"
3550,Fermata 763 - PARMA,45.08032,7.69069,1396976.22,4992726.52,5394,10.5,BUS,"18, 3006, 3092, 3107, 3131, 3133, 3166, 8, N08"
3551,Fermata 764 - DORA SAVONA,45.07875,7.68811,1396770.33,4992555.4,7483,33.5,BUS,"11, 18, 8, N08"
3552,Fermata 765 - DORA SAVONA,45.07882,7.68825,1396781.48,4992563.0,7482,25.5,BUS,"18, 50, 8, N08"
3553,Fermata 766 - FIOCHETTO,45.07616,7.68663,1396649.17,4992269.57,5058,42.6,BUS,"11, 18, 8, N08"
3554,Fermata 767 - FIOCHETTO,45.07632,7.68684,1396665.99,4992287.07,5218,33.1,BUS,"18, 19, 50, 8, N08"
3555,Fermata 768 - AUDITORIUM,45.07133,7.69247,1397100.18,4991725.55,5363,19.0,BUS,"18, 6, 68, 68+, STAR 1"
3556,Fermata 769 - PO,45.06872,7.69059,1396947.49,4991438.0,5352,37.4,BUS,"18, 6, 68, 68+, STAR 1"
3557,Fermata 77 - MONTE ROSA,45.09817,7.69893,1397656.67,4994699.04,5825,77.0,BUS,"2, 3006, 3092, 3107, 3131, 3133, 3166, 4N, 50, 5135"
3558,Fermata 770 - PO,45.06764,7.68987,1396888.87,4991318.94,7490,62.5,BUS,"18, 24, 6, 61, 68, 68+, 93 /, S05, S18, S18B, STAR 1, STAR 2"
3559,Fermata 772 - GIOLITTI,45.06557,7.6884,1396769.42,4991090.86,5191,47.0,BUS,"18, 6, 61, 68, 68+, S05, S18, S18B, STAR 1"
3560,Fermata 773 - GIOLITTI,45.06531,7.68827,1396758.71,4991062.14,5188,45.6,BUS,"18, 24, 6, 61, 68, 68+, 93 /, S05, S18, S18B"
3561,Fermata 774 - CAVOUR,45.06395,7.68713,1396666.51,4990912.51,5184,20.6,BUS,"18, 6, 61, 68, 68+, S05, S18, S18B, STAR 1"
3562,Fermata 775 - CAVOUR,45.06346,7.68697,1396653.03,4990858.28,5182,5.1,BUS,"18, 24, 6, 61, 68, 68+, 93 /, S05, S18, S18B"
3563,Fermata 777 - MADAMA CRISTINA,45.06069,7.68447,1396451.21,4990553.76,5025,21.5,"BUS, TRAM","33, 52, 67, 9"
3564,Fermata 778 - VITTORIO EMANUELE II,45.06108,7.68522,1396510.96,4990596.12,5024,47.0,BUS,"18, 6, 61, 68, 68+, S05, S18, S18B, STAR 1"
3565,Fermata 779 - SAN PIO V,45.05996,7.6845,1396452.25,4990472.62,5023,59.8,BUS,"67, STAR 2"
3566,Fermata 78 - OSPEDALE GIOVANNI BOSCO,45.09747,7.6991,1397668.79,4994621.06,5819,63.7,BUS,"2, 3006, 3092, 3107, 3131, 3133, 3166, 75, 92"
3567,Fermata 780 - PELLICO,45.05799,7.683,1396330.58,4990255.7,4853,52.5,BUS,"18, 67, S18, S18B"
3568,Fermata 781 - PELLICO,45.05757,7.68286,1396318.8,4990209.22,4853,91.2,BUS,"18, 67, S18, S18B, STAR 2"
3569,Fermata 782 - MARCONI,45.05616,7.68168,1396223.34,4990054.09,4630,52.2,BUS,"18, 67, S18, S18B"
3570,Fermata 783 - MARCONI,45.05492,7.68096,1396164.4,4989917.26,4629,18.5,BUS,"18, 67, S18, S18B, STAR 2"
3571,Fermata 784 - VALPERGA CALUSO,45.0536,7.67995,1396082.48,4989771.92,4626,49.8,BUS,"18, 67, S18, S18B"
3572,Fermata 785 - VALPERGA CALUSO,45.05233,7.67929,1396028.21,4989631.68,4626,100.6,BUS,"18, 67, S18, S18B, STAR 2"
3573,Fermata 786 - DONIZETTI,45.05033,7.67761,1395892.28,4989411.66,4430,122.2,BUS,"18, S18, S18B"
3574,Fermata 787 - DONIZETTI,45.04954,7.67718,1395856.99,4989324.46,4430,28.4,BUS,"18, S18, S18B"
3575,Fermata 788 - FOSCOLO,45.04794,7.67607,1395766.67,4989148.14,4428,12.3,BUS,"18, S18, S18B"
3576,Fermata 789 - PETITTI,45.04633,7.67491,1395672.39,4988970.78,4426,86.1,BUS,"18, S18, S18B"
3577,Fermata 79 - DERNA SUD,45.10127,7.69977,1397728.3,4995042.36,5838,33.8,BUS,"2, 3006, 3092, 3107, 3131, 3133, 3166, 4N, 50, 5135"
3578,Fermata 790 - GRAF,45.04424,7.67338,1395548.09,4988740.58,4235,32.6,BUS,"18, S18, S18B"
3579,Fermata 791 - GRAF,45.04405,7.67334,1395544.59,4988719.52,4234,25.2,BUS,"18, S18, S18B"
3580,Fermata 792 - NIZZA,45.02201,7.66284,1394677.21,4986284.7,3466,46.2,BUS,"18, 93 /, S18, S18B"
3581,Fermata 793 - TROFARELLO,45.0227,7.66041,1394487.02,4986364.52,3111,22.7,BUS,"18, 93 /, S18, S18B"
3582,Fermata 794 - CAIO PLINIO,45.02394,7.65545,1394098.53,4986508.75,2751,13.5,BUS,93 /
3583,Fermata 795 - CAIO PLINIO,45.02398,7.65487,1394052.91,4986513.95,2751,35.7,BUS,"18, 93 /, S18, S18B"
3584,Fermata 796 - STADIO BASEBALL,45.02516,7.65194,1393824.26,4986648.88,2574,36.0,BUS,"18, 93 /"
3585,Fermata 797 - STADIO BASEBALL,45.02504,7.65178,1393811.43,4986635.76,2574,40.7,BUS,"18, 93 /"
3586,Fermata 798 - SIDOLI,45.02691,7.64668,1393413.11,4986850.2,2226,64.1,BUS,"18, 93 /"
3587,Fermata 799 - SIDOLI,45.02676,7.64685,1393426.23,4986833.31,2226,44.9,BUS,"18, 93 /"
3588,Fermata 80 - DERNA SUD,45.10118,7.69943,1397701.39,4995032.79,5837,25.7,BUS,"2, 24, 3006, 3092, 3107, 3131, 3133, 3166, 4N, 50"
3589,Fermata 800 - UNIONE SOVIETICA,45.02843,7.64226,1393067.74,4987024.89,1863,27.4,BUS,"18, 93 /"
3590,Fermata 801 - CASANA,45.02782,7.64384,1393191.07,4986955.04,2036,12.2,BUS,"18, 93 /"
3591,Fermata 803 - TRAIANO,45.0258,7.63852,1392768.2,4986737.67,1695,37.2,TRAM,4
3593,Fermata 805 - CAIO MARIO,45.02412,7.63676,1392626.4,4986553.37,1541,26.1,TRAM,4
3598,Fermata 81 - REBAUDENGO,45.10331,7.69661,1397483.33,4995272.98,5848,46.1,BUS,"2, 22, 3106, 3545, 62, N04, N04B"
3616,Fermata 82 - REBAUDENGO,45.10314,7.69654,1397477.52,4995254.19,5848,44.7,BUS,"2, 22, 3106, 3545, 62, N04, N04B"
3617,Fermata 820 - SETTEMBRINI,45.0305,7.61553,1390965.94,4987290.51,214,15.0,TRAM,10
3618,Fermata 821 - TROFARELLO,45.02239,7.66094,1394528.21,4986329.39,3284,33.2,BUS,"18, 93 /, S18, S18B"
3647,Fermata 83 - STAZIONE GROSSETO,45.10533,7.66679,1395140.95,4995535.64,4004,37.2,BUS,"2, 22, 60, 75"
8070,Fermata 8301 - STAZIONE SASSI,45.08061,7.73185,1400216.29,4992707.12,7560,42.1,BUS,79
8071,Fermata 8302 - PRIMA GALLERIA,45.08303,7.74194,1401014.62,4992963.56,7050,60.3,BUS,79
8072,Fermata 8303 - RADDOPPIO,45.08044,7.74863,1401536.69,4992667.67,7024,106.7,BUS,79
8073,Fermata 8304 - PIAN GAMBINO,45.07856,7.75747,1402229.24,4992448.09,6999,54.9,BUS,79
8074,Fermata 8305 - STAZIONE DI SUPERGA (BASILICA),45.08146,7.76631,1402929.95,4992759.6,7032,81.4,BUS,79
8700,Fermata 8320 - ROMOLO E REMO EST,45.11312,7.70766,1398370.11,4996348.84,6364,75.5,BUS,4N
8769,Fermata 8325 - DON MINZONI,45.054,7.62231,1391544.48,4989892.02,763,123.7,BUS,56
8894,Fermata 8335 - PINEROLO,45.08903,7.68328,1396408.76,4993703.6,4933,24.2,BUS,46
8944,Fermata 8348 - ALFIERI CAP,45.06871,7.67748,1395915.42,4991453.68,4487,9.0,BUS,"14, 29, 63"
3658,Fermata 84 - PORTA PALAZZO NORD,45.07743,7.68411,1396453.11,4992413.88,5065,35.8,"BUS, TRAM","11, 4, 51, 92, N04, N04B"
3669,Fermata 85 - ALA DI STURA,45.10408,7.68667,1396702.69,4995371.18,5268,28.3,BUS,"2, 22, B1"
3672,Fermata 852 - MACEDONIA,45.07398,7.604,1390141.0,4992136.32,152,161.1,BUS,"33, 36, M1S, W01"
8941,Fermata 8524 - ROSCES,45.09452,7.69485,1397329.1,4994298.73,5637,27.0,BUS,75
3673,Fermata 853 - MACEDONIA,45.07386,7.60412,1390150.21,4992122.83,148,151.8,BUS,"33, 36, W01"
3674,Fermata 854 - RIETI NORD,45.07415,7.60837,1390485.31,4992149.28,155,12.7,BUS,"33, 36, W01"
3675,Fermata 855 - RIETI NORD,45.07405,7.60875,1390515.03,4992137.65,155,34.6,BUS,"33, 36, W01"
3676,Fermata 856 - VAL LAGARINA,45.0718,7.60948,1390568.19,4991886.71,258,54.0,BUS,33
3677,Fermata 857 - VANDALINO,45.07185,7.61103,1390690.3,4991890.17,264,12.5,BUS,33
3678,Fermata 858 - ERITREA,45.07155,7.61355,1390888.1,4991853.44,260,31.7,BUS,33
3679,Fermata 859 - ERITREA,45.06993,7.61286,1390830.7,4991674.4,255,31.6,BUS,33
3680,Fermata 86 - ALA DI STURA,45.10402,7.68556,1396615.26,4995365.93,5118,57.1,BUS,"2, 22, B1"
3681,Fermata 860 - DE SANCTIS,45.07168,7.61715,1391171.73,4991863.03,422,29.2,BUS,33
3682,Fermata 861 - DE SANCTIS,45.07012,7.61734,1391183.73,4991689.47,414,29.9,BUS,33
3683,Fermata 862 - VANDALINO,45.0712,7.61834,1391264.5,4991808.11,419,45.8,BUS,"40, 62, 90, VE1"
3684,Fermata 863 - FIDIA,45.0713,7.62137,1391503.21,4991815.15,624,48.2,BUS,33
3685,Fermata 864 - FIDIA OVEST,45.07184,7.62079,1391458.57,4991875.91,627,50.1,BUS,33
3686,Fermata 865 - TRECATE,45.072,7.62512,1391799.72,4991887.89,7199,49.6,BUS,"33, 42"
3687,Fermata 866 - BRUNELLESCHI,45.07201,7.62434,1391738.34,4991890.04,796,87.9,BUS,"33, 42"
3688,Fermata 867 - MARSIGLI,45.07204,7.62888,1392095.78,4991887.31,959,40.1,BUS,"33, 42"
3689,Fermata 868 - MARSIGLI,45.07212,7.62863,1392076.25,4991896.53,959,25.2,BUS,"33, 42"
3690,Fermata 869 - MONTE CUCCO,45.07101,7.63288,1392408.72,4991767.55,1297,75.1,BUS,"33, 42"
3691,Fermata 87 - CHIESA DELLA SALUTE,45.10437,7.68198,1396334.24,4995409.4,4963,36.7,BUS,"2, 22, 3545"
3692,Fermata 870 - MONTE CUCCO,45.0711,7.63293,1392412.82,4991777.48,1297,75.4,BUS,"33, 42"
3693,Fermata 871 - TRAPANI,45.06918,7.6376,1392776.85,4991557.99,1614,43.1,BUS,"33, 42"
3694,Fermata 872 - TRAPANI,45.06955,7.63719,1392745.26,4991599.63,1614,13.8,BUS,"33, 42, 68"
3695,Fermata 873 - CAPRIOLO,45.0676,7.64177,1393102.17,4991376.94,1933,27.9,BUS,"22, 33, 42"
3696,Fermata 874 - CAPRIOLO,45.06781,7.6416,1393089.18,4991400.5,1933,23.9,BUS,"22, 33, 42"
3697,Fermata 875 - RACCONIGI,45.06656,7.64444,1393310.43,4991257.88,2111,50.6,BUS,"22, 33, 42"
3698,Fermata 876 - RACCONIGI,45.06677,7.64432,1393301.37,4991281.37,2112,27.6,BUS,"22, 33, 42"
3699,Fermata 877 - SABOTINO OVEST,45.06514,7.64811,1393596.72,4991095.3,2480,35.1,BUS,"33, 42, 56, 94"
3700,Fermata 878 - GALILEO FERRARIS,45.06355,7.66868,1395213.23,4990891.81,3904,35.0,BUS,"12, 33, 58, 58 /, STAR 1"
3701,Fermata 879 - GALILEO FERRARIS,45.06373,7.66795,1395156.09,4990912.75,3905,24.4,BUS,"12, 33, 58, 58 /, STAR 1"
3702,Fermata 88 - CHIESA DELLA SALUTE,45.10416,7.68189,1396326.78,4995386.19,4962,41.4,BUS,"1085, 2, 22, 3106, 3545, B1"
3703,Fermata 880 - LAMARMORA,45.06303,7.67038,1395346.12,4990831.84,4096,49.6,BUS,"12, 33, 58, 58 /"
3704,Fermata 881 - RE UMBERTO,45.06251,7.67117,1395407.37,4990773.05,4096,63.0,BUS,"12, 33, 58, 58 /"
3708,Fermata 885 - SESTRIERE,45.01383,7.6594,1394391.14,4985380.47,3105,116.0,BUS,"34, 38"
3709,Fermata 886 - MONASTIR,45.0149,7.65473,1394025.12,4985505.44,2738,32.5,BUS,"34, 38"
3710,Fermata 887 - OSPEDALE SANT'ANNA,45.03638,7.67348,1395541.66,4987867.28,4227,25.0,BUS,17
3712,Fermata 89 - ROCCAVIONE,45.1047,7.67626,1395884.83,4995453.41,4587,18.8,BUS,"2, 22"
3723,Fermata 9 - RUBIANA,45.07528,7.63933,1392924.44,4992233.35,1946,18.1,BUS,"36, W01"
3724,Fermata 90 - ROCCAVIONE,45.10445,7.6773,1395966.19,4995424.3,4793,24.4,BUS,"2, 22"
3730,Fermata 9019 - XX SETTEMBRE,45.06908,7.68103,1396195.56,4991490.22,4679,40.8,BUS,STAR 2
3738,Fermata 906 - BATTISTI,45.01224,7.65944,1394391.36,4985203.79,2940,175.5,BUS,"35, 81"
3739,Fermata 907 - BATTISTI,45.01243,7.65967,1394409.84,4985224.59,2940,182.9,BUS,"35, 81"
3740,Fermata 908 - BENGASI SUD,45.01545,7.66066,1394493.4,4985558.79,3274,113.7,BUS,"1442, 34, 35, 38, 81"
3741,Fermata 909 - BENGASI NORD,45.01795,7.66156,1394568.9,4985835.35,3278,34.1,BUS,"34, 35, 38, 45, 81"
3742,Fermata 91 - CASTELDELFINO,45.10489,7.67237,1395579.13,4995479.54,4388,50.6,BUS,"2, 22, 75"
3745,Fermata 912 - LINGOTTO,45.03111,7.66672,1394999.55,4987290.58,3674,39.9,BUS,"18, 2014, 24, 34, 35, 93 /, M1S, S18, S18B"
3747,Fermata 914 - BENGASI NORD,45.0181,7.6619,1394595.97,4985851.57,3279,61.0,BUS,"34, 35, 38, 45, 81"
3772,Fermata 94 - STAZIONE GROSSETO,45.10503,7.66489,1394990.92,4995504.78,3809,36.5,BUS,"1085, 2, 22, 3971, 60, 75, 77"
3783,Fermata 95 - MADONNA DI CAMPAGNA,45.10389,7.66229,1394784.27,4995381.52,7404,27.1,"BUS, TRAM","1085, 2, 9"
3786,Fermata 952 - ALPIGNANO,45.07592,7.65205,1393926.86,4992287.68,2859,11.9,BUS,"36, W01"
3787,Fermata 954 - RACCONIGI,45.07586,7.64916,1393699.27,4992284.81,2495,61.4,BUS,"36, M1S, W01"
3788,Fermata 955 - RACCONIGI,45.07564,7.64905,1393690.2,4992260.52,2493,58.7,BUS,"36, M1S, W01"
3789,Fermata 956 - RIVOLI,45.07566,7.64428,1393314.78,4992269.02,2132,89.1,BUS,"36, M1S, W01"
3791,Fermata 958 - MONTE GRAPPA,45.07532,7.63595,1392658.46,4992242.27,1622,9.9,BUS,"36, M1S, W01"
3792,Fermata 959 - MONTE GRAPPA,45.07512,7.63593,1392656.51,4992220.08,1620,12.3,BUS,"36, M1S, W01"
3793,Fermata 960 - POZZO STRADA,45.07507,7.62928,1392132.97,4992223.38,967,30.0,BUS,"36, M1S, W01"
3795,Fermata 962 - MASSAUA NORD,45.07468,7.62055,1391445.06,4992191.73,636,11.5,BUS,"36, 40, M1S, W01"
3796,Fermata 963 - MASSAUA CAP,45.07458,7.62199,1391558.22,4992178.69,638,15.6,BUS,"36, 40, W01"
3797,Fermata 964 - MARCHE,45.07437,7.61361,1390898.19,4992166.63,280,34.7,BUS,"36, M1S, W01"
3798,Fermata 965 - MARCHE,45.07423,7.61351,1390890.05,4992151.22,280,33.3,BUS,"36, M1S, W01"
3803,Fermata 97 - FOLIGNO,45.10059,7.66028,1394620.06,4995017.54,3423,24.7,BUS,2
3813,Fermata 979 - SPEZIA,45.03791,7.66935,1395219.14,4988042.59,3860,20.5,BUS,"17, 18, 24, 35, 93 /, M1S, S18, S18B"
3814,Fermata 98 - FOLIGNO,45.10013,7.66025,1394616.86,4994966.48,3423,26.6,BUS,"1085, 2"
3825,Fermata 99 - TOSCANA,45.09749,7.65828,1394456.99,4994675.76,3233,21.8,BUS,"1085, 2"
3829,Fermata 991 - LESNA,45.05702,7.62554,1391804.51,4990223.19,936,232.3,BUS,66
3830,Fermata 992 - MOLISE EST,45.10011,7.63951,1392985.01,4994991.5,1991,86.8,BUS,29
3831,Fermata 993 - MOLISE EST,45.10023,7.63935,1392972.65,4995005.05,1803,71.8,BUS,29
3833,Fermata 995 - GAIDANO,45.04048,7.62301,1391574.04,4988389.14,571,79.5,BUS,"12, 40, 58, 98"
3834,Fermata 996 - GAIDANO,45.04064,7.62354,1391616.08,4988406.2,571,40.9,BUS,"12, 40, 58, 98"
3835,Fermata 997 - PASQUE PIEMONTESI,45.03925,7.62079,1391396.86,4988255.47,570,19.9,BUS,"12, 40, 58, 98"
3836,Fermata 998 - PASQUE PIEMONTESI,45.03913,7.62097,1391410.81,4988241.9,570,33.8,BUS,"12, 40, 58, 98"
3837,Fermata 999 - CIMABUE,45.03827,7.61895,1391250.08,4988149.08,379,18.5,BUS,"12, 40, 58, 98"
3621,METRO MARCHE,45.07432,7.61456,1390972.88,4992159.8,275,7.0,METRO,M1
3622,METRO MASSAUA,45.07457,7.62013,1391411.79,4992180.08,636,26.5,METRO,M1
3623,METRO POZZO STRADA,45.07493,7.62893,1392105.16,4992208.29,966,16.6,METRO,M1
3624,METRO MONTE GRAPPA,45.07521,7.63559,1392629.92,4992230.53,1620,19.7,METRO,M1
3625,METRO RIVOLI,45.07557,7.64395,1393288.63,4992259.46,2132,86.3,METRO,M1
3626,METRO RACCONIGI,45.07568,7.64826,1393628.09,4992266.0,2493,29.0,METRO,M1
3627,METRO BERNINI,45.07598,7.65568,1394212.69,4992289.59,3030,50.0,METRO,M1
3628,METRO PRINCIPI ACAJA,45.07632,7.66447,1394905.2,4992315.9,3567,20.1,METRO,M1
3630,METRO XVIII DICEMBRE,45.07419,7.66846,1395215.37,4992074.1,3932,30.2,METRO,M1
3631,METRO PORTA SUSA,45.06987,7.66477,1394916.99,4991598.98,3734,27.7,METRO,M1
3632,METRO VINZAGLIO,45.06727,7.66623,1395027.16,4991308.25,3726,26.4,METRO,M1
3633,METRO RE UMBERTO,45.06451,7.67402,1395635.4,4990991.55,4270,23.4,METRO,M1
3634,METRO PORTA NUOVA,45.06276,7.679,1396024.29,4990790.73,4652,35.7,METRO,M1
3635,METRO MARCONI,45.05713,7.67693,1395851.09,4990167.95,4445,4.9,METRO,M1
3636,METRO NIZZA,45.0514,7.67466,1395661.93,4989534.33,4432,49.2,METRO,M1
3637,METRO DANTE,45.04689,7.67288,1395513.54,4989035.61,4237,57.0,METRO,M1
3638,METRO CARDUCCI,45.0423,7.67112,1395366.56,4988527.98,4061,25.1,METRO,M1
3639,METRO SPEZIA,45.03768,7.66933,1395217.15,4988017.06,3859,21.2,METRO,M1
3640,METRO LINGOTTO,45.03077,7.6666,1394989.47,4987252.97,3674,16.1,METRO,M1
8354,METRO ITALIA61,45.02476,7.66433,1394799.64,4986588.26,3468,6.3,METRO,M1
8648,METRO BENGASI,45.01663,7.66122,1394539.69,4985689.15,3274,26.4,METRO,M1
4480,Fermata 10365 - TORINO (C.SO G.CESARE/LUNGO STURA LAZIO),45.11312,7.70761,1398366.18,4996348.9,6364,79.4,BUS,"1085, 3006, 3106, 3107, 3131, 3166, 3545, 5135"
4128,Fermata 1334 - TORINO (CENTRO COMMERCIALE),45.11964,7.71286,1398790.69,4997066.63,6557,75.0,BUS,"3006, 3107, 3166, 5135"
5285,Fermata 13459 - TORINO (C.SO STATI UNITI/C.SO RE UMBERTO) CAP,45.0626,7.67185,1395461.07,4990782.17,4261,36.0,BUS,"1085, 1510, 1511"
6018,Fermata 17336 - TORINO (STAZIONE LINGOTTO),45.02645,7.65663,1394196.13,4986786.04,2756,54.3,BUS,1085
6159,Fermata 18039 - TORINO (C.SO MARCHE-STAB.ABARTH),45.0762,7.61429,1390955.2,4992369.01,286,26.7,BUS,3382
6228,Fermata 18300 - TORINO (AUTOSTAZIONE BOLZANO ST. 7),45.07275,7.66779,1395159.99,4991915.0,3929,13.6,BUS,"3165, 3329"
8940,Fermata 18320 - ZINO ZINI CAP,45.03838,7.66189,1394632.42,4988104.48,3296,108.3,BUS,2014
6246,Fermata 20365 - TORINO (C.SO G.CESARE/LUNGO STURA LAZIO),45.11351,7.70737,1398347.99,4996392.53,6204,51.7,BUS,"1085, 3006, 3106, 3107, 3131, 3166, 3545, 5135"
7406,Fermata 25593 - TORINO (C.SO MARONCELLI),45.01779,7.66726,1395017.73,4985810.16,3647,43.0,BUS,2014
4221,Fermata 2596 - TORINO (VERONESE),45.11245,7.66305,1394859.79,4996331.48,3639,96.5,BUS,"3165, 3329"
7744,Fermata 27874 - TORINO (OSPEDALE KOELLIKER),45.04158,7.65448,1394054.69,4988469.65,2789,41.1,BUS,"1085, 1510, 1511"
7780,Fermata 28039 - TORINO (C.SO MARCHE-STAB.ABARTH),45.07599,7.61461,1390979.99,4992345.25,286,8.2,BUS,3382
8008,Fermata 3602 - TORINO (CHIESA SALUTE),45.10456,7.68196,1396333.01,4995430.53,4963,39.3,BUS,"1085, 3106"
3889,Fermata 49 - TORINO (CARDUCCI CAP),45.04202,7.67093,1395351.09,4988497.12,4060,56.8,BUS,2014
7968,Fermata 8162 - TORINO (ROCCAVIONE),45.10479,7.67693,1395937.7,4995462.55,4796,13.1,BUS,1085
7969,Fermata 8163 - TORINO (CASTELDELFINO),45.10515,7.67126,1395492.28,4995509.86,7450,48.1,BUS,1085
7970,Fermata 8164 - TORINO (ROCCAVIONE),45.10424,7.67637,1395892.64,4995402.17,4793,52.5,BUS,1085
8921,Fermata 8340 - ZINO ZINI,45.03835,7.66188,1394631.58,4988101.17,3296,111.7,BUS,2014
3908,Fermata 93 - TORINO (STRADELLA),45.10547,7.66467,1394974.42,4995553.95,3810,27.5,BUS,"1085, 3329"
116589,STAZIONE PORTA NUOVA,45.06283,7.678529999999999,1395987.41,4990799.11,4652,28.6,BUS,N/A
116590,STAZIONE PORTA SUSA,45.070678,7.664319,1394882.97,4991689.32,7392,25.4,BUS,N/A
